Copyright 1986-2022 Xilinx, Inc. All Rights Reserved. Copyright 2022-2025 Advanced Micro Devices, Inc. All Rights Reserved.
--------------------------------------------------------------------------------------------------------------------------------------------------------------------
| Tool Version : Vivado v.2025.2 (win64) Build 6299465 Fri Nov 14 19:35:11 GMT 2025
| Date         : Sun Sep 20 23:34:16 2026
| Host         : KZLap running 64-bit major release  (build 9200)
| Command      : report_methodology -file basys3_top_methodology_drc_routed.rpt -pb basys3_top_methodology_drc_routed.pb -rpx basys3_top_methodology_drc_routed.rpx
| Design       : basys3_top
| Device       : xc7a35tcpg236-1
| Speed File   : -1
| Design State : Fully Routed
--------------------------------------------------------------------------------------------------------------------------------------------------------------------

Report Methodology

Table of Contents
-----------------
1. REPORT SUMMARY
2. REPORT DETAILS

1. REPORT SUMMARY
-----------------
            Netlist: netlist
          Floorplan: design_1
      Design limits: <entire design considered>
             Max checks: <unlimited>
             Checks found: 366
+-----------+----------+--------------------------------------------+--------+
| Rule      | Severity | Description                                | Checks |
+-----------+----------+--------------------------------------------+--------+
| SYNTH-6   | Warning  | Timing of a RAM block might be sub-optimal | 10     |
| TIMING-16 | Warning  | Large setup violation                      | 311    |
| TIMING-18 | Warning  | Missing input or output delay              | 45     |
+-----------+----------+--------------------------------------------+--------+

2. REPORT DETAILS
-----------------
SYNTH-6#1 Warning
Timing of a RAM block might be sub-optimal  
The timing for the instance instr_reg, implemented as a RAM block, might be sub-optimal as no output register was merged into the block.
Related violations: <none>

SYNTH-6#2 Warning
Timing of a RAM block might be sub-optimal  
The timing for the instance u_sys/inst_kera_mem/omem_reg_0, implemented as a RAM block, might be sub-optimal as no output register was merged into the block.
Related violations: <none>

SYNTH-6#3 Warning
Timing of a RAM block might be sub-optimal  
The timing for the instance u_sys/inst_kera_mem/omem_reg_1, implemented as a RAM block, might be sub-optimal as no output register was merged into the block.
Related violations: <none>

SYNTH-6#4 Warning
Timing of a RAM block might be sub-optimal  
The timing for the instance u_sys/inst_kera_mem/omem_reg_2, implemented as a RAM block, might be sub-optimal as no output register was merged into the block.
Related violations: <none>

SYNTH-6#5 Warning
Timing of a RAM block might be sub-optimal  
The timing for the instance u_sys/inst_kera_mem/omem_reg_3, implemented as a RAM block, might be sub-optimal as no output register was merged into the block.
Related violations: <none>

SYNTH-6#6 Warning
Timing of a RAM block might be sub-optimal  
The timing for the instance u_sys/inst_kera_mem/omem_reg_4, implemented as a RAM block, might be sub-optimal as no output register was merged into the block.
Related violations: <none>

SYNTH-6#7 Warning
Timing of a RAM block might be sub-optimal  
The timing for the instance u_sys/inst_kera_mem/omem_reg_5, implemented as a RAM block, might be sub-optimal as no output register was merged into the block.
Related violations: <none>

SYNTH-6#8 Warning
Timing of a RAM block might be sub-optimal  
The timing for the instance u_sys/inst_kera_mem/omem_reg_6, implemented as a RAM block, might be sub-optimal as no output register was merged into the block.
Related violations: <none>

SYNTH-6#9 Warning
Timing of a RAM block might be sub-optimal  
The timing for the instance u_sys/inst_kera_mem/omem_reg_7, implemented as a RAM block, might be sub-optimal as no output register was merged into the block.
Related violations: <none>

SYNTH-6#10 Warning
Timing of a RAM block might be sub-optimal  
The timing for the instance u_sys/inst_kera_mem/w_lo_reg, implemented as a RAM block, might be sub-optimal as no output register was merged into the block.
Related violations: <none>

TIMING-16#1 Warning
Large setup violation  
There is a large setup violation of -1.000 ns between u_sys/inst_fifo/rp_reg[2]_rep/C (clocked by sys_clk_pin) and u_sys/inst_fifo/dout_reg[100]/D (clocked by sys_clk_pin). Large setup violations at the end of those stages might be difficult to fix during the post-placement implementation flow and could be the result of non-optimal XDC constraints or non-optimal design architecture
Related violations: <none>

TIMING-16#2 Warning
Large setup violation  
There is a large setup violation of -1.000 ns between u_sys/inst_fifo/rp_reg[2]_rep__2/C (clocked by sys_clk_pin) and u_sys/inst_fifo/dout_reg[330]/D (clocked by sys_clk_pin). Large setup violations at the end of those stages might be difficult to fix during the post-placement implementation flow and could be the result of non-optimal XDC constraints or non-optimal design architecture
Related violations: <none>

TIMING-16#3 Warning
Large setup violation  
There is a large setup violation of -1.001 ns between u_sys/inst_kera_mem/w_lo_reg/CLKARDCLK (clocked by sys_clk_pin) and u_sys/inst_sysArr/genblk1[2].processUnits[13].inst/sum_reg[28]/D (clocked by sys_clk_pin). Large setup violations at the end of those stages might be difficult to fix during the post-placement implementation flow and could be the result of non-optimal XDC constraints or non-optimal design architecture
Related violations: <none>

TIMING-16#4 Warning
Large setup violation  
There is a large setup violation of -1.001 ns between u_sys/inst_kera_mem/w_lo_reg/CLKARDCLK (clocked by sys_clk_pin) and u_sys/inst_sysArr/genblk1[3].processUnits[4].inst/sum_reg[29]/D (clocked by sys_clk_pin). Large setup violations at the end of those stages might be difficult to fix during the post-placement implementation flow and could be the result of non-optimal XDC constraints or non-optimal design architecture
Related violations: <none>

TIMING-16#5 Warning
Large setup violation  
There is a large setup violation of -1.001 ns between u_sys/inst_kera_mem/w_lo_reg/CLKARDCLK (clocked by sys_clk_pin) and u_sys/inst_sysArr/genblk1[3].processUnits[9].inst/sum_reg[30]/D (clocked by sys_clk_pin). Large setup violations at the end of those stages might be difficult to fix during the post-placement implementation flow and could be the result of non-optimal XDC constraints or non-optimal design architecture
Related violations: <none>

TIMING-16#6 Warning
Large setup violation  
There is a large setup violation of -1.002 ns between u_sys/inst_kera_mem/w_lo_reg/CLKARDCLK (clocked by sys_clk_pin) and u_sys/inst_sysArr/genblk1[4].processUnits[3].inst/sum_reg[31]/D (clocked by sys_clk_pin). Large setup violations at the end of those stages might be difficult to fix during the post-placement implementation flow and could be the result of non-optimal XDC constraints or non-optimal design architecture
Related violations: <none>

TIMING-16#7 Warning
Large setup violation  
There is a large setup violation of -1.003 ns between u_sys/inst_kera_mem/w_lo_reg/CLKBWRCLK (clocked by sys_clk_pin) and u_sys/inst_sysArr/genblk1[10].processUnits[13].inst/sum_reg[21]/D (clocked by sys_clk_pin). Large setup violations at the end of those stages might be difficult to fix during the post-placement implementation flow and could be the result of non-optimal XDC constraints or non-optimal design architecture
Related violations: <none>

TIMING-16#8 Warning
Large setup violation  
There is a large setup violation of -1.003 ns between u_sys/inst_kera_mem/w_lo_reg/CLKBWRCLK (clocked by sys_clk_pin) and u_sys/inst_sysArr/genblk1[11].processUnits[14].inst/sum_reg[31]/D (clocked by sys_clk_pin). Large setup violations at the end of those stages might be difficult to fix during the post-placement implementation flow and could be the result of non-optimal XDC constraints or non-optimal design architecture
Related violations: <none>

TIMING-16#9 Warning
Large setup violation  
There is a large setup violation of -1.004 ns between u_sys/inst_kera_mem/w_lo_reg/CLKARDCLK (clocked by sys_clk_pin) and u_sys/inst_sysArr/genblk1[1].processUnits[2].inst/sum_reg[27]/D (clocked by sys_clk_pin). Large setup violations at the end of those stages might be difficult to fix during the post-placement implementation flow and could be the result of non-optimal XDC constraints or non-optimal design architecture
Related violations: <none>

TIMING-16#10 Warning
Large setup violation  
There is a large setup violation of -1.004 ns between u_sys/inst_kera_mem/w_lo_reg/CLKARDCLK (clocked by sys_clk_pin) and u_sys/inst_sysArr/genblk1[6].processUnits[2].inst/sum_reg[25]/D (clocked by sys_clk_pin). Large setup violations at the end of those stages might be difficult to fix during the post-placement implementation flow and could be the result of non-optimal XDC constraints or non-optimal design architecture
Related violations: <none>

TIMING-16#11 Warning
Large setup violation  
There is a large setup violation of -1.004 ns between u_sys/inst_kera_mem/w_lo_reg/CLKBWRCLK (clocked by sys_clk_pin) and u_sys/inst_sysArr/genblk1[10].processUnits[4].inst/sum_reg[27]/D (clocked by sys_clk_pin). Large setup violations at the end of those stages might be difficult to fix during the post-placement implementation flow and could be the result of non-optimal XDC constraints or non-optimal design architecture
Related violations: <none>

TIMING-16#12 Warning
Large setup violation  
There is a large setup violation of -1.004 ns between u_sys/inst_kera_mem/w_lo_reg/CLKBWRCLK (clocked by sys_clk_pin) and u_sys/inst_sysArr/genblk1[11].processUnits[2].inst/sum_reg[21]/D (clocked by sys_clk_pin). Large setup violations at the end of those stages might be difficult to fix during the post-placement implementation flow and could be the result of non-optimal XDC constraints or non-optimal design architecture
Related violations: <none>

TIMING-16#13 Warning
Large setup violation  
There is a large setup violation of -1.005 ns between u_sys/inst_kera_mem/w_lo_reg/CLKARDCLK (clocked by sys_clk_pin) and u_sys/inst_sysArr/genblk1[3].processUnits[3].inst/sum_reg[31]/D (clocked by sys_clk_pin). Large setup violations at the end of those stages might be difficult to fix during the post-placement implementation flow and could be the result of non-optimal XDC constraints or non-optimal design architecture
Related violations: <none>

TIMING-16#14 Warning
Large setup violation  
There is a large setup violation of -1.005 ns between u_sys/inst_kera_mem/w_lo_reg/CLKARDCLK (clocked by sys_clk_pin) and u_sys/inst_sysArr/genblk1[6].processUnits[13].inst/sum_reg[30]/D (clocked by sys_clk_pin). Large setup violations at the end of those stages might be difficult to fix during the post-placement implementation flow and could be the result of non-optimal XDC constraints or non-optimal design architecture
Related violations: <none>

TIMING-16#15 Warning
Large setup violation  
There is a large setup violation of -1.005 ns between u_sys/inst_kera_mem/w_lo_reg/CLKBWRCLK (clocked by sys_clk_pin) and u_sys/inst_sysArr/genblk1[10].processUnits[1].inst/sum_reg[17]/D (clocked by sys_clk_pin). Large setup violations at the end of those stages might be difficult to fix during the post-placement implementation flow and could be the result of non-optimal XDC constraints or non-optimal design architecture
Related violations: <none>

TIMING-16#16 Warning
Large setup violation  
There is a large setup violation of -1.005 ns between u_sys/inst_kera_mem/w_lo_reg/CLKBWRCLK (clocked by sys_clk_pin) and u_sys/inst_sysArr/genblk1[10].processUnits[6].inst/sum_reg[30]/D (clocked by sys_clk_pin). Large setup violations at the end of those stages might be difficult to fix during the post-placement implementation flow and could be the result of non-optimal XDC constraints or non-optimal design architecture
Related violations: <none>

TIMING-16#17 Warning
Large setup violation  
There is a large setup violation of -1.006 ns between u_sys/inst_fifo/rp_reg[2]_rep__5/C (clocked by sys_clk_pin) and u_sys/inst_fifo/dout_reg[486]/D (clocked by sys_clk_pin). Large setup violations at the end of those stages might be difficult to fix during the post-placement implementation flow and could be the result of non-optimal XDC constraints or non-optimal design architecture
Related violations: <none>

TIMING-16#18 Warning
Large setup violation  
There is a large setup violation of -1.006 ns between u_sys/inst_kera_mem/w_lo_reg/CLKARDCLK (clocked by sys_clk_pin) and u_sys/inst_sysArr/genblk1[2].processUnits[8].inst/sum_reg[31]/D (clocked by sys_clk_pin). Large setup violations at the end of those stages might be difficult to fix during the post-placement implementation flow and could be the result of non-optimal XDC constraints or non-optimal design architecture
Related violations: <none>

TIMING-16#19 Warning
Large setup violation  
There is a large setup violation of -1.006 ns between u_sys/inst_kera_mem/w_lo_reg/CLKBWRCLK (clocked by sys_clk_pin) and u_sys/inst_sysArr/genblk1[10].processUnits[11].inst/sum_reg[20]/D (clocked by sys_clk_pin). Large setup violations at the end of those stages might be difficult to fix during the post-placement implementation flow and could be the result of non-optimal XDC constraints or non-optimal design architecture
Related violations: <none>

TIMING-16#20 Warning
Large setup violation  
There is a large setup violation of -1.006 ns between u_sys/inst_kera_mem/w_lo_reg/CLKBWRCLK (clocked by sys_clk_pin) and u_sys/inst_sysArr/genblk1[11].processUnits[2].inst/sum_reg[24]/D (clocked by sys_clk_pin). Large setup violations at the end of those stages might be difficult to fix during the post-placement implementation flow and could be the result of non-optimal XDC constraints or non-optimal design architecture
Related violations: <none>

TIMING-16#21 Warning
Large setup violation  
There is a large setup violation of -1.006 ns between u_sys/inst_kera_mem/w_lo_reg/CLKBWRCLK (clocked by sys_clk_pin) and u_sys/inst_sysArr/genblk1[11].processUnits[7].inst/sum_reg[31]/D (clocked by sys_clk_pin). Large setup violations at the end of those stages might be difficult to fix during the post-placement implementation flow and could be the result of non-optimal XDC constraints or non-optimal design architecture
Related violations: <none>

TIMING-16#22 Warning
Large setup violation  
There is a large setup violation of -1.006 ns between u_sys/inst_kera_mem/w_lo_reg/CLKBWRCLK (clocked by sys_clk_pin) and u_sys/inst_sysArr/genblk1[9].processUnits[6].inst/sum_reg[28]/D (clocked by sys_clk_pin). Large setup violations at the end of those stages might be difficult to fix during the post-placement implementation flow and could be the result of non-optimal XDC constraints or non-optimal design architecture
Related violations: <none>

TIMING-16#23 Warning
Large setup violation  
There is a large setup violation of -1.007 ns between u_sys/inst_fifo/rp_reg[2]_rep__2/C (clocked by sys_clk_pin) and u_sys/inst_fifo/dout_reg[351]/D (clocked by sys_clk_pin). Large setup violations at the end of those stages might be difficult to fix during the post-placement implementation flow and could be the result of non-optimal XDC constraints or non-optimal design architecture
Related violations: <none>

TIMING-16#24 Warning
Large setup violation  
There is a large setup violation of -1.007 ns between u_sys/inst_kera_mem/w_lo_reg/CLKARDCLK (clocked by sys_clk_pin) and u_sys/inst_sysArr/genblk1[1].processUnits[11].inst/sum_reg[30]/D (clocked by sys_clk_pin). Large setup violations at the end of those stages might be difficult to fix during the post-placement implementation flow and could be the result of non-optimal XDC constraints or non-optimal design architecture
Related violations: <none>

TIMING-16#25 Warning
Large setup violation  
There is a large setup violation of -1.007 ns between u_sys/inst_kera_mem/w_lo_reg/CLKARDCLK (clocked by sys_clk_pin) and u_sys/inst_sysArr/genblk1[6].processUnits[11].inst/sum_reg[30]/D (clocked by sys_clk_pin). Large setup violations at the end of those stages might be difficult to fix during the post-placement implementation flow and could be the result of non-optimal XDC constraints or non-optimal design architecture
Related violations: <none>

TIMING-16#26 Warning
Large setup violation  
There is a large setup violation of -1.007 ns between u_sys/inst_kera_mem/w_lo_reg/CLKBWRCLK (clocked by sys_clk_pin) and u_sys/inst_sysArr/genblk1[10].processUnits[13].inst/sum_reg[24]/D (clocked by sys_clk_pin). Large setup violations at the end of those stages might be difficult to fix during the post-placement implementation flow and could be the result of non-optimal XDC constraints or non-optimal design architecture
Related violations: <none>

TIMING-16#27 Warning
Large setup violation  
There is a large setup violation of -1.007 ns between u_sys/inst_kera_mem/w_lo_reg/CLKBWRCLK (clocked by sys_clk_pin) and u_sys/inst_sysArr/genblk1[10].processUnits[14].inst/sum_reg[30]/D (clocked by sys_clk_pin). Large setup violations at the end of those stages might be difficult to fix during the post-placement implementation flow and could be the result of non-optimal XDC constraints or non-optimal design architecture
Related violations: <none>

TIMING-16#28 Warning
Large setup violation  
There is a large setup violation of -1.008 ns between u_sys/inst_kera_mem/w_lo_reg/CLKARDCLK (clocked by sys_clk_pin) and u_sys/inst_sysArr/genblk1[1].processUnits[1].inst/sum_reg[29]/D (clocked by sys_clk_pin). Large setup violations at the end of those stages might be difficult to fix during the post-placement implementation flow and could be the result of non-optimal XDC constraints or non-optimal design architecture
Related violations: <none>

TIMING-16#29 Warning
Large setup violation  
There is a large setup violation of -1.008 ns between u_sys/inst_kera_mem/w_lo_reg/CLKARDCLK (clocked by sys_clk_pin) and u_sys/inst_sysArr/genblk1[1].processUnits[3].inst/sum_reg[31]/D (clocked by sys_clk_pin). Large setup violations at the end of those stages might be difficult to fix during the post-placement implementation flow and could be the result of non-optimal XDC constraints or non-optimal design architecture
Related violations: <none>

TIMING-16#30 Warning
Large setup violation  
There is a large setup violation of -1.008 ns between u_sys/inst_kera_mem/w_lo_reg/CLKARDCLK (clocked by sys_clk_pin) and u_sys/inst_sysArr/genblk1[3].processUnits[8].inst/sum_reg[29]/D (clocked by sys_clk_pin). Large setup violations at the end of those stages might be difficult to fix during the post-placement implementation flow and could be the result of non-optimal XDC constraints or non-optimal design architecture
Related violations: <none>

TIMING-16#31 Warning
Large setup violation  
There is a large setup violation of -1.008 ns between u_sys/inst_kera_mem/w_lo_reg/CLKBWRCLK (clocked by sys_clk_pin) and u_sys/inst_sysArr/genblk1[10].processUnits[0].inst/sum_reg[28]/D (clocked by sys_clk_pin). Large setup violations at the end of those stages might be difficult to fix during the post-placement implementation flow and could be the result of non-optimal XDC constraints or non-optimal design architecture
Related violations: <none>

TIMING-16#32 Warning
Large setup violation  
There is a large setup violation of -1.008 ns between u_sys/inst_kera_mem/w_lo_reg/CLKBWRCLK (clocked by sys_clk_pin) and u_sys/inst_sysArr/genblk1[10].processUnits[1].inst/sum_reg[20]/D (clocked by sys_clk_pin). Large setup violations at the end of those stages might be difficult to fix during the post-placement implementation flow and could be the result of non-optimal XDC constraints or non-optimal design architecture
Related violations: <none>

TIMING-16#33 Warning
Large setup violation  
There is a large setup violation of -1.008 ns between u_sys/inst_kera_mem/w_lo_reg/CLKBWRCLK (clocked by sys_clk_pin) and u_sys/inst_sysArr/genblk1[11].processUnits[12].inst/sum_reg[31]/D (clocked by sys_clk_pin). Large setup violations at the end of those stages might be difficult to fix during the post-placement implementation flow and could be the result of non-optimal XDC constraints or non-optimal design architecture
Related violations: <none>

TIMING-16#34 Warning
Large setup violation  
There is a large setup violation of -1.008 ns between u_sys/inst_kera_mem/w_lo_reg/CLKBWRCLK (clocked by sys_clk_pin) and u_sys/inst_sysArr/genblk1[14].processUnits[12].inst/sum_reg[31]/D (clocked by sys_clk_pin). Large setup violations at the end of those stages might be difficult to fix during the post-placement implementation flow and could be the result of non-optimal XDC constraints or non-optimal design architecture
Related violations: <none>

TIMING-16#35 Warning
Large setup violation  
There is a large setup violation of -1.009 ns between u_sys/inst_fifo/rp_reg[2]_rep__2/C (clocked by sys_clk_pin) and u_sys/inst_fifo/dout_reg[336]/D (clocked by sys_clk_pin). Large setup violations at the end of those stages might be difficult to fix during the post-placement implementation flow and could be the result of non-optimal XDC constraints or non-optimal design architecture
Related violations: <none>

TIMING-16#36 Warning
Large setup violation  
There is a large setup violation of -1.009 ns between u_sys/inst_kera_mem/w_lo_reg/CLKARDCLK (clocked by sys_clk_pin) and u_sys/inst_sysArr/genblk1[2].processUnits[7].inst/sum_reg[31]/D (clocked by sys_clk_pin). Large setup violations at the end of those stages might be difficult to fix during the post-placement implementation flow and could be the result of non-optimal XDC constraints or non-optimal design architecture
Related violations: <none>

TIMING-16#37 Warning
Large setup violation  
There is a large setup violation of -1.009 ns between u_sys/inst_kera_mem/w_lo_reg/CLKBWRCLK (clocked by sys_clk_pin) and u_sys/inst_sysArr/genblk1[13].processUnits[8].inst/sum_reg[29]/D (clocked by sys_clk_pin). Large setup violations at the end of those stages might be difficult to fix during the post-placement implementation flow and could be the result of non-optimal XDC constraints or non-optimal design architecture
Related violations: <none>

TIMING-16#38 Warning
Large setup violation  
There is a large setup violation of -1.010 ns between u_sys/inst_fifo/rp_reg[2]_rep__3/C (clocked by sys_clk_pin) and u_sys/inst_fifo/dout_reg[394]/D (clocked by sys_clk_pin). Large setup violations at the end of those stages might be difficult to fix during the post-placement implementation flow and could be the result of non-optimal XDC constraints or non-optimal design architecture
Related violations: <none>

TIMING-16#39 Warning
Large setup violation  
There is a large setup violation of -1.010 ns between u_sys/inst_kera_mem/w_lo_reg/CLKARDCLK (clocked by sys_clk_pin) and u_sys/inst_sysArr/genblk1[6].processUnits[1].inst/sum_reg[29]/D (clocked by sys_clk_pin). Large setup violations at the end of those stages might be difficult to fix during the post-placement implementation flow and could be the result of non-optimal XDC constraints or non-optimal design architecture
Related violations: <none>

TIMING-16#40 Warning
Large setup violation  
There is a large setup violation of -1.010 ns between u_sys/inst_kera_mem/w_lo_reg/CLKBWRCLK (clocked by sys_clk_pin) and u_sys/inst_sysArr/genblk1[9].processUnits[14].inst/sum_reg[30]/D (clocked by sys_clk_pin). Large setup violations at the end of those stages might be difficult to fix during the post-placement implementation flow and could be the result of non-optimal XDC constraints or non-optimal design architecture
Related violations: <none>

TIMING-16#41 Warning
Large setup violation  
There is a large setup violation of -1.011 ns between u_sys/inst_kera_mem/w_lo_reg/CLKARDCLK (clocked by sys_clk_pin) and u_sys/inst_sysArr/genblk1[1].processUnits[5].inst/sum_reg[30]/D (clocked by sys_clk_pin). Large setup violations at the end of those stages might be difficult to fix during the post-placement implementation flow and could be the result of non-optimal XDC constraints or non-optimal design architecture
Related violations: <none>

TIMING-16#42 Warning
Large setup violation  
There is a large setup violation of -1.011 ns between u_sys/inst_kera_mem/w_lo_reg/CLKARDCLK (clocked by sys_clk_pin) and u_sys/inst_sysArr/genblk1[2].processUnits[1].inst/sum_reg[31]/D (clocked by sys_clk_pin). Large setup violations at the end of those stages might be difficult to fix during the post-placement implementation flow and could be the result of non-optimal XDC constraints or non-optimal design architecture
Related violations: <none>

TIMING-16#43 Warning
Large setup violation  
There is a large setup violation of -1.011 ns between u_sys/inst_kera_mem/w_lo_reg/CLKBWRCLK (clocked by sys_clk_pin) and u_sys/inst_sysArr/genblk1[11].processUnits[14].inst/sum_reg[29]/D (clocked by sys_clk_pin). Large setup violations at the end of those stages might be difficult to fix during the post-placement implementation flow and could be the result of non-optimal XDC constraints or non-optimal design architecture
Related violations: <none>

TIMING-16#44 Warning
Large setup violation  
There is a large setup violation of -1.012 ns between u_sys/inst_kera_mem/w_lo_reg/CLKBWRCLK (clocked by sys_clk_pin) and u_sys/inst_sysArr/genblk1[10].processUnits[15].inst/sum_reg[21]/D (clocked by sys_clk_pin). Large setup violations at the end of those stages might be difficult to fix during the post-placement implementation flow and could be the result of non-optimal XDC constraints or non-optimal design architecture
Related violations: <none>

TIMING-16#45 Warning
Large setup violation  
There is a large setup violation of -1.012 ns between u_sys/inst_kera_mem/w_lo_reg/CLKBWRCLK (clocked by sys_clk_pin) and u_sys/inst_sysArr/genblk1[10].processUnits[4].inst/sum_reg[25]/D (clocked by sys_clk_pin). Large setup violations at the end of those stages might be difficult to fix during the post-placement implementation flow and could be the result of non-optimal XDC constraints or non-optimal design architecture
Related violations: <none>

TIMING-16#46 Warning
Large setup violation  
There is a large setup violation of -1.012 ns between u_sys/inst_kera_mem/w_lo_reg/CLKBWRCLK (clocked by sys_clk_pin) and u_sys/inst_sysArr/genblk1[11].processUnits[13].inst/sum_reg[25]/D (clocked by sys_clk_pin). Large setup violations at the end of those stages might be difficult to fix during the post-placement implementation flow and could be the result of non-optimal XDC constraints or non-optimal design architecture
Related violations: <none>

TIMING-16#47 Warning
Large setup violation  
There is a large setup violation of -1.013 ns between u_sys/inst_kera_mem/w_lo_reg/CLKARDCLK (clocked by sys_clk_pin) and u_sys/inst_sysArr/genblk1[2].processUnits[15].inst/sum_reg[30]/D (clocked by sys_clk_pin). Large setup violations at the end of those stages might be difficult to fix during the post-placement implementation flow and could be the result of non-optimal XDC constraints or non-optimal design architecture
Related violations: <none>

TIMING-16#48 Warning
Large setup violation  
There is a large setup violation of -1.013 ns between u_sys/inst_kera_mem/w_lo_reg/CLKARDCLK (clocked by sys_clk_pin) and u_sys/inst_sysArr/genblk1[3].processUnits[3].inst/sum_reg[29]/D (clocked by sys_clk_pin). Large setup violations at the end of those stages might be difficult to fix during the post-placement implementation flow and could be the result of non-optimal XDC constraints or non-optimal design architecture
Related violations: <none>

TIMING-16#49 Warning
Large setup violation  
There is a large setup violation of -1.013 ns between u_sys/inst_kera_mem/w_lo_reg/CLKBWRCLK (clocked by sys_clk_pin) and u_sys/inst_sysArr/genblk1[10].processUnits[7].inst/sum_reg[25]/D (clocked by sys_clk_pin). Large setup violations at the end of those stages might be difficult to fix during the post-placement implementation flow and could be the result of non-optimal XDC constraints or non-optimal design architecture
Related violations: <none>

TIMING-16#50 Warning
Large setup violation  
There is a large setup violation of -1.013 ns between u_sys/inst_kera_mem/w_lo_reg/CLKBWRCLK (clocked by sys_clk_pin) and u_sys/inst_sysArr/genblk1[13].processUnits[10].inst/sum_reg[29]/D (clocked by sys_clk_pin). Large setup violations at the end of those stages might be difficult to fix during the post-placement implementation flow and could be the result of non-optimal XDC constraints or non-optimal design architecture
Related violations: <none>

TIMING-16#51 Warning
Large setup violation  
There is a large setup violation of -1.013 ns between u_sys/inst_kera_mem/w_lo_reg/CLKBWRCLK (clocked by sys_clk_pin) and u_sys/inst_sysArr/genblk1[14].processUnits[3].inst/sum_reg[29]/D (clocked by sys_clk_pin). Large setup violations at the end of those stages might be difficult to fix during the post-placement implementation flow and could be the result of non-optimal XDC constraints or non-optimal design architecture
Related violations: <none>

TIMING-16#52 Warning
Large setup violation  
There is a large setup violation of -1.014 ns between u_sys/inst_kera_mem/w_lo_reg/CLKBWRCLK (clocked by sys_clk_pin) and u_sys/inst_sysArr/genblk1[11].processUnits[7].inst/sum_reg[29]/D (clocked by sys_clk_pin). Large setup violations at the end of those stages might be difficult to fix during the post-placement implementation flow and could be the result of non-optimal XDC constraints or non-optimal design architecture
Related violations: <none>

TIMING-16#53 Warning
Large setup violation  
There is a large setup violation of -1.015 ns between u_sys/inst_kera_mem/w_lo_reg/CLKARDCLK (clocked by sys_clk_pin) and u_sys/inst_sysArr/genblk1[6].processUnits[2].inst/sum_reg[28]/D (clocked by sys_clk_pin). Large setup violations at the end of those stages might be difficult to fix during the post-placement implementation flow and could be the result of non-optimal XDC constraints or non-optimal design architecture
Related violations: <none>

TIMING-16#54 Warning
Large setup violation  
There is a large setup violation of -1.015 ns between u_sys/inst_kera_mem/w_lo_reg/CLKBWRCLK (clocked by sys_clk_pin) and u_sys/inst_sysArr/genblk1[10].processUnits[15].inst/sum_reg[24]/D (clocked by sys_clk_pin). Large setup violations at the end of those stages might be difficult to fix during the post-placement implementation flow and could be the result of non-optimal XDC constraints or non-optimal design architecture
Related violations: <none>

TIMING-16#55 Warning
Large setup violation  
There is a large setup violation of -1.016 ns between u_sys/inst_kera_mem/w_lo_reg/CLKARDCLK (clocked by sys_clk_pin) and u_sys/inst_sysArr/genblk1[1].processUnits[12].inst/sum_reg[30]/D (clocked by sys_clk_pin). Large setup violations at the end of those stages might be difficult to fix during the post-placement implementation flow and could be the result of non-optimal XDC constraints or non-optimal design architecture
Related violations: <none>

TIMING-16#56 Warning
Large setup violation  
There is a large setup violation of -1.016 ns between u_sys/inst_kera_mem/w_lo_reg/CLKARDCLK (clocked by sys_clk_pin) and u_sys/inst_sysArr/genblk1[1].processUnits[3].inst/sum_reg[29]/D (clocked by sys_clk_pin). Large setup violations at the end of those stages might be difficult to fix during the post-placement implementation flow and could be the result of non-optimal XDC constraints or non-optimal design architecture
Related violations: <none>

TIMING-16#57 Warning
Large setup violation  
There is a large setup violation of -1.016 ns between u_sys/inst_kera_mem/w_lo_reg/CLKARDCLK (clocked by sys_clk_pin) and u_sys/inst_sysArr/genblk1[3].processUnits[7].inst/sum_reg[31]/D (clocked by sys_clk_pin). Large setup violations at the end of those stages might be difficult to fix during the post-placement implementation flow and could be the result of non-optimal XDC constraints or non-optimal design architecture
Related violations: <none>

TIMING-16#58 Warning
Large setup violation  
There is a large setup violation of -1.016 ns between u_sys/inst_kera_mem/w_lo_reg/CLKBWRCLK (clocked by sys_clk_pin) and u_sys/inst_sysArr/genblk1[10].processUnits[10].inst/sum_reg[23]/D (clocked by sys_clk_pin). Large setup violations at the end of those stages might be difficult to fix during the post-placement implementation flow and could be the result of non-optimal XDC constraints or non-optimal design architecture
Related violations: <none>

TIMING-16#59 Warning
Large setup violation  
There is a large setup violation of -1.016 ns between u_sys/inst_kera_mem/w_lo_reg/CLKBWRCLK (clocked by sys_clk_pin) and u_sys/inst_sysArr/genblk1[10].processUnits[7].inst/sum_reg[28]/D (clocked by sys_clk_pin). Large setup violations at the end of those stages might be difficult to fix during the post-placement implementation flow and could be the result of non-optimal XDC constraints or non-optimal design architecture
Related violations: <none>

TIMING-16#60 Warning
Large setup violation  
There is a large setup violation of -1.016 ns between u_sys/inst_kera_mem/w_lo_reg/CLKBWRCLK (clocked by sys_clk_pin) and u_sys/inst_sysArr/genblk1[11].processUnits[12].inst/sum_reg[29]/D (clocked by sys_clk_pin). Large setup violations at the end of those stages might be difficult to fix during the post-placement implementation flow and could be the result of non-optimal XDC constraints or non-optimal design architecture
Related violations: <none>

TIMING-16#61 Warning
Large setup violation  
There is a large setup violation of -1.016 ns between u_sys/inst_kera_mem/w_lo_reg/CLKBWRCLK (clocked by sys_clk_pin) and u_sys/inst_sysArr/genblk1[11].processUnits[13].inst/sum_reg[28]/D (clocked by sys_clk_pin). Large setup violations at the end of those stages might be difficult to fix during the post-placement implementation flow and could be the result of non-optimal XDC constraints or non-optimal design architecture
Related violations: <none>

TIMING-16#62 Warning
Large setup violation  
There is a large setup violation of -1.017 ns between u_sys/inst_kera_mem/w_lo_reg/CLKARDCLK (clocked by sys_clk_pin) and u_sys/inst_sysArr/genblk1[2].processUnits[13].inst/sum_reg[30]/D (clocked by sys_clk_pin). Large setup violations at the end of those stages might be difficult to fix during the post-placement implementation flow and could be the result of non-optimal XDC constraints or non-optimal design architecture
Related violations: <none>

TIMING-16#63 Warning
Large setup violation  
There is a large setup violation of -1.019 ns between u_sys/inst_kera_mem/w_lo_reg/CLKARDCLK (clocked by sys_clk_pin) and u_sys/inst_sysArr/genblk1[2].processUnits[3].inst/sum_reg[31]/D (clocked by sys_clk_pin). Large setup violations at the end of those stages might be difficult to fix during the post-placement implementation flow and could be the result of non-optimal XDC constraints or non-optimal design architecture
Related violations: <none>

TIMING-16#64 Warning
Large setup violation  
There is a large setup violation of -1.019 ns between u_sys/inst_kera_mem/w_lo_reg/CLKARDCLK (clocked by sys_clk_pin) and u_sys/inst_sysArr/genblk1[3].processUnits[12].inst/sum_reg[31]/D (clocked by sys_clk_pin). Large setup violations at the end of those stages might be difficult to fix during the post-placement implementation flow and could be the result of non-optimal XDC constraints or non-optimal design architecture
Related violations: <none>

TIMING-16#65 Warning
Large setup violation  
There is a large setup violation of -1.020 ns between u_sys/inst_kera_mem/w_lo_reg/CLKBWRCLK (clocked by sys_clk_pin) and u_sys/inst_sysArr/genblk1[14].processUnits[8].inst/sum_reg[29]/D (clocked by sys_clk_pin). Large setup violations at the end of those stages might be difficult to fix during the post-placement implementation flow and could be the result of non-optimal XDC constraints or non-optimal design architecture
Related violations: <none>

TIMING-16#66 Warning
Large setup violation  
There is a large setup violation of -1.022 ns between u_sys/inst_kera_mem/w_lo_reg/CLKBWRCLK (clocked by sys_clk_pin) and u_sys/inst_sysArr/genblk1[11].processUnits[2].inst/sum_reg[26]/D (clocked by sys_clk_pin). Large setup violations at the end of those stages might be difficult to fix during the post-placement implementation flow and could be the result of non-optimal XDC constraints or non-optimal design architecture
Related violations: <none>

TIMING-16#67 Warning
Large setup violation  
There is a large setup violation of -1.022 ns between u_sys/inst_kera_mem/w_lo_reg/CLKBWRCLK (clocked by sys_clk_pin) and u_sys/inst_sysArr/genblk1[11].processUnits[9].inst/sum_reg[31]/D (clocked by sys_clk_pin). Large setup violations at the end of those stages might be difficult to fix during the post-placement implementation flow and could be the result of non-optimal XDC constraints or non-optimal design architecture
Related violations: <none>

TIMING-16#68 Warning
Large setup violation  
There is a large setup violation of -1.023 ns between u_sys/inst_kera_mem/w_lo_reg/CLKARDCLK (clocked by sys_clk_pin) and u_sys/inst_sysArr/genblk1[2].processUnits[11].inst/sum_reg[31]/D (clocked by sys_clk_pin). Large setup violations at the end of those stages might be difficult to fix during the post-placement implementation flow and could be the result of non-optimal XDC constraints or non-optimal design architecture
Related violations: <none>

TIMING-16#69 Warning
Large setup violation  
There is a large setup violation of -1.023 ns between u_sys/inst_kera_mem/w_lo_reg/CLKARDCLK (clocked by sys_clk_pin) and u_sys/inst_sysArr/genblk1[4].processUnits[3].inst/sum_reg[29]/D (clocked by sys_clk_pin). Large setup violations at the end of those stages might be difficult to fix during the post-placement implementation flow and could be the result of non-optimal XDC constraints or non-optimal design architecture
Related violations: <none>

TIMING-16#70 Warning
Large setup violation  
There is a large setup violation of -1.023 ns between u_sys/inst_kera_mem/w_lo_reg/CLKBWRCLK (clocked by sys_clk_pin) and u_sys/inst_sysArr/genblk1[10].processUnits[13].inst/sum_reg[26]/D (clocked by sys_clk_pin). Large setup violations at the end of those stages might be difficult to fix during the post-placement implementation flow and could be the result of non-optimal XDC constraints or non-optimal design architecture
Related violations: <none>

TIMING-16#71 Warning
Large setup violation  
There is a large setup violation of -1.024 ns between u_sys/inst_kera_mem/w_lo_reg/CLKARDCLK (clocked by sys_clk_pin) and u_sys/inst_sysArr/genblk1[3].processUnits[7].inst/sum_reg[29]/D (clocked by sys_clk_pin). Large setup violations at the end of those stages might be difficult to fix during the post-placement implementation flow and could be the result of non-optimal XDC constraints or non-optimal design architecture
Related violations: <none>

TIMING-16#72 Warning
Large setup violation  
There is a large setup violation of -1.024 ns between u_sys/inst_kera_mem/w_lo_reg/CLKBWRCLK (clocked by sys_clk_pin) and u_sys/inst_sysArr/genblk1[10].processUnits[1].inst/sum_reg[22]/D (clocked by sys_clk_pin). Large setup violations at the end of those stages might be difficult to fix during the post-placement implementation flow and could be the result of non-optimal XDC constraints or non-optimal design architecture
Related violations: <none>

TIMING-16#73 Warning
Large setup violation  
There is a large setup violation of -1.025 ns between u_sys/inst_kera_mem/w_lo_reg/CLKARDCLK (clocked by sys_clk_pin) and u_sys/inst_sysArr/genblk1[1].processUnits[2].inst/sum_reg[25]/D (clocked by sys_clk_pin). Large setup violations at the end of those stages might be difficult to fix during the post-placement implementation flow and could be the result of non-optimal XDC constraints or non-optimal design architecture
Related violations: <none>

TIMING-16#74 Warning
Large setup violation  
There is a large setup violation of -1.025 ns between u_sys/inst_kera_mem/w_lo_reg/CLKBWRCLK (clocked by sys_clk_pin) and u_sys/inst_sysArr/genblk1[10].processUnits[4].inst/sum_reg[28]/D (clocked by sys_clk_pin). Large setup violations at the end of those stages might be difficult to fix during the post-placement implementation flow and could be the result of non-optimal XDC constraints or non-optimal design architecture
Related violations: <none>

TIMING-16#75 Warning
Large setup violation  
There is a large setup violation of -1.026 ns between u_sys/inst_kera_mem/w_lo_reg/CLKARDCLK (clocked by sys_clk_pin) and u_sys/inst_sysArr/genblk1[4].processUnits[1].inst/sum_reg[31]/D (clocked by sys_clk_pin). Large setup violations at the end of those stages might be difficult to fix during the post-placement implementation flow and could be the result of non-optimal XDC constraints or non-optimal design architecture
Related violations: <none>

TIMING-16#76 Warning
Large setup violation  
There is a large setup violation of -1.026 ns between u_sys/inst_kera_mem/w_lo_reg/CLKBWRCLK (clocked by sys_clk_pin) and u_sys/inst_sysArr/genblk1[10].processUnits[11].inst/sum_reg[22]/D (clocked by sys_clk_pin). Large setup violations at the end of those stages might be difficult to fix during the post-placement implementation flow and could be the result of non-optimal XDC constraints or non-optimal design architecture
Related violations: <none>

TIMING-16#77 Warning
Large setup violation  
There is a large setup violation of -1.026 ns between u_sys/inst_kera_mem/w_lo_reg/CLKBWRCLK (clocked by sys_clk_pin) and u_sys/inst_sysArr/genblk1[9].processUnits[6].inst/sum_reg[30]/D (clocked by sys_clk_pin). Large setup violations at the end of those stages might be difficult to fix during the post-placement implementation flow and could be the result of non-optimal XDC constraints or non-optimal design architecture
Related violations: <none>

TIMING-16#78 Warning
Large setup violation  
There is a large setup violation of -1.027 ns between u_sys/inst_kera_mem/w_lo_reg/CLKARDCLK (clocked by sys_clk_pin) and u_sys/inst_sysArr/genblk1[2].processUnits[3].inst/sum_reg[29]/D (clocked by sys_clk_pin). Large setup violations at the end of those stages might be difficult to fix during the post-placement implementation flow and could be the result of non-optimal XDC constraints or non-optimal design architecture
Related violations: <none>

TIMING-16#79 Warning
Large setup violation  
There is a large setup violation of -1.027 ns between u_sys/inst_kera_mem/w_lo_reg/CLKARDCLK (clocked by sys_clk_pin) and u_sys/inst_sysArr/genblk1[2].processUnits[8].inst/sum_reg[29]/D (clocked by sys_clk_pin). Large setup violations at the end of those stages might be difficult to fix during the post-placement implementation flow and could be the result of non-optimal XDC constraints or non-optimal design architecture
Related violations: <none>

TIMING-16#80 Warning
Large setup violation  
There is a large setup violation of -1.028 ns between u_sys/inst_fifo/rp_reg[2]_rep__2/C (clocked by sys_clk_pin) and u_sys/inst_fifo/dout_reg[333]/D (clocked by sys_clk_pin). Large setup violations at the end of those stages might be difficult to fix during the post-placement implementation flow and could be the result of non-optimal XDC constraints or non-optimal design architecture
Related violations: <none>

TIMING-16#81 Warning
Large setup violation  
There is a large setup violation of -1.028 ns between u_sys/inst_kera_mem/w_lo_reg/CLKBWRCLK (clocked by sys_clk_pin) and u_sys/inst_sysArr/genblk1[10].processUnits[0].inst/sum_reg[30]/D (clocked by sys_clk_pin). Large setup violations at the end of those stages might be difficult to fix during the post-placement implementation flow and could be the result of non-optimal XDC constraints or non-optimal design architecture
Related violations: <none>

TIMING-16#82 Warning
Large setup violation  
There is a large setup violation of -1.028 ns between u_sys/inst_kera_mem/w_lo_reg/CLKBWRCLK (clocked by sys_clk_pin) and u_sys/inst_sysArr/genblk1[14].processUnits[4].inst/sum_reg[31]/D (clocked by sys_clk_pin). Large setup violations at the end of those stages might be difficult to fix during the post-placement implementation flow and could be the result of non-optimal XDC constraints or non-optimal design architecture
Related violations: <none>

TIMING-16#83 Warning
Large setup violation  
There is a large setup violation of -1.029 ns between u_sys/inst_kera_mem/w_lo_reg/CLKARDCLK (clocked by sys_clk_pin) and u_sys/inst_sysArr/genblk1[1].processUnits[13].inst/sum_reg[27]/D (clocked by sys_clk_pin). Large setup violations at the end of those stages might be difficult to fix during the post-placement implementation flow and could be the result of non-optimal XDC constraints or non-optimal design architecture
Related violations: <none>

TIMING-16#84 Warning
Large setup violation  
There is a large setup violation of -1.029 ns between u_sys/inst_kera_mem/w_lo_reg/CLKARDCLK (clocked by sys_clk_pin) and u_sys/inst_sysArr/genblk1[1].processUnits[2].inst/sum_reg[28]/D (clocked by sys_clk_pin). Large setup violations at the end of those stages might be difficult to fix during the post-placement implementation flow and could be the result of non-optimal XDC constraints or non-optimal design architecture
Related violations: <none>

TIMING-16#85 Warning
Large setup violation  
There is a large setup violation of -1.029 ns between u_sys/inst_kera_mem/w_lo_reg/CLKARDCLK (clocked by sys_clk_pin) and u_sys/inst_sysArr/genblk1[1].processUnits[6].inst/sum_reg[23]/D (clocked by sys_clk_pin). Large setup violations at the end of those stages might be difficult to fix during the post-placement implementation flow and could be the result of non-optimal XDC constraints or non-optimal design architecture
Related violations: <none>

TIMING-16#86 Warning
Large setup violation  
There is a large setup violation of -1.029 ns between u_sys/inst_kera_mem/w_lo_reg/CLKBWRCLK (clocked by sys_clk_pin) and u_sys/inst_sysArr/genblk1[14].processUnits[12].inst/sum_reg[29]/D (clocked by sys_clk_pin). Large setup violations at the end of those stages might be difficult to fix during the post-placement implementation flow and could be the result of non-optimal XDC constraints or non-optimal design architecture
Related violations: <none>

TIMING-16#87 Warning
Large setup violation  
There is a large setup violation of -1.030 ns between u_sys/inst_kera_mem/w_lo_reg/CLKARDCLK (clocked by sys_clk_pin) and u_sys/inst_sysArr/genblk1[2].processUnits[7].inst/sum_reg[29]/D (clocked by sys_clk_pin). Large setup violations at the end of those stages might be difficult to fix during the post-placement implementation flow and could be the result of non-optimal XDC constraints or non-optimal design architecture
Related violations: <none>

TIMING-16#88 Warning
Large setup violation  
There is a large setup violation of -1.031 ns between u_sys/inst_kera_mem/w_lo_reg/CLKARDCLK (clocked by sys_clk_pin) and u_sys/inst_sysArr/genblk1[3].processUnits[5].inst/sum_reg[31]/D (clocked by sys_clk_pin). Large setup violations at the end of those stages might be difficult to fix during the post-placement implementation flow and could be the result of non-optimal XDC constraints or non-optimal design architecture
Related violations: <none>

TIMING-16#89 Warning
Large setup violation  
There is a large setup violation of -1.031 ns between u_sys/inst_kera_mem/w_lo_reg/CLKBWRCLK (clocked by sys_clk_pin) and u_sys/inst_sysArr/genblk1[10].processUnits[15].inst/sum_reg[26]/D (clocked by sys_clk_pin). Large setup violations at the end of those stages might be difficult to fix during the post-placement implementation flow and could be the result of non-optimal XDC constraints or non-optimal design architecture
Related violations: <none>

TIMING-16#90 Warning
Large setup violation  
There is a large setup violation of -1.032 ns between u_sys/inst_kera_mem/w_lo_reg/CLKARDCLK (clocked by sys_clk_pin) and u_sys/inst_sysArr/genblk1[2].processUnits[1].inst/sum_reg[29]/D (clocked by sys_clk_pin). Large setup violations at the end of those stages might be difficult to fix during the post-placement implementation flow and could be the result of non-optimal XDC constraints or non-optimal design architecture
Related violations: <none>

TIMING-16#91 Warning
Large setup violation  
There is a large setup violation of -1.032 ns between u_sys/inst_kera_mem/w_lo_reg/CLKBWRCLK (clocked by sys_clk_pin) and u_sys/inst_sysArr/genblk1[10].processUnits[7].inst/sum_reg[30]/D (clocked by sys_clk_pin). Large setup violations at the end of those stages might be difficult to fix during the post-placement implementation flow and could be the result of non-optimal XDC constraints or non-optimal design architecture
Related violations: <none>

TIMING-16#92 Warning
Large setup violation  
There is a large setup violation of -1.032 ns between u_sys/inst_kera_mem/w_lo_reg/CLKBWRCLK (clocked by sys_clk_pin) and u_sys/inst_sysArr/genblk1[11].processUnits[13].inst/sum_reg[30]/D (clocked by sys_clk_pin). Large setup violations at the end of those stages might be difficult to fix during the post-placement implementation flow and could be the result of non-optimal XDC constraints or non-optimal design architecture
Related violations: <none>

TIMING-16#93 Warning
Large setup violation  
There is a large setup violation of -1.035 ns between u_sys/inst_kera_mem/w_lo_reg/CLKARDCLK (clocked by sys_clk_pin) and u_sys/inst_sysArr/genblk1[6].processUnits[2].inst/sum_reg[30]/D (clocked by sys_clk_pin). Large setup violations at the end of those stages might be difficult to fix during the post-placement implementation flow and could be the result of non-optimal XDC constraints or non-optimal design architecture
Related violations: <none>

TIMING-16#94 Warning
Large setup violation  
There is a large setup violation of -1.035 ns between u_sys/inst_kera_mem/w_lo_reg/CLKBWRCLK (clocked by sys_clk_pin) and u_sys/inst_sysArr/genblk1[11].processUnits[0].inst/sum_reg[31]/D (clocked by sys_clk_pin). Large setup violations at the end of those stages might be difficult to fix during the post-placement implementation flow and could be the result of non-optimal XDC constraints or non-optimal design architecture
Related violations: <none>

TIMING-16#95 Warning
Large setup violation  
There is a large setup violation of -1.036 ns between u_sys/inst_kera_mem/w_lo_reg/CLKBWRCLK (clocked by sys_clk_pin) and u_sys/inst_sysArr/genblk1[10].processUnits[2].inst/sum_reg[15]/D (clocked by sys_clk_pin). Large setup violations at the end of those stages might be difficult to fix during the post-placement implementation flow and could be the result of non-optimal XDC constraints or non-optimal design architecture
Related violations: <none>

TIMING-16#96 Warning
Large setup violation  
There is a large setup violation of -1.037 ns between u_sys/inst_kera_mem/w_lo_reg/CLKBWRCLK (clocked by sys_clk_pin) and u_sys/inst_sysArr/genblk1[10].processUnits[10].inst/sum_reg[21]/D (clocked by sys_clk_pin). Large setup violations at the end of those stages might be difficult to fix during the post-placement implementation flow and could be the result of non-optimal XDC constraints or non-optimal design architecture
Related violations: <none>

TIMING-16#97 Warning
Large setup violation  
There is a large setup violation of -1.037 ns between u_sys/inst_kera_mem/w_lo_reg/CLKBWRCLK (clocked by sys_clk_pin) and u_sys/inst_sysArr/genblk1[11].processUnits[8].inst/sum_reg[31]/D (clocked by sys_clk_pin). Large setup violations at the end of those stages might be difficult to fix during the post-placement implementation flow and could be the result of non-optimal XDC constraints or non-optimal design architecture
Related violations: <none>

TIMING-16#98 Warning
Large setup violation  
There is a large setup violation of -1.038 ns between u_sys/inst_kera_mem/w_lo_reg/CLKARDCLK (clocked by sys_clk_pin) and u_sys/inst_sysArr/genblk1[3].processUnits[6].inst/sum_reg[31]/D (clocked by sys_clk_pin). Large setup violations at the end of those stages might be difficult to fix during the post-placement implementation flow and could be the result of non-optimal XDC constraints or non-optimal design architecture
Related violations: <none>

TIMING-16#99 Warning
Large setup violation  
There is a large setup violation of -1.040 ns between u_sys/inst_kera_mem/w_lo_reg/CLKARDCLK (clocked by sys_clk_pin) and u_sys/inst_sysArr/genblk1[3].processUnits[12].inst/sum_reg[29]/D (clocked by sys_clk_pin). Large setup violations at the end of those stages might be difficult to fix during the post-placement implementation flow and could be the result of non-optimal XDC constraints or non-optimal design architecture
Related violations: <none>

TIMING-16#100 Warning
Large setup violation  
There is a large setup violation of -1.040 ns between u_sys/inst_kera_mem/w_lo_reg/CLKBWRCLK (clocked by sys_clk_pin) and u_sys/inst_sysArr/genblk1[10].processUnits[10].inst/sum_reg[24]/D (clocked by sys_clk_pin). Large setup violations at the end of those stages might be difficult to fix during the post-placement implementation flow and could be the result of non-optimal XDC constraints or non-optimal design architecture
Related violations: <none>

TIMING-16#101 Warning
Large setup violation  
There is a large setup violation of -1.040 ns between u_sys/inst_kera_mem/w_lo_reg/CLKBWRCLK (clocked by sys_clk_pin) and u_sys/inst_sysArr/genblk1[11].processUnits[4].inst/sum_reg[31]/D (clocked by sys_clk_pin). Large setup violations at the end of those stages might be difficult to fix during the post-placement implementation flow and could be the result of non-optimal XDC constraints or non-optimal design architecture
Related violations: <none>

TIMING-16#102 Warning
Large setup violation  
There is a large setup violation of -1.042 ns between u_sys/inst_kera_mem/w_lo_reg/CLKARDCLK (clocked by sys_clk_pin) and u_sys/inst_sysArr/genblk1[1].processUnits[8].inst/sum_reg[31]/D (clocked by sys_clk_pin). Large setup violations at the end of those stages might be difficult to fix during the post-placement implementation flow and could be the result of non-optimal XDC constraints or non-optimal design architecture
Related violations: <none>

TIMING-16#103 Warning
Large setup violation  
There is a large setup violation of -1.042 ns between u_sys/inst_kera_mem/w_lo_reg/CLKARDCLK (clocked by sys_clk_pin) and u_sys/inst_sysArr/genblk1[2].processUnits[10].inst/sum_reg[31]/D (clocked by sys_clk_pin). Large setup violations at the end of those stages might be difficult to fix during the post-placement implementation flow and could be the result of non-optimal XDC constraints or non-optimal design architecture
Related violations: <none>

TIMING-16#104 Warning
Large setup violation  
There is a large setup violation of -1.042 ns between u_sys/inst_kera_mem/w_lo_reg/CLKBWRCLK (clocked by sys_clk_pin) and u_sys/inst_sysArr/genblk1[9].processUnits[3].inst/sum_reg[31]/D (clocked by sys_clk_pin). Large setup violations at the end of those stages might be difficult to fix during the post-placement implementation flow and could be the result of non-optimal XDC constraints or non-optimal design architecture
Related violations: <none>

TIMING-16#105 Warning
Large setup violation  
There is a large setup violation of -1.043 ns between u_sys/inst_kera_mem/w_lo_reg/CLKARDCLK (clocked by sys_clk_pin) and u_sys/inst_sysArr/genblk1[2].processUnits[0].inst/sum_reg[27]/D (clocked by sys_clk_pin). Large setup violations at the end of those stages might be difficult to fix during the post-placement implementation flow and could be the result of non-optimal XDC constraints or non-optimal design architecture
Related violations: <none>

TIMING-16#106 Warning
Large setup violation  
There is a large setup violation of -1.043 ns between u_sys/inst_kera_mem/w_lo_reg/CLKBWRCLK (clocked by sys_clk_pin) and u_sys/inst_sysArr/genblk1[11].processUnits[9].inst/sum_reg[29]/D (clocked by sys_clk_pin). Large setup violations at the end of those stages might be difficult to fix during the post-placement implementation flow and could be the result of non-optimal XDC constraints or non-optimal design architecture
Related violations: <none>

TIMING-16#107 Warning
Large setup violation  
There is a large setup violation of -1.044 ns between u_sys/inst_kera_mem/w_lo_reg/CLKARDCLK (clocked by sys_clk_pin) and u_sys/inst_sysArr/genblk1[2].processUnits[11].inst/sum_reg[29]/D (clocked by sys_clk_pin). Large setup violations at the end of those stages might be difficult to fix during the post-placement implementation flow and could be the result of non-optimal XDC constraints or non-optimal design architecture
Related violations: <none>

TIMING-16#108 Warning
Large setup violation  
There is a large setup violation of -1.044 ns between u_sys/inst_kera_mem/w_lo_reg/CLKBWRCLK (clocked by sys_clk_pin) and u_sys/inst_sysArr/genblk1[11].processUnits[3].inst/sum_reg[31]/D (clocked by sys_clk_pin). Large setup violations at the end of those stages might be difficult to fix during the post-placement implementation flow and could be the result of non-optimal XDC constraints or non-optimal design architecture
Related violations: <none>

TIMING-16#109 Warning
Large setup violation  
There is a large setup violation of -1.045 ns between u_sys/inst_kera_mem/w_lo_reg/CLKARDCLK (clocked by sys_clk_pin) and u_sys/inst_sysArr/genblk1[1].processUnits[2].inst/sum_reg[30]/D (clocked by sys_clk_pin). Large setup violations at the end of those stages might be difficult to fix during the post-placement implementation flow and could be the result of non-optimal XDC constraints or non-optimal design architecture
Related violations: <none>

TIMING-16#110 Warning
Large setup violation  
There is a large setup violation of -1.045 ns between u_sys/inst_kera_mem/w_lo_reg/CLKARDCLK (clocked by sys_clk_pin) and u_sys/inst_sysArr/genblk1[3].processUnits[10].inst/sum_reg[31]/D (clocked by sys_clk_pin). Large setup violations at the end of those stages might be difficult to fix during the post-placement implementation flow and could be the result of non-optimal XDC constraints or non-optimal design architecture
Related violations: <none>

TIMING-16#111 Warning
Large setup violation  
There is a large setup violation of -1.045 ns between u_sys/inst_kera_mem/w_lo_reg/CLKBWRCLK (clocked by sys_clk_pin) and u_sys/inst_sysArr/genblk1[10].processUnits[4].inst/sum_reg[30]/D (clocked by sys_clk_pin). Large setup violations at the end of those stages might be difficult to fix during the post-placement implementation flow and could be the result of non-optimal XDC constraints or non-optimal design architecture
Related violations: <none>

TIMING-16#112 Warning
Large setup violation  
There is a large setup violation of -1.045 ns between u_sys/inst_kera_mem/w_lo_reg/CLKBWRCLK (clocked by sys_clk_pin) and u_sys/inst_sysArr/genblk1[11].processUnits[8].inst/sum_reg[29]/D (clocked by sys_clk_pin). Large setup violations at the end of those stages might be difficult to fix during the post-placement implementation flow and could be the result of non-optimal XDC constraints or non-optimal design architecture
Related violations: <none>

TIMING-16#113 Warning
Large setup violation  
There is a large setup violation of -1.046 ns between u_sys/inst_kera_mem/w_lo_reg/CLKBWRCLK (clocked by sys_clk_pin) and u_sys/inst_sysArr/genblk1[11].processUnits[11].inst/sum_reg[31]/D (clocked by sys_clk_pin). Large setup violations at the end of those stages might be difficult to fix during the post-placement implementation flow and could be the result of non-optimal XDC constraints or non-optimal design architecture
Related violations: <none>

TIMING-16#114 Warning
Large setup violation  
There is a large setup violation of -1.047 ns between u_sys/inst_kera_mem/w_lo_reg/CLKARDCLK (clocked by sys_clk_pin) and u_sys/inst_sysArr/genblk1[1].processUnits[4].inst/sum_reg[31]/D (clocked by sys_clk_pin). Large setup violations at the end of those stages might be difficult to fix during the post-placement implementation flow and could be the result of non-optimal XDC constraints or non-optimal design architecture
Related violations: <none>

TIMING-16#115 Warning
Large setup violation  
There is a large setup violation of -1.047 ns between u_sys/inst_kera_mem/w_lo_reg/CLKARDCLK (clocked by sys_clk_pin) and u_sys/inst_sysArr/genblk1[4].processUnits[1].inst/sum_reg[29]/D (clocked by sys_clk_pin). Large setup violations at the end of those stages might be difficult to fix during the post-placement implementation flow and could be the result of non-optimal XDC constraints or non-optimal design architecture
Related violations: <none>

TIMING-16#116 Warning
Large setup violation  
There is a large setup violation of -1.047 ns between u_sys/inst_kera_mem/w_lo_reg/CLKBWRCLK (clocked by sys_clk_pin) and u_sys/inst_sysArr/genblk1[11].processUnits[1].inst/sum_reg[31]/D (clocked by sys_clk_pin). Large setup violations at the end of those stages might be difficult to fix during the post-placement implementation flow and could be the result of non-optimal XDC constraints or non-optimal design architecture
Related violations: <none>

TIMING-16#117 Warning
Large setup violation  
There is a large setup violation of -1.048 ns between u_sys/inst_kera_mem/w_lo_reg/CLKBWRCLK (clocked by sys_clk_pin) and u_sys/inst_sysArr/genblk1[12].processUnits[3].inst/sum_reg[31]/D (clocked by sys_clk_pin). Large setup violations at the end of those stages might be difficult to fix during the post-placement implementation flow and could be the result of non-optimal XDC constraints or non-optimal design architecture
Related violations: <none>

TIMING-16#118 Warning
Large setup violation  
There is a large setup violation of -1.049 ns between u_sys/inst_kera_mem/w_lo_reg/CLKBWRCLK (clocked by sys_clk_pin) and u_sys/inst_sysArr/genblk1[14].processUnits[4].inst/sum_reg[29]/D (clocked by sys_clk_pin). Large setup violations at the end of those stages might be difficult to fix during the post-placement implementation flow and could be the result of non-optimal XDC constraints or non-optimal design architecture
Related violations: <none>

TIMING-16#119 Warning
Large setup violation  
There is a large setup violation of -1.050 ns between u_sys/inst_kera_mem/w_lo_reg/CLKARDCLK (clocked by sys_clk_pin) and u_sys/inst_sysArr/genblk1[1].processUnits[13].inst/sum_reg[25]/D (clocked by sys_clk_pin). Large setup violations at the end of those stages might be difficult to fix during the post-placement implementation flow and could be the result of non-optimal XDC constraints or non-optimal design architecture
Related violations: <none>

TIMING-16#120 Warning
Large setup violation  
There is a large setup violation of -1.050 ns between u_sys/inst_kera_mem/w_lo_reg/CLKARDCLK (clocked by sys_clk_pin) and u_sys/inst_sysArr/genblk1[1].processUnits[6].inst/sum_reg[21]/D (clocked by sys_clk_pin). Large setup violations at the end of those stages might be difficult to fix during the post-placement implementation flow and could be the result of non-optimal XDC constraints or non-optimal design architecture
Related violations: <none>

TIMING-16#121 Warning
Large setup violation  
There is a large setup violation of -1.050 ns between u_sys/inst_kera_mem/w_lo_reg/CLKBWRCLK (clocked by sys_clk_pin) and u_sys/inst_sysArr/genblk1[9].processUnits[3].inst/sum_reg[29]/D (clocked by sys_clk_pin). Large setup violations at the end of those stages might be difficult to fix during the post-placement implementation flow and could be the result of non-optimal XDC constraints or non-optimal design architecture
Related violations: <none>

TIMING-16#122 Warning
Large setup violation  
There is a large setup violation of -1.051 ns between u_sys/inst_fifo/rp_reg[2]_rep__5/C (clocked by sys_clk_pin) and u_sys/inst_fifo/dout_reg[455]/D (clocked by sys_clk_pin). Large setup violations at the end of those stages might be difficult to fix during the post-placement implementation flow and could be the result of non-optimal XDC constraints or non-optimal design architecture
Related violations: <none>

TIMING-16#123 Warning
Large setup violation  
There is a large setup violation of -1.052 ns between u_sys/inst_kera_mem/w_lo_reg/CLKARDCLK (clocked by sys_clk_pin) and u_sys/inst_sysArr/genblk1[3].processUnits[5].inst/sum_reg[29]/D (clocked by sys_clk_pin). Large setup violations at the end of those stages might be difficult to fix during the post-placement implementation flow and could be the result of non-optimal XDC constraints or non-optimal design architecture
Related violations: <none>

TIMING-16#124 Warning
Large setup violation  
There is a large setup violation of -1.052 ns between u_sys/inst_kera_mem/w_lo_reg/CLKBWRCLK (clocked by sys_clk_pin) and u_sys/inst_sysArr/genblk1[11].processUnits[6].inst/sum_reg[27]/D (clocked by sys_clk_pin). Large setup violations at the end of those stages might be difficult to fix during the post-placement implementation flow and could be the result of non-optimal XDC constraints or non-optimal design architecture
Related violations: <none>

TIMING-16#125 Warning
Large setup violation  
There is a large setup violation of -1.053 ns between u_sys/inst_kera_mem/w_lo_reg/CLKARDCLK (clocked by sys_clk_pin) and u_sys/inst_sysArr/genblk1[3].processUnits[0].inst/sum_reg[31]/D (clocked by sys_clk_pin). Large setup violations at the end of those stages might be difficult to fix during the post-placement implementation flow and could be the result of non-optimal XDC constraints or non-optimal design architecture
Related violations: <none>

TIMING-16#126 Warning
Large setup violation  
There is a large setup violation of -1.054 ns between u_sys/inst_kera_mem/w_lo_reg/CLKARDCLK (clocked by sys_clk_pin) and u_sys/inst_sysArr/genblk1[1].processUnits[13].inst/sum_reg[28]/D (clocked by sys_clk_pin). Large setup violations at the end of those stages might be difficult to fix during the post-placement implementation flow and could be the result of non-optimal XDC constraints or non-optimal design architecture
Related violations: <none>

TIMING-16#127 Warning
Large setup violation  
There is a large setup violation of -1.054 ns between u_sys/inst_kera_mem/w_lo_reg/CLKARDCLK (clocked by sys_clk_pin) and u_sys/inst_sysArr/genblk1[1].processUnits[6].inst/sum_reg[24]/D (clocked by sys_clk_pin). Large setup violations at the end of those stages might be difficult to fix during the post-placement implementation flow and could be the result of non-optimal XDC constraints or non-optimal design architecture
Related violations: <none>

TIMING-16#128 Warning
Large setup violation  
There is a large setup violation of -1.054 ns between u_sys/inst_kera_mem/w_lo_reg/CLKBWRCLK (clocked by sys_clk_pin) and u_sys/inst_sysArr/genblk1[10].processUnits[9].inst/sum_reg[16]/D (clocked by sys_clk_pin). Large setup violations at the end of those stages might be difficult to fix during the post-placement implementation flow and could be the result of non-optimal XDC constraints or non-optimal design architecture
Related violations: <none>

TIMING-16#129 Warning
Large setup violation  
There is a large setup violation of -1.055 ns between u_sys/inst_kera_mem/w_lo_reg/CLKBWRCLK (clocked by sys_clk_pin) and u_sys/inst_sysArr/genblk1[9].processUnits[0].inst/sum_reg[31]/D (clocked by sys_clk_pin). Large setup violations at the end of those stages might be difficult to fix during the post-placement implementation flow and could be the result of non-optimal XDC constraints or non-optimal design architecture
Related violations: <none>

TIMING-16#130 Warning
Large setup violation  
There is a large setup violation of -1.056 ns between u_sys/inst_kera_mem/w_lo_reg/CLKBWRCLK (clocked by sys_clk_pin) and u_sys/inst_sysArr/genblk1[10].processUnits[10].inst/sum_reg[26]/D (clocked by sys_clk_pin). Large setup violations at the end of those stages might be difficult to fix during the post-placement implementation flow and could be the result of non-optimal XDC constraints or non-optimal design architecture
Related violations: <none>

TIMING-16#131 Warning
Large setup violation  
There is a large setup violation of -1.056 ns between u_sys/inst_kera_mem/w_lo_reg/CLKBWRCLK (clocked by sys_clk_pin) and u_sys/inst_sysArr/genblk1[11].processUnits[0].inst/sum_reg[29]/D (clocked by sys_clk_pin). Large setup violations at the end of those stages might be difficult to fix during the post-placement implementation flow and could be the result of non-optimal XDC constraints or non-optimal design architecture
Related violations: <none>

TIMING-16#132 Warning
Large setup violation  
There is a large setup violation of -1.057 ns between u_sys/inst_kera_mem/w_lo_reg/CLKARDCLK (clocked by sys_clk_pin) and u_sys/inst_sysArr/genblk1[3].processUnits[13].inst/sum_reg[31]/D (clocked by sys_clk_pin). Large setup violations at the end of those stages might be difficult to fix during the post-placement implementation flow and could be the result of non-optimal XDC constraints or non-optimal design architecture
Related violations: <none>

TIMING-16#133 Warning
Large setup violation  
There is a large setup violation of -1.057 ns between u_sys/inst_kera_mem/w_lo_reg/CLKBWRCLK (clocked by sys_clk_pin) and u_sys/inst_sysArr/genblk1[10].processUnits[2].inst/sum_reg[13]/D (clocked by sys_clk_pin). Large setup violations at the end of those stages might be difficult to fix during the post-placement implementation flow and could be the result of non-optimal XDC constraints or non-optimal design architecture
Related violations: <none>

TIMING-16#134 Warning
Large setup violation  
There is a large setup violation of -1.057 ns between u_sys/inst_kera_mem/w_lo_reg/CLKBWRCLK (clocked by sys_clk_pin) and u_sys/inst_sysArr/genblk1[10].processUnits[8].inst/sum_reg[27]/D (clocked by sys_clk_pin). Large setup violations at the end of those stages might be difficult to fix during the post-placement implementation flow and could be the result of non-optimal XDC constraints or non-optimal design architecture
Related violations: <none>

TIMING-16#135 Warning
Large setup violation  
There is a large setup violation of -1.057 ns between u_sys/inst_kera_mem/w_lo_reg/CLKBWRCLK (clocked by sys_clk_pin) and u_sys/inst_sysArr/genblk1[12].processUnits[9].inst/sum_reg[31]/D (clocked by sys_clk_pin). Large setup violations at the end of those stages might be difficult to fix during the post-placement implementation flow and could be the result of non-optimal XDC constraints or non-optimal design architecture
Related violations: <none>

TIMING-16#136 Warning
Large setup violation  
There is a large setup violation of -1.059 ns between u_sys/inst_kera_mem/w_lo_reg/CLKARDCLK (clocked by sys_clk_pin) and u_sys/inst_sysArr/genblk1[3].processUnits[6].inst/sum_reg[29]/D (clocked by sys_clk_pin). Large setup violations at the end of those stages might be difficult to fix during the post-placement implementation flow and could be the result of non-optimal XDC constraints or non-optimal design architecture
Related violations: <none>

TIMING-16#137 Warning
Large setup violation  
There is a large setup violation of -1.059 ns between u_sys/inst_kera_mem/w_lo_reg/CLKBWRCLK (clocked by sys_clk_pin) and u_sys/inst_sysArr/genblk1[14].processUnits[2].inst/sum_reg[31]/D (clocked by sys_clk_pin). Large setup violations at the end of those stages might be difficult to fix during the post-placement implementation flow and could be the result of non-optimal XDC constraints or non-optimal design architecture
Related violations: <none>

TIMING-16#138 Warning
Large setup violation  
There is a large setup violation of -1.060 ns between u_sys/inst_kera_mem/w_lo_reg/CLKARDCLK (clocked by sys_clk_pin) and u_sys/inst_sysArr/genblk1[2].processUnits[2].inst/sum_reg[31]/D (clocked by sys_clk_pin). Large setup violations at the end of those stages might be difficult to fix during the post-placement implementation flow and could be the result of non-optimal XDC constraints or non-optimal design architecture
Related violations: <none>

TIMING-16#139 Warning
Large setup violation  
There is a large setup violation of -1.060 ns between u_sys/inst_kera_mem/w_lo_reg/CLKBWRCLK (clocked by sys_clk_pin) and u_sys/inst_sysArr/genblk1[10].processUnits[3].inst/sum_reg[27]/D (clocked by sys_clk_pin). Large setup violations at the end of those stages might be difficult to fix during the post-placement implementation flow and could be the result of non-optimal XDC constraints or non-optimal design architecture
Related violations: <none>

TIMING-16#140 Warning
Large setup violation  
There is a large setup violation of -1.061 ns between u_sys/inst_kera_mem/w_lo_reg/CLKARDCLK (clocked by sys_clk_pin) and u_sys/inst_sysArr/genblk1[2].processUnits[14].inst/sum_reg[31]/D (clocked by sys_clk_pin). Large setup violations at the end of those stages might be difficult to fix during the post-placement implementation flow and could be the result of non-optimal XDC constraints or non-optimal design architecture
Related violations: <none>

TIMING-16#141 Warning
Large setup violation  
There is a large setup violation of -1.061 ns between u_sys/inst_kera_mem/w_lo_reg/CLKBWRCLK (clocked by sys_clk_pin) and u_sys/inst_sysArr/genblk1[10].processUnits[2].inst/sum_reg[16]/D (clocked by sys_clk_pin). Large setup violations at the end of those stages might be difficult to fix during the post-placement implementation flow and could be the result of non-optimal XDC constraints or non-optimal design architecture
Related violations: <none>

TIMING-16#142 Warning
Large setup violation  
There is a large setup violation of -1.061 ns between u_sys/inst_kera_mem/w_lo_reg/CLKBWRCLK (clocked by sys_clk_pin) and u_sys/inst_sysArr/genblk1[11].processUnits[4].inst/sum_reg[29]/D (clocked by sys_clk_pin). Large setup violations at the end of those stages might be difficult to fix during the post-placement implementation flow and could be the result of non-optimal XDC constraints or non-optimal design architecture
Related violations: <none>

TIMING-16#143 Warning
Large setup violation  
There is a large setup violation of -1.062 ns between u_sys/inst_kera_mem/w_lo_reg/CLKARDCLK (clocked by sys_clk_pin) and u_sys/inst_sysArr/genblk1[3].processUnits[2].inst/sum_reg[31]/D (clocked by sys_clk_pin). Large setup violations at the end of those stages might be difficult to fix during the post-placement implementation flow and could be the result of non-optimal XDC constraints or non-optimal design architecture
Related violations: <none>

TIMING-16#144 Warning
Large setup violation  
There is a large setup violation of -1.063 ns between u_sys/inst_kera_mem/w_lo_reg/CLKARDCLK (clocked by sys_clk_pin) and u_sys/inst_sysArr/genblk1[1].processUnits[8].inst/sum_reg[29]/D (clocked by sys_clk_pin). Large setup violations at the end of those stages might be difficult to fix during the post-placement implementation flow and could be the result of non-optimal XDC constraints or non-optimal design architecture
Related violations: <none>

TIMING-16#145 Warning
Large setup violation  
There is a large setup violation of -1.063 ns between u_sys/inst_kera_mem/w_lo_reg/CLKARDCLK (clocked by sys_clk_pin) and u_sys/inst_sysArr/genblk1[2].processUnits[10].inst/sum_reg[29]/D (clocked by sys_clk_pin). Large setup violations at the end of those stages might be difficult to fix during the post-placement implementation flow and could be the result of non-optimal XDC constraints or non-optimal design architecture
Related violations: <none>

TIMING-16#146 Warning
Large setup violation  
There is a large setup violation of -1.064 ns between u_sys/inst_kera_mem/w_lo_reg/CLKARDCLK (clocked by sys_clk_pin) and u_sys/inst_sysArr/genblk1[2].processUnits[0].inst/sum_reg[25]/D (clocked by sys_clk_pin). Large setup violations at the end of those stages might be difficult to fix during the post-placement implementation flow and could be the result of non-optimal XDC constraints or non-optimal design architecture
Related violations: <none>

TIMING-16#147 Warning
Large setup violation  
There is a large setup violation of -1.064 ns between u_sys/inst_kera_mem/w_lo_reg/CLKBWRCLK (clocked by sys_clk_pin) and u_sys/inst_sysArr/genblk1[10].processUnits[12].inst/sum_reg[31]/D (clocked by sys_clk_pin). Large setup violations at the end of those stages might be difficult to fix during the post-placement implementation flow and could be the result of non-optimal XDC constraints or non-optimal design architecture
Related violations: <none>

TIMING-16#148 Warning
Large setup violation  
There is a large setup violation of -1.065 ns between u_sys/inst_kera_mem/w_lo_reg/CLKARDCLK (clocked by sys_clk_pin) and u_sys/inst_sysArr/genblk1[1].processUnits[9].inst/sum_reg[31]/D (clocked by sys_clk_pin). Large setup violations at the end of those stages might be difficult to fix during the post-placement implementation flow and could be the result of non-optimal XDC constraints or non-optimal design architecture
Related violations: <none>

TIMING-16#149 Warning
Large setup violation  
There is a large setup violation of -1.065 ns between u_sys/inst_kera_mem/w_lo_reg/CLKBWRCLK (clocked by sys_clk_pin) and u_sys/inst_sysArr/genblk1[10].processUnits[8].inst/sum_reg[25]/D (clocked by sys_clk_pin). Large setup violations at the end of those stages might be difficult to fix during the post-placement implementation flow and could be the result of non-optimal XDC constraints or non-optimal design architecture
Related violations: <none>

TIMING-16#150 Warning
Large setup violation  
There is a large setup violation of -1.065 ns between u_sys/inst_kera_mem/w_lo_reg/CLKBWRCLK (clocked by sys_clk_pin) and u_sys/inst_sysArr/genblk1[11].processUnits[3].inst/sum_reg[29]/D (clocked by sys_clk_pin). Large setup violations at the end of those stages might be difficult to fix during the post-placement implementation flow and could be the result of non-optimal XDC constraints or non-optimal design architecture
Related violations: <none>

TIMING-16#151 Warning
Large setup violation  
There is a large setup violation of -1.065 ns between u_sys/inst_kera_mem/w_lo_reg/CLKBWRCLK (clocked by sys_clk_pin) and u_sys/inst_sysArr/genblk1[12].processUnits[9].inst/sum_reg[29]/D (clocked by sys_clk_pin). Large setup violations at the end of those stages might be difficult to fix during the post-placement implementation flow and could be the result of non-optimal XDC constraints or non-optimal design architecture
Related violations: <none>

TIMING-16#152 Warning
Large setup violation  
There is a large setup violation of -1.065 ns between u_sys/inst_kera_mem/w_lo_reg/CLKBWRCLK (clocked by sys_clk_pin) and u_sys/inst_sysArr/genblk1[14].processUnits[1].inst/sum_reg[31]/D (clocked by sys_clk_pin). Large setup violations at the end of those stages might be difficult to fix during the post-placement implementation flow and could be the result of non-optimal XDC constraints or non-optimal design architecture
Related violations: <none>

TIMING-16#153 Warning
Large setup violation  
There is a large setup violation of -1.066 ns between u_sys/inst_kera_mem/w_lo_reg/CLKARDCLK (clocked by sys_clk_pin) and u_sys/inst_sysArr/genblk1[3].processUnits[10].inst/sum_reg[29]/D (clocked by sys_clk_pin). Large setup violations at the end of those stages might be difficult to fix during the post-placement implementation flow and could be the result of non-optimal XDC constraints or non-optimal design architecture
Related violations: <none>

TIMING-16#154 Warning
Large setup violation  
There is a large setup violation of -1.067 ns between u_sys/inst_kera_mem/w_lo_reg/CLKARDCLK (clocked by sys_clk_pin) and u_sys/inst_sysArr/genblk1[2].processUnits[0].inst/sum_reg[28]/D (clocked by sys_clk_pin). Large setup violations at the end of those stages might be difficult to fix during the post-placement implementation flow and could be the result of non-optimal XDC constraints or non-optimal design architecture
Related violations: <none>

TIMING-16#155 Warning
Large setup violation  
There is a large setup violation of -1.067 ns between u_sys/inst_kera_mem/w_lo_reg/CLKBWRCLK (clocked by sys_clk_pin) and u_sys/inst_sysArr/genblk1[11].processUnits[11].inst/sum_reg[29]/D (clocked by sys_clk_pin). Large setup violations at the end of those stages might be difficult to fix during the post-placement implementation flow and could be the result of non-optimal XDC constraints or non-optimal design architecture
Related violations: <none>

TIMING-16#156 Warning
Large setup violation  
There is a large setup violation of -1.067 ns between u_sys/inst_kera_mem/w_lo_reg/CLKBWRCLK (clocked by sys_clk_pin) and u_sys/inst_sysArr/genblk1[14].processUnits[2].inst/sum_reg[29]/D (clocked by sys_clk_pin). Large setup violations at the end of those stages might be difficult to fix during the post-placement implementation flow and could be the result of non-optimal XDC constraints or non-optimal design architecture
Related violations: <none>

TIMING-16#157 Warning
Large setup violation  
There is a large setup violation of -1.068 ns between u_sys/inst_fifo/rp_reg[2]_rep__5/C (clocked by sys_clk_pin) and u_sys/inst_fifo/dout_reg[480]/D (clocked by sys_clk_pin). Large setup violations at the end of those stages might be difficult to fix during the post-placement implementation flow and could be the result of non-optimal XDC constraints or non-optimal design architecture
Related violations: <none>

TIMING-16#158 Warning
Large setup violation  
There is a large setup violation of -1.068 ns between u_sys/inst_kera_mem/w_lo_reg/CLKARDCLK (clocked by sys_clk_pin) and u_sys/inst_sysArr/genblk1[1].processUnits[4].inst/sum_reg[29]/D (clocked by sys_clk_pin). Large setup violations at the end of those stages might be difficult to fix during the post-placement implementation flow and could be the result of non-optimal XDC constraints or non-optimal design architecture
Related violations: <none>

TIMING-16#159 Warning
Large setup violation  
There is a large setup violation of -1.068 ns between u_sys/inst_kera_mem/w_lo_reg/CLKBWRCLK (clocked by sys_clk_pin) and u_sys/inst_sysArr/genblk1[10].processUnits[3].inst/sum_reg[25]/D (clocked by sys_clk_pin). Large setup violations at the end of those stages might be difficult to fix during the post-placement implementation flow and could be the result of non-optimal XDC constraints or non-optimal design architecture
Related violations: <none>

TIMING-16#160 Warning
Large setup violation  
There is a large setup violation of -1.068 ns between u_sys/inst_kera_mem/w_lo_reg/CLKBWRCLK (clocked by sys_clk_pin) and u_sys/inst_sysArr/genblk1[11].processUnits[1].inst/sum_reg[29]/D (clocked by sys_clk_pin). Large setup violations at the end of those stages might be difficult to fix during the post-placement implementation flow and could be the result of non-optimal XDC constraints or non-optimal design architecture
Related violations: <none>

TIMING-16#161 Warning
Large setup violation  
There is a large setup violation of -1.068 ns between u_sys/inst_kera_mem/w_lo_reg/CLKBWRCLK (clocked by sys_clk_pin) and u_sys/inst_sysArr/genblk1[12].processUnits[5].inst/sum_reg[31]/D (clocked by sys_clk_pin). Large setup violations at the end of those stages might be difficult to fix during the post-placement implementation flow and could be the result of non-optimal XDC constraints or non-optimal design architecture
Related violations: <none>

TIMING-16#162 Warning
Large setup violation  
There is a large setup violation of -1.069 ns between u_sys/inst_kera_mem/w_lo_reg/CLKBWRCLK (clocked by sys_clk_pin) and u_sys/inst_sysArr/genblk1[12].processUnits[3].inst/sum_reg[29]/D (clocked by sys_clk_pin). Large setup violations at the end of those stages might be difficult to fix during the post-placement implementation flow and could be the result of non-optimal XDC constraints or non-optimal design architecture
Related violations: <none>

TIMING-16#163 Warning
Large setup violation  
There is a large setup violation of -1.070 ns between u_sys/inst_kera_mem/w_lo_reg/CLKARDCLK (clocked by sys_clk_pin) and u_sys/inst_sysArr/genblk1[1].processUnits[13].inst/sum_reg[30]/D (clocked by sys_clk_pin). Large setup violations at the end of those stages might be difficult to fix during the post-placement implementation flow and could be the result of non-optimal XDC constraints or non-optimal design architecture
Related violations: <none>

TIMING-16#164 Warning
Large setup violation  
There is a large setup violation of -1.070 ns between u_sys/inst_kera_mem/w_lo_reg/CLKARDCLK (clocked by sys_clk_pin) and u_sys/inst_sysArr/genblk1[1].processUnits[6].inst/sum_reg[26]/D (clocked by sys_clk_pin). Large setup violations at the end of those stages might be difficult to fix during the post-placement implementation flow and could be the result of non-optimal XDC constraints or non-optimal design architecture
Related violations: <none>

TIMING-16#165 Warning
Large setup violation  
There is a large setup violation of -1.070 ns between u_sys/inst_kera_mem/w_lo_reg/CLKARDCLK (clocked by sys_clk_pin) and u_sys/inst_sysArr/genblk1[3].processUnits[2].inst/sum_reg[29]/D (clocked by sys_clk_pin). Large setup violations at the end of those stages might be difficult to fix during the post-placement implementation flow and could be the result of non-optimal XDC constraints or non-optimal design architecture
Related violations: <none>

TIMING-16#166 Warning
Large setup violation  
There is a large setup violation of -1.071 ns between u_sys/inst_kera_mem/w_lo_reg/CLKARDCLK (clocked by sys_clk_pin) and u_sys/inst_sysArr/genblk1[3].processUnits[11].inst/sum_reg[31]/D (clocked by sys_clk_pin). Large setup violations at the end of those stages might be difficult to fix during the post-placement implementation flow and could be the result of non-optimal XDC constraints or non-optimal design architecture
Related violations: <none>

TIMING-16#167 Warning
Large setup violation  
There is a large setup violation of -1.072 ns between u_sys/inst_kera_mem/w_lo_reg/CLKBWRCLK (clocked by sys_clk_pin) and u_sys/inst_sysArr/genblk1[10].processUnits[12].inst/sum_reg[29]/D (clocked by sys_clk_pin). Large setup violations at the end of those stages might be difficult to fix during the post-placement implementation flow and could be the result of non-optimal XDC constraints or non-optimal design architecture
Related violations: <none>

TIMING-16#168 Warning
Large setup violation  
There is a large setup violation of -1.073 ns between u_sys/inst_kera_mem/w_lo_reg/CLKARDCLK (clocked by sys_clk_pin) and u_sys/inst_sysArr/genblk1[1].processUnits[9].inst/sum_reg[29]/D (clocked by sys_clk_pin). Large setup violations at the end of those stages might be difficult to fix during the post-placement implementation flow and could be the result of non-optimal XDC constraints or non-optimal design architecture
Related violations: <none>

TIMING-16#169 Warning
Large setup violation  
There is a large setup violation of -1.073 ns between u_sys/inst_kera_mem/w_lo_reg/CLKBWRCLK (clocked by sys_clk_pin) and u_sys/inst_sysArr/genblk1[11].processUnits[6].inst/sum_reg[25]/D (clocked by sys_clk_pin). Large setup violations at the end of those stages might be difficult to fix during the post-placement implementation flow and could be the result of non-optimal XDC constraints or non-optimal design architecture
Related violations: <none>

TIMING-16#170 Warning
Large setup violation  
There is a large setup violation of -1.074 ns between u_sys/inst_kera_mem/w_lo_reg/CLKARDCLK (clocked by sys_clk_pin) and u_sys/inst_sysArr/genblk1[3].processUnits[0].inst/sum_reg[29]/D (clocked by sys_clk_pin). Large setup violations at the end of those stages might be difficult to fix during the post-placement implementation flow and could be the result of non-optimal XDC constraints or non-optimal design architecture
Related violations: <none>

TIMING-16#171 Warning
Large setup violation  
There is a large setup violation of -1.074 ns between u_sys/inst_kera_mem/w_lo_reg/CLKBWRCLK (clocked by sys_clk_pin) and u_sys/inst_sysArr/genblk1[10].processUnits[9].inst/sum_reg[18]/D (clocked by sys_clk_pin). Large setup violations at the end of those stages might be difficult to fix during the post-placement implementation flow and could be the result of non-optimal XDC constraints or non-optimal design architecture
Related violations: <none>

TIMING-16#172 Warning
Large setup violation  
There is a large setup violation of -1.075 ns between u_sys/inst_kera_mem/w_lo_reg/CLKBWRCLK (clocked by sys_clk_pin) and u_sys/inst_sysArr/genblk1[11].processUnits[6].inst/sum_reg[28]/D (clocked by sys_clk_pin). Large setup violations at the end of those stages might be difficult to fix during the post-placement implementation flow and could be the result of non-optimal XDC constraints or non-optimal design architecture
Related violations: <none>

TIMING-16#173 Warning
Large setup violation  
There is a large setup violation of -1.076 ns between u_sys/inst_kera_mem/w_lo_reg/CLKBWRCLK (clocked by sys_clk_pin) and u_sys/inst_sysArr/genblk1[9].processUnits[0].inst/sum_reg[29]/D (clocked by sys_clk_pin). Large setup violations at the end of those stages might be difficult to fix during the post-placement implementation flow and could be the result of non-optimal XDC constraints or non-optimal design architecture
Related violations: <none>

TIMING-16#174 Warning
Large setup violation  
There is a large setup violation of -1.077 ns between u_sys/inst_kera_mem/w_lo_reg/CLKARDCLK (clocked by sys_clk_pin) and u_sys/inst_sysArr/genblk1[3].processUnits[9].inst/sum_reg[31]/D (clocked by sys_clk_pin). Large setup violations at the end of those stages might be difficult to fix during the post-placement implementation flow and could be the result of non-optimal XDC constraints or non-optimal design architecture
Related violations: <none>

TIMING-16#175 Warning
Large setup violation  
There is a large setup violation of -1.077 ns between u_sys/inst_kera_mem/w_lo_reg/CLKBWRCLK (clocked by sys_clk_pin) and u_sys/inst_sysArr/genblk1[10].processUnits[2].inst/sum_reg[18]/D (clocked by sys_clk_pin). Large setup violations at the end of those stages might be difficult to fix during the post-placement implementation flow and could be the result of non-optimal XDC constraints or non-optimal design architecture
Related violations: <none>

TIMING-16#176 Warning
Large setup violation  
There is a large setup violation of -1.078 ns between u_sys/inst_kera_mem/w_lo_reg/CLKARDCLK (clocked by sys_clk_pin) and u_sys/inst_sysArr/genblk1[3].processUnits[13].inst/sum_reg[29]/D (clocked by sys_clk_pin). Large setup violations at the end of those stages might be difficult to fix during the post-placement implementation flow and could be the result of non-optimal XDC constraints or non-optimal design architecture
Related violations: <none>

TIMING-16#177 Warning
Large setup violation  
There is a large setup violation of -1.078 ns between u_sys/inst_kera_mem/w_lo_reg/CLKBWRCLK (clocked by sys_clk_pin) and u_sys/inst_sysArr/genblk1[10].processUnits[8].inst/sum_reg[28]/D (clocked by sys_clk_pin). Large setup violations at the end of those stages might be difficult to fix during the post-placement implementation flow and could be the result of non-optimal XDC constraints or non-optimal design architecture
Related violations: <none>

TIMING-16#178 Warning
Large setup violation  
There is a large setup violation of -1.079 ns between u_sys/inst_kera_mem/w_lo_reg/CLKARDCLK (clocked by sys_clk_pin) and u_sys/inst_sysArr/genblk1[6].processUnits[13].inst/sum_reg[31]/D (clocked by sys_clk_pin). Large setup violations at the end of those stages might be difficult to fix during the post-placement implementation flow and could be the result of non-optimal XDC constraints or non-optimal design architecture
Related violations: <none>

TIMING-16#179 Warning
Large setup violation  
There is a large setup violation of -1.079 ns between u_sys/inst_kera_mem/w_lo_reg/CLKBWRCLK (clocked by sys_clk_pin) and u_sys/inst_sysArr/genblk1[10].processUnits[6].inst/sum_reg[31]/D (clocked by sys_clk_pin). Large setup violations at the end of those stages might be difficult to fix during the post-placement implementation flow and could be the result of non-optimal XDC constraints or non-optimal design architecture
Related violations: <none>

TIMING-16#180 Warning
Large setup violation  
There is a large setup violation of -1.081 ns between u_sys/inst_kera_mem/w_lo_reg/CLKARDCLK (clocked by sys_clk_pin) and u_sys/inst_sysArr/genblk1[1].processUnits[11].inst/sum_reg[31]/D (clocked by sys_clk_pin). Large setup violations at the end of those stages might be difficult to fix during the post-placement implementation flow and could be the result of non-optimal XDC constraints or non-optimal design architecture
Related violations: <none>

TIMING-16#181 Warning
Large setup violation  
There is a large setup violation of -1.081 ns between u_sys/inst_kera_mem/w_lo_reg/CLKARDCLK (clocked by sys_clk_pin) and u_sys/inst_sysArr/genblk1[2].processUnits[2].inst/sum_reg[29]/D (clocked by sys_clk_pin). Large setup violations at the end of those stages might be difficult to fix during the post-placement implementation flow and could be the result of non-optimal XDC constraints or non-optimal design architecture
Related violations: <none>

TIMING-16#182 Warning
Large setup violation  
There is a large setup violation of -1.081 ns between u_sys/inst_kera_mem/w_lo_reg/CLKARDCLK (clocked by sys_clk_pin) and u_sys/inst_sysArr/genblk1[6].processUnits[11].inst/sum_reg[31]/D (clocked by sys_clk_pin). Large setup violations at the end of those stages might be difficult to fix during the post-placement implementation flow and could be the result of non-optimal XDC constraints or non-optimal design architecture
Related violations: <none>

TIMING-16#183 Warning
Large setup violation  
There is a large setup violation of -1.081 ns between u_sys/inst_kera_mem/w_lo_reg/CLKBWRCLK (clocked by sys_clk_pin) and u_sys/inst_sysArr/genblk1[10].processUnits[14].inst/sum_reg[31]/D (clocked by sys_clk_pin). Large setup violations at the end of those stages might be difficult to fix during the post-placement implementation flow and could be the result of non-optimal XDC constraints or non-optimal design architecture
Related violations: <none>

TIMING-16#184 Warning
Large setup violation  
There is a large setup violation of -1.081 ns between u_sys/inst_kera_mem/w_lo_reg/CLKBWRCLK (clocked by sys_clk_pin) and u_sys/inst_sysArr/genblk1[10].processUnits[3].inst/sum_reg[28]/D (clocked by sys_clk_pin). Large setup violations at the end of those stages might be difficult to fix during the post-placement implementation flow and could be the result of non-optimal XDC constraints or non-optimal design architecture
Related violations: <none>

TIMING-16#185 Warning
Large setup violation  
There is a large setup violation of -1.082 ns between u_sys/inst_kera_mem/w_lo_reg/CLKARDCLK (clocked by sys_clk_pin) and u_sys/inst_sysArr/genblk1[2].processUnits[14].inst/sum_reg[29]/D (clocked by sys_clk_pin). Large setup violations at the end of those stages might be difficult to fix during the post-placement implementation flow and could be the result of non-optimal XDC constraints or non-optimal design architecture
Related violations: <none>

TIMING-16#186 Warning
Large setup violation  
There is a large setup violation of -1.083 ns between u_sys/inst_kera_mem/w_lo_reg/CLKARDCLK (clocked by sys_clk_pin) and u_sys/inst_sysArr/genblk1[2].processUnits[0].inst/sum_reg[30]/D (clocked by sys_clk_pin). Large setup violations at the end of those stages might be difficult to fix during the post-placement implementation flow and could be the result of non-optimal XDC constraints or non-optimal design architecture
Related violations: <none>

TIMING-16#187 Warning
Large setup violation  
There is a large setup violation of -1.085 ns between u_sys/inst_fifo/rp_reg[2]_rep__5/C (clocked by sys_clk_pin) and u_sys/inst_fifo/dout_reg[433]/D (clocked by sys_clk_pin). Large setup violations at the end of those stages might be difficult to fix during the post-placement implementation flow and could be the result of non-optimal XDC constraints or non-optimal design architecture
Related violations: <none>

TIMING-16#188 Warning
Large setup violation  
There is a large setup violation of -1.085 ns between u_sys/inst_kera_mem/w_lo_reg/CLKARDCLK (clocked by sys_clk_pin) and u_sys/inst_sysArr/genblk1[3].processUnits[9].inst/sum_reg[29]/D (clocked by sys_clk_pin). Large setup violations at the end of those stages might be difficult to fix during the post-placement implementation flow and could be the result of non-optimal XDC constraints or non-optimal design architecture
Related violations: <none>

TIMING-16#189 Warning
Large setup violation  
There is a large setup violation of -1.086 ns between u_sys/inst_kera_mem/w_lo_reg/CLKBWRCLK (clocked by sys_clk_pin) and u_sys/inst_sysArr/genblk1[14].processUnits[1].inst/sum_reg[29]/D (clocked by sys_clk_pin). Large setup violations at the end of those stages might be difficult to fix during the post-placement implementation flow and could be the result of non-optimal XDC constraints or non-optimal design architecture
Related violations: <none>

TIMING-16#190 Warning
Large setup violation  
There is a large setup violation of -1.086 ns between u_sys/inst_kera_mem/w_lo_reg/CLKBWRCLK (clocked by sys_clk_pin) and u_sys/inst_sysArr/genblk1[9].processUnits[14].inst/sum_reg[31]/D (clocked by sys_clk_pin). Large setup violations at the end of those stages might be difficult to fix during the post-placement implementation flow and could be the result of non-optimal XDC constraints or non-optimal design architecture
Related violations: <none>

TIMING-16#191 Warning
Large setup violation  
There is a large setup violation of -1.087 ns between u_sys/inst_kera_mem/w_lo_reg/CLKARDCLK (clocked by sys_clk_pin) and u_sys/inst_sysArr/genblk1[1].processUnits[5].inst/sum_reg[31]/D (clocked by sys_clk_pin). Large setup violations at the end of those stages might be difficult to fix during the post-placement implementation flow and could be the result of non-optimal XDC constraints or non-optimal design architecture
Related violations: <none>

TIMING-16#192 Warning
Large setup violation  
There is a large setup violation of -1.087 ns between u_sys/inst_kera_mem/w_lo_reg/CLKARDCLK (clocked by sys_clk_pin) and u_sys/inst_sysArr/genblk1[2].processUnits[15].inst/sum_reg[31]/D (clocked by sys_clk_pin). Large setup violations at the end of those stages might be difficult to fix during the post-placement implementation flow and could be the result of non-optimal XDC constraints or non-optimal design architecture
Related violations: <none>

TIMING-16#193 Warning
Large setup violation  
There is a large setup violation of -1.089 ns between u_sys/inst_kera_mem/w_lo_reg/CLKBWRCLK (clocked by sys_clk_pin) and u_sys/inst_sysArr/genblk1[12].processUnits[5].inst/sum_reg[29]/D (clocked by sys_clk_pin). Large setup violations at the end of those stages might be difficult to fix during the post-placement implementation flow and could be the result of non-optimal XDC constraints or non-optimal design architecture
Related violations: <none>

TIMING-16#194 Warning
Large setup violation  
There is a large setup violation of -1.091 ns between u_sys/inst_kera_mem/w_lo_reg/CLKARDCLK (clocked by sys_clk_pin) and u_sys/inst_sysArr/genblk1[2].processUnits[13].inst/sum_reg[31]/D (clocked by sys_clk_pin). Large setup violations at the end of those stages might be difficult to fix during the post-placement implementation flow and could be the result of non-optimal XDC constraints or non-optimal design architecture
Related violations: <none>

TIMING-16#195 Warning
Large setup violation  
There is a large setup violation of -1.091 ns between u_sys/inst_kera_mem/w_lo_reg/CLKBWRCLK (clocked by sys_clk_pin) and u_sys/inst_sysArr/genblk1[11].processUnits[6].inst/sum_reg[30]/D (clocked by sys_clk_pin). Large setup violations at the end of those stages might be difficult to fix during the post-placement implementation flow and could be the result of non-optimal XDC constraints or non-optimal design architecture
Related violations: <none>

TIMING-16#196 Warning
Large setup violation  
There is a large setup violation of -1.092 ns between u_sys/inst_kera_mem/w_lo_reg/CLKARDCLK (clocked by sys_clk_pin) and u_sys/inst_sysArr/genblk1[1].processUnits[12].inst/sum_reg[31]/D (clocked by sys_clk_pin). Large setup violations at the end of those stages might be difficult to fix during the post-placement implementation flow and could be the result of non-optimal XDC constraints or non-optimal design architecture
Related violations: <none>

TIMING-16#197 Warning
Large setup violation  
There is a large setup violation of -1.092 ns between u_sys/inst_kera_mem/w_lo_reg/CLKARDCLK (clocked by sys_clk_pin) and u_sys/inst_sysArr/genblk1[3].processUnits[11].inst/sum_reg[29]/D (clocked by sys_clk_pin). Large setup violations at the end of those stages might be difficult to fix during the post-placement implementation flow and could be the result of non-optimal XDC constraints or non-optimal design architecture
Related violations: <none>

TIMING-16#198 Warning
Large setup violation  
There is a large setup violation of -1.094 ns between u_sys/inst_kera_mem/w_lo_reg/CLKBWRCLK (clocked by sys_clk_pin) and u_sys/inst_sysArr/genblk1[9].processUnits[14].inst/sum_reg[29]/D (clocked by sys_clk_pin). Large setup violations at the end of those stages might be difficult to fix during the post-placement implementation flow and could be the result of non-optimal XDC constraints or non-optimal design architecture
Related violations: <none>

TIMING-16#199 Warning
Large setup violation  
There is a large setup violation of -1.095 ns between u_sys/inst_kera_mem/w_lo_reg/CLKARDCLK (clocked by sys_clk_pin) and u_sys/inst_sysArr/genblk1[1].processUnits[5].inst/sum_reg[29]/D (clocked by sys_clk_pin). Large setup violations at the end of those stages might be difficult to fix during the post-placement implementation flow and could be the result of non-optimal XDC constraints or non-optimal design architecture
Related violations: <none>

TIMING-16#200 Warning
Large setup violation  
There is a large setup violation of -1.096 ns between u_sys/inst_kera_mem/w_lo_reg/CLKBWRCLK (clocked by sys_clk_pin) and u_sys/inst_sysArr/genblk1[11].processUnits[2].inst/sum_reg[27]/D (clocked by sys_clk_pin). Large setup violations at the end of those stages might be difficult to fix during the post-placement implementation flow and could be the result of non-optimal XDC constraints or non-optimal design architecture
Related violations: <none>

TIMING-16#201 Warning
Large setup violation  
There is a large setup violation of -1.097 ns between u_sys/inst_kera_mem/w_lo_reg/CLKBWRCLK (clocked by sys_clk_pin) and u_sys/inst_sysArr/genblk1[10].processUnits[13].inst/sum_reg[27]/D (clocked by sys_clk_pin). Large setup violations at the end of those stages might be difficult to fix during the post-placement implementation flow and could be the result of non-optimal XDC constraints or non-optimal design architecture
Related violations: <none>

TIMING-16#202 Warning
Large setup violation  
There is a large setup violation of -1.098 ns between u_sys/inst_kera_mem/w_lo_reg/CLKBWRCLK (clocked by sys_clk_pin) and u_sys/inst_sysArr/genblk1[10].processUnits[1].inst/sum_reg[23]/D (clocked by sys_clk_pin). Large setup violations at the end of those stages might be difficult to fix during the post-placement implementation flow and could be the result of non-optimal XDC constraints or non-optimal design architecture
Related violations: <none>

TIMING-16#203 Warning
Large setup violation  
There is a large setup violation of -1.098 ns between u_sys/inst_kera_mem/w_lo_reg/CLKBWRCLK (clocked by sys_clk_pin) and u_sys/inst_sysArr/genblk1[10].processUnits[8].inst/sum_reg[30]/D (clocked by sys_clk_pin). Large setup violations at the end of those stages might be difficult to fix during the post-placement implementation flow and could be the result of non-optimal XDC constraints or non-optimal design architecture
Related violations: <none>

TIMING-16#204 Warning
Large setup violation  
There is a large setup violation of -1.100 ns between u_sys/inst_kera_mem/w_lo_reg/CLKARDCLK (clocked by sys_clk_pin) and u_sys/inst_sysArr/genblk1[1].processUnits[12].inst/sum_reg[29]/D (clocked by sys_clk_pin). Large setup violations at the end of those stages might be difficult to fix during the post-placement implementation flow and could be the result of non-optimal XDC constraints or non-optimal design architecture
Related violations: <none>

TIMING-16#205 Warning
Large setup violation  
There is a large setup violation of -1.100 ns between u_sys/inst_kera_mem/w_lo_reg/CLKARDCLK (clocked by sys_clk_pin) and u_sys/inst_sysArr/genblk1[6].processUnits[13].inst/sum_reg[29]/D (clocked by sys_clk_pin). Large setup violations at the end of those stages might be difficult to fix during the post-placement implementation flow and could be the result of non-optimal XDC constraints or non-optimal design architecture
Related violations: <none>

TIMING-16#206 Warning
Large setup violation  
There is a large setup violation of -1.100 ns between u_sys/inst_kera_mem/w_lo_reg/CLKBWRCLK (clocked by sys_clk_pin) and u_sys/inst_sysArr/genblk1[10].processUnits[6].inst/sum_reg[29]/D (clocked by sys_clk_pin). Large setup violations at the end of those stages might be difficult to fix during the post-placement implementation flow and could be the result of non-optimal XDC constraints or non-optimal design architecture
Related violations: <none>

TIMING-16#207 Warning
Large setup violation  
There is a large setup violation of -1.101 ns between u_sys/inst_kera_mem/w_lo_reg/CLKBWRCLK (clocked by sys_clk_pin) and u_sys/inst_sysArr/genblk1[10].processUnits[3].inst/sum_reg[30]/D (clocked by sys_clk_pin). Large setup violations at the end of those stages might be difficult to fix during the post-placement implementation flow and could be the result of non-optimal XDC constraints or non-optimal design architecture
Related violations: <none>

TIMING-16#208 Warning
Large setup violation  
There is a large setup violation of -1.102 ns between u_sys/inst_kera_mem/w_lo_reg/CLKARDCLK (clocked by sys_clk_pin) and u_sys/inst_sysArr/genblk1[1].processUnits[11].inst/sum_reg[29]/D (clocked by sys_clk_pin). Large setup violations at the end of those stages might be difficult to fix during the post-placement implementation flow and could be the result of non-optimal XDC constraints or non-optimal design architecture
Related violations: <none>

TIMING-16#209 Warning
Large setup violation  
There is a large setup violation of -1.102 ns between u_sys/inst_kera_mem/w_lo_reg/CLKARDCLK (clocked by sys_clk_pin) and u_sys/inst_sysArr/genblk1[6].processUnits[11].inst/sum_reg[29]/D (clocked by sys_clk_pin). Large setup violations at the end of those stages might be difficult to fix during the post-placement implementation flow and could be the result of non-optimal XDC constraints or non-optimal design architecture
Related violations: <none>

TIMING-16#210 Warning
Large setup violation  
There is a large setup violation of -1.102 ns between u_sys/inst_kera_mem/w_lo_reg/CLKBWRCLK (clocked by sys_clk_pin) and u_sys/inst_sysArr/genblk1[10].processUnits[11].inst/sum_reg[23]/D (clocked by sys_clk_pin). Large setup violations at the end of those stages might be difficult to fix during the post-placement implementation flow and could be the result of non-optimal XDC constraints or non-optimal design architecture
Related violations: <none>

TIMING-16#211 Warning
Large setup violation  
There is a large setup violation of -1.102 ns between u_sys/inst_kera_mem/w_lo_reg/CLKBWRCLK (clocked by sys_clk_pin) and u_sys/inst_sysArr/genblk1[10].processUnits[14].inst/sum_reg[29]/D (clocked by sys_clk_pin). Large setup violations at the end of those stages might be difficult to fix during the post-placement implementation flow and could be the result of non-optimal XDC constraints or non-optimal design architecture
Related violations: <none>

TIMING-16#212 Warning
Large setup violation  
There is a large setup violation of -1.102 ns between u_sys/inst_kera_mem/w_lo_reg/CLKBWRCLK (clocked by sys_clk_pin) and u_sys/inst_sysArr/genblk1[9].processUnits[6].inst/sum_reg[31]/D (clocked by sys_clk_pin). Large setup violations at the end of those stages might be difficult to fix during the post-placement implementation flow and could be the result of non-optimal XDC constraints or non-optimal design architecture
Related violations: <none>

TIMING-16#213 Warning
Large setup violation  
There is a large setup violation of -1.104 ns between u_sys/inst_kera_mem/w_lo_reg/CLKBWRCLK (clocked by sys_clk_pin) and u_sys/inst_sysArr/genblk1[10].processUnits[0].inst/sum_reg[31]/D (clocked by sys_clk_pin). Large setup violations at the end of those stages might be difficult to fix during the post-placement implementation flow and could be the result of non-optimal XDC constraints or non-optimal design architecture
Related violations: <none>

TIMING-16#214 Warning
Large setup violation  
There is a large setup violation of -1.105 ns between u_sys/inst_kera_mem/w_lo_reg/CLKBWRCLK (clocked by sys_clk_pin) and u_sys/inst_sysArr/genblk1[10].processUnits[15].inst/sum_reg[27]/D (clocked by sys_clk_pin). Large setup violations at the end of those stages might be difficult to fix during the post-placement implementation flow and could be the result of non-optimal XDC constraints or non-optimal design architecture
Related violations: <none>

TIMING-16#215 Warning
Large setup violation  
There is a large setup violation of -1.106 ns between u_sys/inst_kera_mem/w_lo_reg/CLKBWRCLK (clocked by sys_clk_pin) and u_sys/inst_sysArr/genblk1[10].processUnits[7].inst/sum_reg[31]/D (clocked by sys_clk_pin). Large setup violations at the end of those stages might be difficult to fix during the post-placement implementation flow and could be the result of non-optimal XDC constraints or non-optimal design architecture
Related violations: <none>

TIMING-16#216 Warning
Large setup violation  
There is a large setup violation of -1.106 ns between u_sys/inst_kera_mem/w_lo_reg/CLKBWRCLK (clocked by sys_clk_pin) and u_sys/inst_sysArr/genblk1[11].processUnits[13].inst/sum_reg[31]/D (clocked by sys_clk_pin). Large setup violations at the end of those stages might be difficult to fix during the post-placement implementation flow and could be the result of non-optimal XDC constraints or non-optimal design architecture
Related violations: <none>

TIMING-16#217 Warning
Large setup violation  
There is a large setup violation of -1.108 ns between u_sys/inst_kera_mem/w_lo_reg/CLKARDCLK (clocked by sys_clk_pin) and u_sys/inst_sysArr/genblk1[2].processUnits[15].inst/sum_reg[29]/D (clocked by sys_clk_pin). Large setup violations at the end of those stages might be difficult to fix during the post-placement implementation flow and could be the result of non-optimal XDC constraints or non-optimal design architecture
Related violations: <none>

TIMING-16#218 Warning
Large setup violation  
There is a large setup violation of -1.110 ns between u_sys/inst_kera_mem/w_lo_reg/CLKBWRCLK (clocked by sys_clk_pin) and u_sys/inst_sysArr/genblk1[10].processUnits[11].inst/sum_reg[21]/D (clocked by sys_clk_pin). Large setup violations at the end of those stages might be difficult to fix during the post-placement implementation flow and could be the result of non-optimal XDC constraints or non-optimal design architecture
Related violations: <none>

TIMING-16#219 Warning
Large setup violation  
There is a large setup violation of -1.110 ns between u_sys/inst_kera_mem/w_lo_reg/CLKBWRCLK (clocked by sys_clk_pin) and u_sys/inst_sysArr/genblk1[9].processUnits[6].inst/sum_reg[29]/D (clocked by sys_clk_pin). Large setup violations at the end of those stages might be difficult to fix during the post-placement implementation flow and could be the result of non-optimal XDC constraints or non-optimal design architecture
Related violations: <none>

TIMING-16#220 Warning
Large setup violation  
There is a large setup violation of -1.111 ns between u_sys/inst_kera_mem/w_lo_reg/CLKARDCLK (clocked by sys_clk_pin) and u_sys/inst_sysArr/genblk1[6].processUnits[2].inst/sum_reg[31]/D (clocked by sys_clk_pin). Large setup violations at the end of those stages might be difficult to fix during the post-placement implementation flow and could be the result of non-optimal XDC constraints or non-optimal design architecture
Related violations: <none>

TIMING-16#221 Warning
Large setup violation  
There is a large setup violation of -1.112 ns between u_sys/inst_kera_mem/w_lo_reg/CLKARDCLK (clocked by sys_clk_pin) and u_sys/inst_sysArr/genblk1[2].processUnits[13].inst/sum_reg[29]/D (clocked by sys_clk_pin). Large setup violations at the end of those stages might be difficult to fix during the post-placement implementation flow and could be the result of non-optimal XDC constraints or non-optimal design architecture
Related violations: <none>

TIMING-16#222 Warning
Large setup violation  
There is a large setup violation of -1.112 ns between u_sys/inst_kera_mem/w_lo_reg/CLKBWRCLK (clocked by sys_clk_pin) and u_sys/inst_sysArr/genblk1[10].processUnits[0].inst/sum_reg[29]/D (clocked by sys_clk_pin). Large setup violations at the end of those stages might be difficult to fix during the post-placement implementation flow and could be the result of non-optimal XDC constraints or non-optimal design architecture
Related violations: <none>

TIMING-16#223 Warning
Large setup violation  
There is a large setup violation of -1.117 ns between u_sys/inst_kera_mem/w_lo_reg/CLKBWRCLK (clocked by sys_clk_pin) and u_sys/inst_sysArr/genblk1[11].processUnits[2].inst/sum_reg[25]/D (clocked by sys_clk_pin). Large setup violations at the end of those stages might be difficult to fix during the post-placement implementation flow and could be the result of non-optimal XDC constraints or non-optimal design architecture
Related violations: <none>

TIMING-16#224 Warning
Large setup violation  
There is a large setup violation of -1.118 ns between u_sys/inst_kera_mem/w_lo_reg/CLKBWRCLK (clocked by sys_clk_pin) and u_sys/inst_sysArr/genblk1[10].processUnits[13].inst/sum_reg[25]/D (clocked by sys_clk_pin). Large setup violations at the end of those stages might be difficult to fix during the post-placement implementation flow and could be the result of non-optimal XDC constraints or non-optimal design architecture
Related violations: <none>

TIMING-16#225 Warning
Large setup violation  
There is a large setup violation of -1.118 ns between u_sys/inst_kera_mem/w_lo_reg/CLKBWRCLK (clocked by sys_clk_pin) and u_sys/inst_sysArr/genblk1[11].processUnits[2].inst/sum_reg[28]/D (clocked by sys_clk_pin). Large setup violations at the end of those stages might be difficult to fix during the post-placement implementation flow and could be the result of non-optimal XDC constraints or non-optimal design architecture
Related violations: <none>

TIMING-16#226 Warning
Large setup violation  
There is a large setup violation of -1.119 ns between u_sys/inst_kera_mem/w_lo_reg/CLKARDCLK (clocked by sys_clk_pin) and u_sys/inst_sysArr/genblk1[1].processUnits[2].inst/sum_reg[31]/D (clocked by sys_clk_pin). Large setup violations at the end of those stages might be difficult to fix during the post-placement implementation flow and could be the result of non-optimal XDC constraints or non-optimal design architecture
Related violations: <none>

TIMING-16#227 Warning
Large setup violation  
There is a large setup violation of -1.119 ns between u_sys/inst_kera_mem/w_lo_reg/CLKARDCLK (clocked by sys_clk_pin) and u_sys/inst_sysArr/genblk1[6].processUnits[2].inst/sum_reg[29]/D (clocked by sys_clk_pin). Large setup violations at the end of those stages might be difficult to fix during the post-placement implementation flow and could be the result of non-optimal XDC constraints or non-optimal design architecture
Related violations: <none>

TIMING-16#228 Warning
Large setup violation  
There is a large setup violation of -1.119 ns between u_sys/inst_kera_mem/w_lo_reg/CLKBWRCLK (clocked by sys_clk_pin) and u_sys/inst_sysArr/genblk1[10].processUnits[1].inst/sum_reg[21]/D (clocked by sys_clk_pin). Large setup violations at the end of those stages might be difficult to fix during the post-placement implementation flow and could be the result of non-optimal XDC constraints or non-optimal design architecture
Related violations: <none>

TIMING-16#229 Warning
Large setup violation  
There is a large setup violation of -1.121 ns between u_sys/inst_kera_mem/w_lo_reg/CLKBWRCLK (clocked by sys_clk_pin) and u_sys/inst_sysArr/genblk1[10].processUnits[13].inst/sum_reg[28]/D (clocked by sys_clk_pin). Large setup violations at the end of those stages might be difficult to fix during the post-placement implementation flow and could be the result of non-optimal XDC constraints or non-optimal design architecture
Related violations: <none>

TIMING-16#230 Warning
Large setup violation  
There is a large setup violation of -1.121 ns between u_sys/inst_kera_mem/w_lo_reg/CLKBWRCLK (clocked by sys_clk_pin) and u_sys/inst_sysArr/genblk1[10].processUnits[4].inst/sum_reg[31]/D (clocked by sys_clk_pin). Large setup violations at the end of those stages might be difficult to fix during the post-placement implementation flow and could be the result of non-optimal XDC constraints or non-optimal design architecture
Related violations: <none>

TIMING-16#231 Warning
Large setup violation  
There is a large setup violation of -1.122 ns between u_sys/inst_kera_mem/w_lo_reg/CLKBWRCLK (clocked by sys_clk_pin) and u_sys/inst_sysArr/genblk1[10].processUnits[1].inst/sum_reg[24]/D (clocked by sys_clk_pin). Large setup violations at the end of those stages might be difficult to fix during the post-placement implementation flow and could be the result of non-optimal XDC constraints or non-optimal design architecture
Related violations: <none>

TIMING-16#232 Warning
Large setup violation  
There is a large setup violation of -1.123 ns between u_sys/inst_kera_mem/w_lo_reg/CLKBWRCLK (clocked by sys_clk_pin) and u_sys/inst_sysArr/genblk1[10].processUnits[11].inst/sum_reg[24]/D (clocked by sys_clk_pin). Large setup violations at the end of those stages might be difficult to fix during the post-placement implementation flow and could be the result of non-optimal XDC constraints or non-optimal design architecture
Related violations: <none>

TIMING-16#233 Warning
Large setup violation  
There is a large setup violation of -1.126 ns between u_sys/inst_kera_mem/w_lo_reg/CLKBWRCLK (clocked by sys_clk_pin) and u_sys/inst_sysArr/genblk1[10].processUnits[15].inst/sum_reg[25]/D (clocked by sys_clk_pin). Large setup violations at the end of those stages might be difficult to fix during the post-placement implementation flow and could be the result of non-optimal XDC constraints or non-optimal design architecture
Related violations: <none>

TIMING-16#234 Warning
Large setup violation  
There is a large setup violation of -1.127 ns between u_sys/inst_kera_mem/w_lo_reg/CLKBWRCLK (clocked by sys_clk_pin) and u_sys/inst_sysArr/genblk1[10].processUnits[7].inst/sum_reg[29]/D (clocked by sys_clk_pin). Large setup violations at the end of those stages might be difficult to fix during the post-placement implementation flow and could be the result of non-optimal XDC constraints or non-optimal design architecture
Related violations: <none>

TIMING-16#235 Warning
Large setup violation  
There is a large setup violation of -1.127 ns between u_sys/inst_kera_mem/w_lo_reg/CLKBWRCLK (clocked by sys_clk_pin) and u_sys/inst_sysArr/genblk1[11].processUnits[13].inst/sum_reg[29]/D (clocked by sys_clk_pin). Large setup violations at the end of those stages might be difficult to fix during the post-placement implementation flow and could be the result of non-optimal XDC constraints or non-optimal design architecture
Related violations: <none>

TIMING-16#236 Warning
Large setup violation  
There is a large setup violation of -1.129 ns between u_sys/inst_kera_mem/w_lo_reg/CLKBWRCLK (clocked by sys_clk_pin) and u_sys/inst_sysArr/genblk1[10].processUnits[15].inst/sum_reg[28]/D (clocked by sys_clk_pin). Large setup violations at the end of those stages might be difficult to fix during the post-placement implementation flow and could be the result of non-optimal XDC constraints or non-optimal design architecture
Related violations: <none>

TIMING-16#237 Warning
Large setup violation  
There is a large setup violation of -1.129 ns between u_sys/inst_kera_mem/w_lo_reg/CLKBWRCLK (clocked by sys_clk_pin) and u_sys/inst_sysArr/genblk1[10].processUnits[4].inst/sum_reg[29]/D (clocked by sys_clk_pin). Large setup violations at the end of those stages might be difficult to fix during the post-placement implementation flow and could be the result of non-optimal XDC constraints or non-optimal design architecture
Related violations: <none>

TIMING-16#238 Warning
Large setup violation  
There is a large setup violation of -1.130 ns between u_sys/inst_kera_mem/w_lo_reg/CLKBWRCLK (clocked by sys_clk_pin) and u_sys/inst_sysArr/genblk1[10].processUnits[10].inst/sum_reg[27]/D (clocked by sys_clk_pin). Large setup violations at the end of those stages might be difficult to fix during the post-placement implementation flow and could be the result of non-optimal XDC constraints or non-optimal design architecture
Related violations: <none>

TIMING-16#239 Warning
Large setup violation  
There is a large setup violation of -1.134 ns between u_sys/inst_kera_mem/w_lo_reg/CLKBWRCLK (clocked by sys_clk_pin) and u_sys/inst_sysArr/genblk1[11].processUnits[2].inst/sum_reg[30]/D (clocked by sys_clk_pin). Large setup violations at the end of those stages might be difficult to fix during the post-placement implementation flow and could be the result of non-optimal XDC constraints or non-optimal design architecture
Related violations: <none>

TIMING-16#240 Warning
Large setup violation  
There is a large setup violation of -1.137 ns between u_sys/inst_kera_mem/w_lo_reg/CLKBWRCLK (clocked by sys_clk_pin) and u_sys/inst_sysArr/genblk1[10].processUnits[13].inst/sum_reg[30]/D (clocked by sys_clk_pin). Large setup violations at the end of those stages might be difficult to fix during the post-placement implementation flow and could be the result of non-optimal XDC constraints or non-optimal design architecture
Related violations: <none>

TIMING-16#241 Warning
Large setup violation  
There is a large setup violation of -1.138 ns between u_sys/inst_kera_mem/w_lo_reg/CLKBWRCLK (clocked by sys_clk_pin) and u_sys/inst_sysArr/genblk1[10].processUnits[1].inst/sum_reg[26]/D (clocked by sys_clk_pin). Large setup violations at the end of those stages might be difficult to fix during the post-placement implementation flow and could be the result of non-optimal XDC constraints or non-optimal design architecture
Related violations: <none>

TIMING-16#242 Warning
Large setup violation  
There is a large setup violation of -1.140 ns between u_sys/inst_kera_mem/w_lo_reg/CLKARDCLK (clocked by sys_clk_pin) and u_sys/inst_sysArr/genblk1[1].processUnits[2].inst/sum_reg[29]/D (clocked by sys_clk_pin). Large setup violations at the end of those stages might be difficult to fix during the post-placement implementation flow and could be the result of non-optimal XDC constraints or non-optimal design architecture
Related violations: <none>

TIMING-16#243 Warning
Large setup violation  
There is a large setup violation of -1.143 ns between u_sys/inst_kera_mem/w_lo_reg/CLKBWRCLK (clocked by sys_clk_pin) and u_sys/inst_sysArr/genblk1[10].processUnits[11].inst/sum_reg[26]/D (clocked by sys_clk_pin). Large setup violations at the end of those stages might be difficult to fix during the post-placement implementation flow and could be the result of non-optimal XDC constraints or non-optimal design architecture
Related violations: <none>

TIMING-16#244 Warning
Large setup violation  
There is a large setup violation of -1.144 ns between u_sys/inst_kera_mem/w_lo_reg/CLKARDCLK (clocked by sys_clk_pin) and u_sys/inst_sysArr/genblk1[1].processUnits[13].inst/sum_reg[31]/D (clocked by sys_clk_pin). Large setup violations at the end of those stages might be difficult to fix during the post-placement implementation flow and could be the result of non-optimal XDC constraints or non-optimal design architecture
Related violations: <none>

TIMING-16#245 Warning
Large setup violation  
There is a large setup violation of -1.144 ns between u_sys/inst_kera_mem/w_lo_reg/CLKARDCLK (clocked by sys_clk_pin) and u_sys/inst_sysArr/genblk1[1].processUnits[6].inst/sum_reg[27]/D (clocked by sys_clk_pin). Large setup violations at the end of those stages might be difficult to fix during the post-placement implementation flow and could be the result of non-optimal XDC constraints or non-optimal design architecture
Related violations: <none>

TIMING-16#246 Warning
Large setup violation  
There is a large setup violation of -1.145 ns between u_sys/inst_kera_mem/w_lo_reg/CLKBWRCLK (clocked by sys_clk_pin) and u_sys/inst_sysArr/genblk1[10].processUnits[15].inst/sum_reg[30]/D (clocked by sys_clk_pin). Large setup violations at the end of those stages might be difficult to fix during the post-placement implementation flow and could be the result of non-optimal XDC constraints or non-optimal design architecture
Related violations: <none>

TIMING-16#247 Warning
Large setup violation  
There is a large setup violation of -1.150 ns between u_sys/inst_kera_mem/w_lo_reg/CLKBWRCLK (clocked by sys_clk_pin) and u_sys/inst_sysArr/genblk1[10].processUnits[9].inst/sum_reg[19]/D (clocked by sys_clk_pin). Large setup violations at the end of those stages might be difficult to fix during the post-placement implementation flow and could be the result of non-optimal XDC constraints or non-optimal design architecture
Related violations: <none>

TIMING-16#248 Warning
Large setup violation  
There is a large setup violation of -1.151 ns between u_sys/inst_kera_mem/w_lo_reg/CLKBWRCLK (clocked by sys_clk_pin) and u_sys/inst_sysArr/genblk1[10].processUnits[10].inst/sum_reg[25]/D (clocked by sys_clk_pin). Large setup violations at the end of those stages might be difficult to fix during the post-placement implementation flow and could be the result of non-optimal XDC constraints or non-optimal design architecture
Related violations: <none>

TIMING-16#249 Warning
Large setup violation  
There is a large setup violation of -1.151 ns between u_sys/inst_kera_mem/w_lo_reg/CLKBWRCLK (clocked by sys_clk_pin) and u_sys/inst_sysArr/genblk1[10].processUnits[2].inst/sum_reg[19]/D (clocked by sys_clk_pin). Large setup violations at the end of those stages might be difficult to fix during the post-placement implementation flow and could be the result of non-optimal XDC constraints or non-optimal design architecture
Related violations: <none>

TIMING-16#250 Warning
Large setup violation  
There is a large setup violation of -1.154 ns between u_sys/inst_kera_mem/w_lo_reg/CLKBWRCLK (clocked by sys_clk_pin) and u_sys/inst_sysArr/genblk1[10].processUnits[10].inst/sum_reg[28]/D (clocked by sys_clk_pin). Large setup violations at the end of those stages might be difficult to fix during the post-placement implementation flow and could be the result of non-optimal XDC constraints or non-optimal design architecture
Related violations: <none>

TIMING-16#251 Warning
Large setup violation  
There is a large setup violation of -1.157 ns between u_sys/inst_kera_mem/w_lo_reg/CLKARDCLK (clocked by sys_clk_pin) and u_sys/inst_sysArr/genblk1[2].processUnits[0].inst/sum_reg[31]/D (clocked by sys_clk_pin). Large setup violations at the end of those stages might be difficult to fix during the post-placement implementation flow and could be the result of non-optimal XDC constraints or non-optimal design architecture
Related violations: <none>

TIMING-16#252 Warning
Large setup violation  
There is a large setup violation of -1.158 ns between u_sys/inst_kera_mem/w_lo_reg/CLKBWRCLK (clocked by sys_clk_pin) and u_sys/inst_sysArr/genblk1[10].processUnits[9].inst/sum_reg[17]/D (clocked by sys_clk_pin). Large setup violations at the end of those stages might be difficult to fix during the post-placement implementation flow and could be the result of non-optimal XDC constraints or non-optimal design architecture
Related violations: <none>

TIMING-16#253 Warning
Large setup violation  
There is a large setup violation of -1.165 ns between u_sys/inst_kera_mem/w_lo_reg/CLKARDCLK (clocked by sys_clk_pin) and u_sys/inst_sysArr/genblk1[1].processUnits[13].inst/sum_reg[29]/D (clocked by sys_clk_pin). Large setup violations at the end of those stages might be difficult to fix during the post-placement implementation flow and could be the result of non-optimal XDC constraints or non-optimal design architecture
Related violations: <none>

TIMING-16#254 Warning
Large setup violation  
There is a large setup violation of -1.165 ns between u_sys/inst_kera_mem/w_lo_reg/CLKARDCLK (clocked by sys_clk_pin) and u_sys/inst_sysArr/genblk1[1].processUnits[6].inst/sum_reg[25]/D (clocked by sys_clk_pin). Large setup violations at the end of those stages might be difficult to fix during the post-placement implementation flow and could be the result of non-optimal XDC constraints or non-optimal design architecture
Related violations: <none>

TIMING-16#255 Warning
Large setup violation  
There is a large setup violation of -1.165 ns between u_sys/inst_kera_mem/w_lo_reg/CLKBWRCLK (clocked by sys_clk_pin) and u_sys/inst_sysArr/genblk1[11].processUnits[6].inst/sum_reg[31]/D (clocked by sys_clk_pin). Large setup violations at the end of those stages might be difficult to fix during the post-placement implementation flow and could be the result of non-optimal XDC constraints or non-optimal design architecture
Related violations: <none>

TIMING-16#256 Warning
Large setup violation  
There is a large setup violation of -1.169 ns between u_sys/inst_kera_mem/w_lo_reg/CLKARDCLK (clocked by sys_clk_pin) and u_sys/inst_sysArr/genblk1[1].processUnits[6].inst/sum_reg[28]/D (clocked by sys_clk_pin). Large setup violations at the end of those stages might be difficult to fix during the post-placement implementation flow and could be the result of non-optimal XDC constraints or non-optimal design architecture
Related violations: <none>

TIMING-16#257 Warning
Large setup violation  
There is a large setup violation of -1.170 ns between u_sys/inst_kera_mem/w_lo_reg/CLKBWRCLK (clocked by sys_clk_pin) and u_sys/inst_sysArr/genblk1[10].processUnits[10].inst/sum_reg[30]/D (clocked by sys_clk_pin). Large setup violations at the end of those stages might be difficult to fix during the post-placement implementation flow and could be the result of non-optimal XDC constraints or non-optimal design architecture
Related violations: <none>

TIMING-16#258 Warning
Large setup violation  
There is a large setup violation of -1.171 ns between u_sys/inst_kera_mem/w_lo_reg/CLKBWRCLK (clocked by sys_clk_pin) and u_sys/inst_sysArr/genblk1[10].processUnits[9].inst/sum_reg[20]/D (clocked by sys_clk_pin). Large setup violations at the end of those stages might be difficult to fix during the post-placement implementation flow and could be the result of non-optimal XDC constraints or non-optimal design architecture
Related violations: <none>

TIMING-16#259 Warning
Large setup violation  
There is a large setup violation of -1.172 ns between u_sys/inst_kera_mem/w_lo_reg/CLKBWRCLK (clocked by sys_clk_pin) and u_sys/inst_sysArr/genblk1[10].processUnits[2].inst/sum_reg[17]/D (clocked by sys_clk_pin). Large setup violations at the end of those stages might be difficult to fix during the post-placement implementation flow and could be the result of non-optimal XDC constraints or non-optimal design architecture
Related violations: <none>

TIMING-16#260 Warning
Large setup violation  
There is a large setup violation of -1.174 ns between u_sys/inst_kera_mem/w_lo_reg/CLKBWRCLK (clocked by sys_clk_pin) and u_sys/inst_sysArr/genblk1[10].processUnits[8].inst/sum_reg[31]/D (clocked by sys_clk_pin). Large setup violations at the end of those stages might be difficult to fix during the post-placement implementation flow and could be the result of non-optimal XDC constraints or non-optimal design architecture
Related violations: <none>

TIMING-16#261 Warning
Large setup violation  
There is a large setup violation of -1.177 ns between u_sys/inst_kera_mem/w_lo_reg/CLKBWRCLK (clocked by sys_clk_pin) and u_sys/inst_sysArr/genblk1[10].processUnits[3].inst/sum_reg[31]/D (clocked by sys_clk_pin). Large setup violations at the end of those stages might be difficult to fix during the post-placement implementation flow and could be the result of non-optimal XDC constraints or non-optimal design architecture
Related violations: <none>

TIMING-16#262 Warning
Large setup violation  
There is a large setup violation of -1.178 ns between u_sys/inst_kera_mem/w_lo_reg/CLKARDCLK (clocked by sys_clk_pin) and u_sys/inst_sysArr/genblk1[2].processUnits[0].inst/sum_reg[29]/D (clocked by sys_clk_pin). Large setup violations at the end of those stages might be difficult to fix during the post-placement implementation flow and could be the result of non-optimal XDC constraints or non-optimal design architecture
Related violations: <none>

TIMING-16#263 Warning
Large setup violation  
There is a large setup violation of -1.182 ns between u_sys/inst_kera_mem/w_lo_reg/CLKBWRCLK (clocked by sys_clk_pin) and u_sys/inst_sysArr/genblk1[10].processUnits[8].inst/sum_reg[29]/D (clocked by sys_clk_pin). Large setup violations at the end of those stages might be difficult to fix during the post-placement implementation flow and could be the result of non-optimal XDC constraints or non-optimal design architecture
Related violations: <none>

TIMING-16#264 Warning
Large setup violation  
There is a large setup violation of -1.185 ns between u_sys/inst_kera_mem/w_lo_reg/CLKARDCLK (clocked by sys_clk_pin) and u_sys/inst_sysArr/genblk1[1].processUnits[6].inst/sum_reg[30]/D (clocked by sys_clk_pin). Large setup violations at the end of those stages might be difficult to fix during the post-placement implementation flow and could be the result of non-optimal XDC constraints or non-optimal design architecture
Related violations: <none>

TIMING-16#265 Warning
Large setup violation  
There is a large setup violation of -1.185 ns between u_sys/inst_kera_mem/w_lo_reg/CLKBWRCLK (clocked by sys_clk_pin) and u_sys/inst_sysArr/genblk1[10].processUnits[3].inst/sum_reg[29]/D (clocked by sys_clk_pin). Large setup violations at the end of those stages might be difficult to fix during the post-placement implementation flow and could be the result of non-optimal XDC constraints or non-optimal design architecture
Related violations: <none>

TIMING-16#266 Warning
Large setup violation  
There is a large setup violation of -1.186 ns between u_sys/inst_kera_mem/w_lo_reg/CLKBWRCLK (clocked by sys_clk_pin) and u_sys/inst_sysArr/genblk1[11].processUnits[6].inst/sum_reg[29]/D (clocked by sys_clk_pin). Large setup violations at the end of those stages might be difficult to fix during the post-placement implementation flow and could be the result of non-optimal XDC constraints or non-optimal design architecture
Related violations: <none>

TIMING-16#267 Warning
Large setup violation  
There is a large setup violation of -1.191 ns between u_sys/inst_kera_mem/w_lo_reg/CLKBWRCLK (clocked by sys_clk_pin) and u_sys/inst_sysArr/genblk1[10].processUnits[9].inst/sum_reg[22]/D (clocked by sys_clk_pin). Large setup violations at the end of those stages might be difficult to fix during the post-placement implementation flow and could be the result of non-optimal XDC constraints or non-optimal design architecture
Related violations: <none>

TIMING-16#268 Warning
Large setup violation  
There is a large setup violation of -1.208 ns between u_sys/inst_kera_mem/w_lo_reg/CLKBWRCLK (clocked by sys_clk_pin) and u_sys/inst_sysArr/genblk1[11].processUnits[2].inst/sum_reg[31]/D (clocked by sys_clk_pin). Large setup violations at the end of those stages might be difficult to fix during the post-placement implementation flow and could be the result of non-optimal XDC constraints or non-optimal design architecture
Related violations: <none>

TIMING-16#269 Warning
Large setup violation  
There is a large setup violation of -1.209 ns between u_sys/inst_kera_mem/w_lo_reg/CLKBWRCLK (clocked by sys_clk_pin) and u_sys/inst_sysArr/genblk1[10].processUnits[2].inst/sum_reg[20]/D (clocked by sys_clk_pin). Large setup violations at the end of those stages might be difficult to fix during the post-placement implementation flow and could be the result of non-optimal XDC constraints or non-optimal design architecture
Related violations: <none>

TIMING-16#270 Warning
Large setup violation  
There is a large setup violation of -1.211 ns between u_sys/inst_kera_mem/w_lo_reg/CLKBWRCLK (clocked by sys_clk_pin) and u_sys/inst_sysArr/genblk1[10].processUnits[13].inst/sum_reg[31]/D (clocked by sys_clk_pin). Large setup violations at the end of those stages might be difficult to fix during the post-placement implementation flow and could be the result of non-optimal XDC constraints or non-optimal design architecture
Related violations: <none>

TIMING-16#271 Warning
Large setup violation  
There is a large setup violation of -1.212 ns between u_sys/inst_kera_mem/w_lo_reg/CLKBWRCLK (clocked by sys_clk_pin) and u_sys/inst_sysArr/genblk1[10].processUnits[1].inst/sum_reg[27]/D (clocked by sys_clk_pin). Large setup violations at the end of those stages might be difficult to fix during the post-placement implementation flow and could be the result of non-optimal XDC constraints or non-optimal design architecture
Related violations: <none>

TIMING-16#272 Warning
Large setup violation  
There is a large setup violation of -1.219 ns between u_sys/inst_kera_mem/w_lo_reg/CLKBWRCLK (clocked by sys_clk_pin) and u_sys/inst_sysArr/genblk1[10].processUnits[11].inst/sum_reg[27]/D (clocked by sys_clk_pin). Large setup violations at the end of those stages might be difficult to fix during the post-placement implementation flow and could be the result of non-optimal XDC constraints or non-optimal design architecture
Related violations: <none>

TIMING-16#273 Warning
Large setup violation  
There is a large setup violation of -1.219 ns between u_sys/inst_kera_mem/w_lo_reg/CLKBWRCLK (clocked by sys_clk_pin) and u_sys/inst_sysArr/genblk1[10].processUnits[15].inst/sum_reg[31]/D (clocked by sys_clk_pin). Large setup violations at the end of those stages might be difficult to fix during the post-placement implementation flow and could be the result of non-optimal XDC constraints or non-optimal design architecture
Related violations: <none>

TIMING-16#274 Warning
Large setup violation  
There is a large setup violation of -1.225 ns between u_sys/inst_kera_mem/w_lo_reg/CLKBWRCLK (clocked by sys_clk_pin) and u_sys/inst_sysArr/genblk1[10].processUnits[2].inst/sum_reg[22]/D (clocked by sys_clk_pin). Large setup violations at the end of those stages might be difficult to fix during the post-placement implementation flow and could be the result of non-optimal XDC constraints or non-optimal design architecture
Related violations: <none>

TIMING-16#275 Warning
Large setup violation  
There is a large setup violation of -1.227 ns between u_sys/inst_kera_mem/w_lo_reg/CLKBWRCLK (clocked by sys_clk_pin) and u_sys/inst_sysArr/genblk1[10].processUnits[11].inst/sum_reg[25]/D (clocked by sys_clk_pin). Large setup violations at the end of those stages might be difficult to fix during the post-placement implementation flow and could be the result of non-optimal XDC constraints or non-optimal design architecture
Related violations: <none>

TIMING-16#276 Warning
Large setup violation  
There is a large setup violation of -1.229 ns between u_sys/inst_kera_mem/w_lo_reg/CLKBWRCLK (clocked by sys_clk_pin) and u_sys/inst_sysArr/genblk1[11].processUnits[2].inst/sum_reg[29]/D (clocked by sys_clk_pin). Large setup violations at the end of those stages might be difficult to fix during the post-placement implementation flow and could be the result of non-optimal XDC constraints or non-optimal design architecture
Related violations: <none>

TIMING-16#277 Warning
Large setup violation  
There is a large setup violation of -1.232 ns between u_sys/inst_kera_mem/w_lo_reg/CLKBWRCLK (clocked by sys_clk_pin) and u_sys/inst_sysArr/genblk1[10].processUnits[13].inst/sum_reg[29]/D (clocked by sys_clk_pin). Large setup violations at the end of those stages might be difficult to fix during the post-placement implementation flow and could be the result of non-optimal XDC constraints or non-optimal design architecture
Related violations: <none>

TIMING-16#278 Warning
Large setup violation  
There is a large setup violation of -1.233 ns between u_sys/inst_kera_mem/w_lo_reg/CLKBWRCLK (clocked by sys_clk_pin) and u_sys/inst_sysArr/genblk1[10].processUnits[1].inst/sum_reg[25]/D (clocked by sys_clk_pin). Large setup violations at the end of those stages might be difficult to fix during the post-placement implementation flow and could be the result of non-optimal XDC constraints or non-optimal design architecture
Related violations: <none>

TIMING-16#279 Warning
Large setup violation  
There is a large setup violation of -1.236 ns between u_sys/inst_kera_mem/w_lo_reg/CLKBWRCLK (clocked by sys_clk_pin) and u_sys/inst_sysArr/genblk1[10].processUnits[1].inst/sum_reg[28]/D (clocked by sys_clk_pin). Large setup violations at the end of those stages might be difficult to fix during the post-placement implementation flow and could be the result of non-optimal XDC constraints or non-optimal design architecture
Related violations: <none>

TIMING-16#280 Warning
Large setup violation  
There is a large setup violation of -1.240 ns between u_sys/inst_kera_mem/w_lo_reg/CLKBWRCLK (clocked by sys_clk_pin) and u_sys/inst_sysArr/genblk1[10].processUnits[15].inst/sum_reg[29]/D (clocked by sys_clk_pin). Large setup violations at the end of those stages might be difficult to fix during the post-placement implementation flow and could be the result of non-optimal XDC constraints or non-optimal design architecture
Related violations: <none>

TIMING-16#281 Warning
Large setup violation  
There is a large setup violation of -1.241 ns between u_sys/inst_kera_mem/w_lo_reg/CLKBWRCLK (clocked by sys_clk_pin) and u_sys/inst_sysArr/genblk1[10].processUnits[11].inst/sum_reg[28]/D (clocked by sys_clk_pin). Large setup violations at the end of those stages might be difficult to fix during the post-placement implementation flow and could be the result of non-optimal XDC constraints or non-optimal design architecture
Related violations: <none>

TIMING-16#282 Warning
Large setup violation  
There is a large setup violation of -1.244 ns between u_sys/inst_kera_mem/w_lo_reg/CLKBWRCLK (clocked by sys_clk_pin) and u_sys/inst_sysArr/genblk1[10].processUnits[10].inst/sum_reg[31]/D (clocked by sys_clk_pin). Large setup violations at the end of those stages might be difficult to fix during the post-placement implementation flow and could be the result of non-optimal XDC constraints or non-optimal design architecture
Related violations: <none>

TIMING-16#283 Warning
Large setup violation  
There is a large setup violation of -1.252 ns between u_sys/inst_kera_mem/w_lo_reg/CLKBWRCLK (clocked by sys_clk_pin) and u_sys/inst_sysArr/genblk1[10].processUnits[1].inst/sum_reg[30]/D (clocked by sys_clk_pin). Large setup violations at the end of those stages might be difficult to fix during the post-placement implementation flow and could be the result of non-optimal XDC constraints or non-optimal design architecture
Related violations: <none>

TIMING-16#284 Warning
Large setup violation  
There is a large setup violation of -1.259 ns between u_sys/inst_kera_mem/w_lo_reg/CLKARDCLK (clocked by sys_clk_pin) and u_sys/inst_sysArr/genblk1[1].processUnits[6].inst/sum_reg[31]/D (clocked by sys_clk_pin). Large setup violations at the end of those stages might be difficult to fix during the post-placement implementation flow and could be the result of non-optimal XDC constraints or non-optimal design architecture
Related violations: <none>

TIMING-16#285 Warning
Large setup violation  
There is a large setup violation of -1.261 ns between u_sys/inst_kera_mem/w_lo_reg/CLKBWRCLK (clocked by sys_clk_pin) and u_sys/inst_sysArr/genblk1[10].processUnits[11].inst/sum_reg[30]/D (clocked by sys_clk_pin). Large setup violations at the end of those stages might be difficult to fix during the post-placement implementation flow and could be the result of non-optimal XDC constraints or non-optimal design architecture
Related violations: <none>

TIMING-16#286 Warning
Large setup violation  
There is a large setup violation of -1.265 ns between u_sys/inst_kera_mem/w_lo_reg/CLKBWRCLK (clocked by sys_clk_pin) and u_sys/inst_sysArr/genblk1[10].processUnits[10].inst/sum_reg[29]/D (clocked by sys_clk_pin). Large setup violations at the end of those stages might be difficult to fix during the post-placement implementation flow and could be the result of non-optimal XDC constraints or non-optimal design architecture
Related violations: <none>

TIMING-16#287 Warning
Large setup violation  
There is a large setup violation of -1.267 ns between u_sys/inst_kera_mem/w_lo_reg/CLKBWRCLK (clocked by sys_clk_pin) and u_sys/inst_sysArr/genblk1[10].processUnits[9].inst/sum_reg[23]/D (clocked by sys_clk_pin). Large setup violations at the end of those stages might be difficult to fix during the post-placement implementation flow and could be the result of non-optimal XDC constraints or non-optimal design architecture
Related violations: <none>

TIMING-16#288 Warning
Large setup violation  
There is a large setup violation of -1.275 ns between u_sys/inst_kera_mem/w_lo_reg/CLKBWRCLK (clocked by sys_clk_pin) and u_sys/inst_sysArr/genblk1[10].processUnits[9].inst/sum_reg[21]/D (clocked by sys_clk_pin). Large setup violations at the end of those stages might be difficult to fix during the post-placement implementation flow and could be the result of non-optimal XDC constraints or non-optimal design architecture
Related violations: <none>

TIMING-16#289 Warning
Large setup violation  
There is a large setup violation of -1.280 ns between u_sys/inst_kera_mem/w_lo_reg/CLKARDCLK (clocked by sys_clk_pin) and u_sys/inst_sysArr/genblk1[1].processUnits[6].inst/sum_reg[29]/D (clocked by sys_clk_pin). Large setup violations at the end of those stages might be difficult to fix during the post-placement implementation flow and could be the result of non-optimal XDC constraints or non-optimal design architecture
Related violations: <none>

TIMING-16#290 Warning
Large setup violation  
There is a large setup violation of -1.288 ns between u_sys/inst_kera_mem/w_lo_reg/CLKBWRCLK (clocked by sys_clk_pin) and u_sys/inst_sysArr/genblk1[10].processUnits[9].inst/sum_reg[24]/D (clocked by sys_clk_pin). Large setup violations at the end of those stages might be difficult to fix during the post-placement implementation flow and could be the result of non-optimal XDC constraints or non-optimal design architecture
Related violations: <none>

TIMING-16#291 Warning
Large setup violation  
There is a large setup violation of -1.299 ns between u_sys/inst_kera_mem/w_lo_reg/CLKBWRCLK (clocked by sys_clk_pin) and u_sys/inst_sysArr/genblk1[10].processUnits[2].inst/sum_reg[23]/D (clocked by sys_clk_pin). Large setup violations at the end of those stages might be difficult to fix during the post-placement implementation flow and could be the result of non-optimal XDC constraints or non-optimal design architecture
Related violations: <none>

TIMING-16#292 Warning
Large setup violation  
There is a large setup violation of -1.308 ns between u_sys/inst_kera_mem/w_lo_reg/CLKBWRCLK (clocked by sys_clk_pin) and u_sys/inst_sysArr/genblk1[10].processUnits[9].inst/sum_reg[26]/D (clocked by sys_clk_pin). Large setup violations at the end of those stages might be difficult to fix during the post-placement implementation flow and could be the result of non-optimal XDC constraints or non-optimal design architecture
Related violations: <none>

TIMING-16#293 Warning
Large setup violation  
There is a large setup violation of -1.320 ns between u_sys/inst_kera_mem/w_lo_reg/CLKBWRCLK (clocked by sys_clk_pin) and u_sys/inst_sysArr/genblk1[10].processUnits[2].inst/sum_reg[21]/D (clocked by sys_clk_pin). Large setup violations at the end of those stages might be difficult to fix during the post-placement implementation flow and could be the result of non-optimal XDC constraints or non-optimal design architecture
Related violations: <none>

TIMING-16#294 Warning
Large setup violation  
There is a large setup violation of -1.323 ns between u_sys/inst_kera_mem/w_lo_reg/CLKBWRCLK (clocked by sys_clk_pin) and u_sys/inst_sysArr/genblk1[10].processUnits[2].inst/sum_reg[24]/D (clocked by sys_clk_pin). Large setup violations at the end of those stages might be difficult to fix during the post-placement implementation flow and could be the result of non-optimal XDC constraints or non-optimal design architecture
Related violations: <none>

TIMING-16#295 Warning
Large setup violation  
There is a large setup violation of -1.326 ns between u_sys/inst_kera_mem/w_lo_reg/CLKBWRCLK (clocked by sys_clk_pin) and u_sys/inst_sysArr/genblk1[10].processUnits[1].inst/sum_reg[31]/D (clocked by sys_clk_pin). Large setup violations at the end of those stages might be difficult to fix during the post-placement implementation flow and could be the result of non-optimal XDC constraints or non-optimal design architecture
Related violations: <none>

TIMING-16#296 Warning
Large setup violation  
There is a large setup violation of -1.337 ns between u_sys/inst_kera_mem/w_lo_reg/CLKBWRCLK (clocked by sys_clk_pin) and u_sys/inst_sysArr/genblk1[10].processUnits[11].inst/sum_reg[31]/D (clocked by sys_clk_pin). Large setup violations at the end of those stages might be difficult to fix during the post-placement implementation flow and could be the result of non-optimal XDC constraints or non-optimal design architecture
Related violations: <none>

TIMING-16#297 Warning
Large setup violation  
There is a large setup violation of -1.339 ns between u_sys/inst_kera_mem/w_lo_reg/CLKBWRCLK (clocked by sys_clk_pin) and u_sys/inst_sysArr/genblk1[10].processUnits[2].inst/sum_reg[26]/D (clocked by sys_clk_pin). Large setup violations at the end of those stages might be difficult to fix during the post-placement implementation flow and could be the result of non-optimal XDC constraints or non-optimal design architecture
Related violations: <none>

TIMING-16#298 Warning
Large setup violation  
There is a large setup violation of -1.345 ns between u_sys/inst_kera_mem/w_lo_reg/CLKBWRCLK (clocked by sys_clk_pin) and u_sys/inst_sysArr/genblk1[10].processUnits[11].inst/sum_reg[29]/D (clocked by sys_clk_pin). Large setup violations at the end of those stages might be difficult to fix during the post-placement implementation flow and could be the result of non-optimal XDC constraints or non-optimal design architecture
Related violations: <none>

TIMING-16#299 Warning
Large setup violation  
There is a large setup violation of -1.347 ns between u_sys/inst_kera_mem/w_lo_reg/CLKBWRCLK (clocked by sys_clk_pin) and u_sys/inst_sysArr/genblk1[10].processUnits[1].inst/sum_reg[29]/D (clocked by sys_clk_pin). Large setup violations at the end of those stages might be difficult to fix during the post-placement implementation flow and could be the result of non-optimal XDC constraints or non-optimal design architecture
Related violations: <none>

TIMING-16#300 Warning
Large setup violation  
There is a large setup violation of -1.384 ns between u_sys/inst_kera_mem/w_lo_reg/CLKBWRCLK (clocked by sys_clk_pin) and u_sys/inst_sysArr/genblk1[10].processUnits[9].inst/sum_reg[27]/D (clocked by sys_clk_pin). Large setup violations at the end of those stages might be difficult to fix during the post-placement implementation flow and could be the result of non-optimal XDC constraints or non-optimal design architecture
Related violations: <none>

TIMING-16#301 Warning
Large setup violation  
There is a large setup violation of -1.392 ns between u_sys/inst_kera_mem/w_lo_reg/CLKBWRCLK (clocked by sys_clk_pin) and u_sys/inst_sysArr/genblk1[10].processUnits[9].inst/sum_reg[25]/D (clocked by sys_clk_pin). Large setup violations at the end of those stages might be difficult to fix during the post-placement implementation flow and could be the result of non-optimal XDC constraints or non-optimal design architecture
Related violations: <none>

TIMING-16#302 Warning
Large setup violation  
There is a large setup violation of -1.406 ns between u_sys/inst_kera_mem/w_lo_reg/CLKBWRCLK (clocked by sys_clk_pin) and u_sys/inst_sysArr/genblk1[10].processUnits[9].inst/sum_reg[28]/D (clocked by sys_clk_pin). Large setup violations at the end of those stages might be difficult to fix during the post-placement implementation flow and could be the result of non-optimal XDC constraints or non-optimal design architecture
Related violations: <none>

TIMING-16#303 Warning
Large setup violation  
There is a large setup violation of -1.413 ns between u_sys/inst_kera_mem/w_lo_reg/CLKBWRCLK (clocked by sys_clk_pin) and u_sys/inst_sysArr/genblk1[10].processUnits[2].inst/sum_reg[27]/D (clocked by sys_clk_pin). Large setup violations at the end of those stages might be difficult to fix during the post-placement implementation flow and could be the result of non-optimal XDC constraints or non-optimal design architecture
Related violations: <none>

TIMING-16#304 Warning
Large setup violation  
There is a large setup violation of -1.426 ns between u_sys/inst_kera_mem/w_lo_reg/CLKBWRCLK (clocked by sys_clk_pin) and u_sys/inst_sysArr/genblk1[10].processUnits[9].inst/sum_reg[30]/D (clocked by sys_clk_pin). Large setup violations at the end of those stages might be difficult to fix during the post-placement implementation flow and could be the result of non-optimal XDC constraints or non-optimal design architecture
Related violations: <none>

TIMING-16#305 Warning
Large setup violation  
There is a large setup violation of -1.434 ns between u_sys/inst_kera_mem/w_lo_reg/CLKBWRCLK (clocked by sys_clk_pin) and u_sys/inst_sysArr/genblk1[10].processUnits[2].inst/sum_reg[25]/D (clocked by sys_clk_pin). Large setup violations at the end of those stages might be difficult to fix during the post-placement implementation flow and could be the result of non-optimal XDC constraints or non-optimal design architecture
Related violations: <none>

TIMING-16#306 Warning
Large setup violation  
There is a large setup violation of -1.437 ns between u_sys/inst_kera_mem/w_lo_reg/CLKBWRCLK (clocked by sys_clk_pin) and u_sys/inst_sysArr/genblk1[10].processUnits[2].inst/sum_reg[28]/D (clocked by sys_clk_pin). Large setup violations at the end of those stages might be difficult to fix during the post-placement implementation flow and could be the result of non-optimal XDC constraints or non-optimal design architecture
Related violations: <none>

TIMING-16#307 Warning
Large setup violation  
There is a large setup violation of -1.453 ns between u_sys/inst_kera_mem/w_lo_reg/CLKBWRCLK (clocked by sys_clk_pin) and u_sys/inst_sysArr/genblk1[10].processUnits[2].inst/sum_reg[30]/D (clocked by sys_clk_pin). Large setup violations at the end of those stages might be difficult to fix during the post-placement implementation flow and could be the result of non-optimal XDC constraints or non-optimal design architecture
Related violations: <none>

TIMING-16#308 Warning
Large setup violation  
There is a large setup violation of -1.502 ns between u_sys/inst_kera_mem/w_lo_reg/CLKBWRCLK (clocked by sys_clk_pin) and u_sys/inst_sysArr/genblk1[10].processUnits[9].inst/sum_reg[31]/D (clocked by sys_clk_pin). Large setup violations at the end of those stages might be difficult to fix during the post-placement implementation flow and could be the result of non-optimal XDC constraints or non-optimal design architecture
Related violations: <none>

TIMING-16#309 Warning
Large setup violation  
There is a large setup violation of -1.510 ns between u_sys/inst_kera_mem/w_lo_reg/CLKBWRCLK (clocked by sys_clk_pin) and u_sys/inst_sysArr/genblk1[10].processUnits[9].inst/sum_reg[29]/D (clocked by sys_clk_pin). Large setup violations at the end of those stages might be difficult to fix during the post-placement implementation flow and could be the result of non-optimal XDC constraints or non-optimal design architecture
Related violations: <none>

TIMING-16#310 Warning
Large setup violation  
There is a large setup violation of -1.527 ns between u_sys/inst_kera_mem/w_lo_reg/CLKBWRCLK (clocked by sys_clk_pin) and u_sys/inst_sysArr/genblk1[10].processUnits[2].inst/sum_reg[31]/D (clocked by sys_clk_pin). Large setup violations at the end of those stages might be difficult to fix during the post-placement implementation flow and could be the result of non-optimal XDC constraints or non-optimal design architecture
Related violations: <none>

TIMING-16#311 Warning
Large setup violation  
There is a large setup violation of -1.548 ns between u_sys/inst_kera_mem/w_lo_reg/CLKBWRCLK (clocked by sys_clk_pin) and u_sys/inst_sysArr/genblk1[10].processUnits[2].inst/sum_reg[29]/D (clocked by sys_clk_pin). Large setup violations at the end of those stages might be difficult to fix during the post-placement implementation flow and could be the result of non-optimal XDC constraints or non-optimal design architecture
Related violations: <none>

TIMING-18#1 Warning
Missing input or output delay  
An input delay is missing on btnC relative to the rising and/or falling clock edge(s) of sys_clk_pin.
Related violations: <none>

TIMING-18#2 Warning
Missing input or output delay  
An input delay is missing on btnU relative to the rising and/or falling clock edge(s) of sys_clk_pin.
Related violations: <none>

TIMING-18#3 Warning
Missing input or output delay  
An input delay is missing on sw[0] relative to the rising and/or falling clock edge(s) of sys_clk_pin.
Related violations: <none>

TIMING-18#4 Warning
Missing input or output delay  
An input delay is missing on sw[10] relative to the rising and/or falling clock edge(s) of sys_clk_pin.
Related violations: <none>

TIMING-18#5 Warning
Missing input or output delay  
An input delay is missing on sw[11] relative to the rising and/or falling clock edge(s) of sys_clk_pin.
Related violations: <none>

TIMING-18#6 Warning
Missing input or output delay  
An input delay is missing on sw[12] relative to the rising and/or falling clock edge(s) of sys_clk_pin.
Related violations: <none>

TIMING-18#7 Warning
Missing input or output delay  
An input delay is missing on sw[13] relative to the rising and/or falling clock edge(s) of sys_clk_pin.
Related violations: <none>

TIMING-18#8 Warning
Missing input or output delay  
An input delay is missing on sw[14] relative to the rising and/or falling clock edge(s) of sys_clk_pin.
Related violations: <none>

TIMING-18#9 Warning
Missing input or output delay  
An input delay is missing on sw[15] relative to the rising and/or falling clock edge(s) of sys_clk_pin.
Related violations: <none>

TIMING-18#10 Warning
Missing input or output delay  
An input delay is missing on sw[1] relative to the rising and/or falling clock edge(s) of sys_clk_pin.
Related violations: <none>

TIMING-18#11 Warning
Missing input or output delay  
An input delay is missing on sw[2] relative to the rising and/or falling clock edge(s) of sys_clk_pin.
Related violations: <none>

TIMING-18#12 Warning
Missing input or output delay  
An input delay is missing on sw[3] relative to the rising and/or falling clock edge(s) of sys_clk_pin.
Related violations: <none>

TIMING-18#13 Warning
Missing input or output delay  
An input delay is missing on sw[4] relative to the rising and/or falling clock edge(s) of sys_clk_pin.
Related violations: <none>

TIMING-18#14 Warning
Missing input or output delay  
An input delay is missing on sw[5] relative to the rising and/or falling clock edge(s) of sys_clk_pin.
Related violations: <none>

TIMING-18#15 Warning
Missing input or output delay  
An input delay is missing on sw[6] relative to the rising and/or falling clock edge(s) of sys_clk_pin.
Related violations: <none>

TIMING-18#16 Warning
Missing input or output delay  
An input delay is missing on sw[7] relative to the rising and/or falling clock edge(s) of sys_clk_pin.
Related violations: <none>

TIMING-18#17 Warning
Missing input or output delay  
An input delay is missing on sw[8] relative to the rising and/or falling clock edge(s) of sys_clk_pin.
Related violations: <none>

TIMING-18#18 Warning
Missing input or output delay  
An input delay is missing on sw[9] relative to the rising and/or falling clock edge(s) of sys_clk_pin.
Related violations: <none>

TIMING-18#19 Warning
Missing input or output delay  
An output delay is missing on an[0] relative to the rising and/or falling clock edge(s) of sys_clk_pin.
Related violations: <none>

TIMING-18#20 Warning
Missing input or output delay  
An output delay is missing on an[1] relative to the rising and/or falling clock edge(s) of sys_clk_pin.
Related violations: <none>

TIMING-18#21 Warning
Missing input or output delay  
An output delay is missing on an[2] relative to the rising and/or falling clock edge(s) of sys_clk_pin.
Related violations: <none>

TIMING-18#22 Warning
Missing input or output delay  
An output delay is missing on an[3] relative to the rising and/or falling clock edge(s) of sys_clk_pin.
Related violations: <none>

TIMING-18#23 Warning
Missing input or output delay  
An output delay is missing on led[0] relative to the rising and/or falling clock edge(s) of sys_clk_pin.
Related violations: <none>

TIMING-18#24 Warning
Missing input or output delay  
An output delay is missing on led[10] relative to the rising and/or falling clock edge(s) of sys_clk_pin.
Related violations: <none>

TIMING-18#25 Warning
Missing input or output delay  
An output delay is missing on led[11] relative to the rising and/or falling clock edge(s) of sys_clk_pin.
Related violations: <none>

TIMING-18#26 Warning
Missing input or output delay  
An output delay is missing on led[12] relative to the rising and/or falling clock edge(s) of sys_clk_pin.
Related violations: <none>

TIMING-18#27 Warning
Missing input or output delay  
An output delay is missing on led[13] relative to the rising and/or falling clock edge(s) of sys_clk_pin.
Related violations: <none>

TIMING-18#28 Warning
Missing input or output delay  
An output delay is missing on led[14] relative to the rising and/or falling clock edge(s) of sys_clk_pin.
Related violations: <none>

TIMING-18#29 Warning
Missing input or output delay  
An output delay is missing on led[15] relative to the rising and/or falling clock edge(s) of sys_clk_pin.
Related violations: <none>

TIMING-18#30 Warning
Missing input or output delay  
An output delay is missing on led[1] relative to the rising and/or falling clock edge(s) of sys_clk_pin.
Related violations: <none>

TIMING-18#31 Warning
Missing input or output delay  
An output delay is missing on led[2] relative to the rising and/or falling clock edge(s) of sys_clk_pin.
Related violations: <none>

TIMING-18#32 Warning
Missing input or output delay  
An output delay is missing on led[3] relative to the rising and/or falling clock edge(s) of sys_clk_pin.
Related violations: <none>

TIMING-18#33 Warning
Missing input or output delay  
An output delay is missing on led[4] relative to the rising and/or falling clock edge(s) of sys_clk_pin.
Related violations: <none>

TIMING-18#34 Warning
Missing input or output delay  
An output delay is missing on led[5] relative to the rising and/or falling clock edge(s) of sys_clk_pin.
Related violations: <none>

TIMING-18#35 Warning
Missing input or output delay  
An output delay is missing on led[6] relative to the rising and/or falling clock edge(s) of sys_clk_pin.
Related violations: <none>

TIMING-18#36 Warning
Missing input or output delay  
An output delay is missing on led[7] relative to the rising and/or falling clock edge(s) of sys_clk_pin.
Related violations: <none>

TIMING-18#37 Warning
Missing input or output delay  
An output delay is missing on led[8] relative to the rising and/or falling clock edge(s) of sys_clk_pin.
Related violations: <none>

TIMING-18#38 Warning
Missing input or output delay  
An output delay is missing on led[9] relative to the rising and/or falling clock edge(s) of sys_clk_pin.
Related violations: <none>

TIMING-18#39 Warning
Missing input or output delay  
An output delay is missing on seg[0] relative to the rising and/or falling clock edge(s) of sys_clk_pin.
Related violations: <none>

TIMING-18#40 Warning
Missing input or output delay  
An output delay is missing on seg[1] relative to the rising and/or falling clock edge(s) of sys_clk_pin.
Related violations: <none>

TIMING-18#41 Warning
Missing input or output delay  
An output delay is missing on seg[2] relative to the rising and/or falling clock edge(s) of sys_clk_pin.
Related violations: <none>

TIMING-18#42 Warning
Missing input or output delay  
An output delay is missing on seg[3] relative to the rising and/or falling clock edge(s) of sys_clk_pin.
Related violations: <none>

TIMING-18#43 Warning
Missing input or output delay  
An output delay is missing on seg[4] relative to the rising and/or falling clock edge(s) of sys_clk_pin.
Related violations: <none>

TIMING-18#44 Warning
Missing input or output delay  
An output delay is missing on seg[5] relative to the rising and/or falling clock edge(s) of sys_clk_pin.
Related violations: <none>

TIMING-18#45 Warning
Missing input or output delay  
An output delay is missing on seg[6] relative to the rising and/or falling clock edge(s) of sys_clk_pin.
Related violations: <none>


