Copyright 1986-2022 Xilinx, Inc. All Rights Reserved. Copyright 2022-2025 Advanced Micro Devices, Inc. All Rights Reserved.
------------------------------------------------------------------------------------------------------------------------------------------------------------------------------------------------------------------------------------------
| Tool Version : Vivado v.2025.2 (win64) Build 6299465 Fri Nov 14 19:35:11 GMT 2025
| Date         : Sun Sep 20 23:34:21 2026
| Host         : KZLap running 64-bit major release  (build 9200)
| Command      : report_timing_summary -max_paths 10 -routable_nets -report_unconstrained -file basys3_top_timing_summary_routed.rpt -pb basys3_top_timing_summary_routed.pb -rpx basys3_top_timing_summary_routed.rpx -warn_on_violation
| Design       : basys3_top
| Device       : 7a35t-cpg236
| Speed File   : -1  PRODUCTION 1.23 2018-06-13
| Design State : Routed
------------------------------------------------------------------------------------------------------------------------------------------------------------------------------------------------------------------------------------------

Timing Summary Report

------------------------------------------------------------------------------------------------
| Timer Settings
| --------------
------------------------------------------------------------------------------------------------

  Enable Multi Corner Analysis               :  Yes
  Enable Pessimism Removal                   :  Yes
  Pessimism Removal Resolution               :  Nearest Common Node
  Enable Input Delay Default Clock           :  No
  Enable Preset / Clear Arcs                 :  No
  Disable Flight Delays                      :  No
  Ignore I/O Paths                           :  No
  Timing Early Launch at Borrowing Latches   :  No
  Borrow Time for Max Delay Exceptions       :  Yes
  Merge Timing Exceptions                    :  Yes
  Inter-SLR Compensation                     :  Conservative

  Corner  Analyze    Analyze    
  Name    Max Paths  Min Paths  
  ------  ---------  ---------  
  Slow    Yes        Yes        
  Fast    Yes        Yes        


------------------------------------------------------------------------------------------------
| Report Methodology
| ------------------
------------------------------------------------------------------------------------------------

Rule       Severity  Description                                 Violations  
---------  --------  ------------------------------------------  ----------  
SYNTH-6    Warning   Timing of a RAM block might be sub-optimal  10          
TIMING-16  Warning   Large setup violation                       311         
TIMING-18  Warning   Missing input or output delay               45          

Note: This report is based on the most recent report_methodology run and may not be up-to-date. Run report_methodology on the current design for the latest report.



check_timing report

Table of Contents
-----------------
1. checking no_clock (0)
2. checking constant_clock (0)
3. checking pulse_width_clock (0)
4. checking unconstrained_internal_endpoints (0)
5. checking no_input_delay (13)
6. checking no_output_delay (17)
7. checking multiple_clock (0)
8. checking generated_clocks (0)
9. checking loops (0)
10. checking partial_input_delay (0)
11. checking partial_output_delay (0)
12. checking latch_loops (0)

1. checking no_clock (0)
------------------------
 There are 0 register/latch pins with no clock.


2. checking constant_clock (0)
------------------------------
 There are 0 register/latch pins with constant_clock.


3. checking pulse_width_clock (0)
---------------------------------
 There are 0 register/latch pins which need pulse_width check


4. checking unconstrained_internal_endpoints (0)
------------------------------------------------
 There are 0 pins that are not constrained for maximum delay.

 There are 0 pins that are not constrained for maximum delay due to constant clock.


5. checking no_input_delay (13)
-------------------------------
 There are 13 input ports with no input delay specified. (HIGH)

 There are 0 input ports with no input delay but user has a false path constraint.


6. checking no_output_delay (17)
--------------------------------
 There are 17 ports with no output delay specified. (HIGH)

 There are 0 ports with no output delay but user has a false path constraint

 There are 0 ports with no output delay but with a timing clock defined on it or propagating through it


7. checking multiple_clock (0)
------------------------------
 There are 0 register/latch pins with multiple clocks.


8. checking generated_clocks (0)
--------------------------------
 There are 0 generated clocks that are not connected to a clock source.


9. checking loops (0)
---------------------
 There are 0 combinational loops in the design.


10. checking partial_input_delay (0)
------------------------------------
 There are 0 input ports with partial input delay specified.


11. checking partial_output_delay (0)
-------------------------------------
 There are 0 ports with partial output delay specified.


12. checking latch_loops (0)
----------------------------
 There are 0 combinational latch loops in the design through latch input



------------------------------------------------------------------------------------------------
| Design Timing Summary
| ---------------------
------------------------------------------------------------------------------------------------

    WNS(ns)      TNS(ns)  TNS Failing Endpoints  TNS Total Endpoints      WHS(ns)      THS(ns)  THS Failing Endpoints  THS Total Endpoints     WPWS(ns)     TPWS(ns)  TPWS Failing Endpoints  TPWS Total Endpoints  
    -------      -------  ---------------------  -------------------      -------      -------  ---------------------  -------------------     --------     --------  ----------------------  --------------------  
     -1.548    -3887.450                   8277                52102        0.035        0.000                      0                52102        4.500        0.000                       0                 17252  


Timing constraints are not met.


------------------------------------------------------------------------------------------------
| Clock Summary
| -------------
------------------------------------------------------------------------------------------------

Clock        Waveform(ns)       Period(ns)      Frequency(MHz)
-----        ------------       ----------      --------------
sys_clk_pin  {0.000 5.000}      10.000          100.000         


------------------------------------------------------------------------------------------------
| Intra Clock Table
| -----------------
------------------------------------------------------------------------------------------------

Clock             WNS(ns)      TNS(ns)  TNS Failing Endpoints  TNS Total Endpoints      WHS(ns)      THS(ns)  THS Failing Endpoints  THS Total Endpoints     WPWS(ns)     TPWS(ns)  TPWS Failing Endpoints  TPWS Total Endpoints  
-----             -------      -------  ---------------------  -------------------      -------      -------  ---------------------  -------------------     --------     --------  ----------------------  --------------------  
sys_clk_pin        -1.548    -3886.048                   8263                35071        0.035        0.000                      0                35071        4.500        0.000                       0                 17252  


------------------------------------------------------------------------------------------------
| Inter Clock Table
| -----------------
------------------------------------------------------------------------------------------------

From Clock    To Clock          WNS(ns)      TNS(ns)  TNS Failing Endpoints  TNS Total Endpoints      WHS(ns)      THS(ns)  THS Failing Endpoints  THS Total Endpoints  
----------    --------          -------      -------  ---------------------  -------------------      -------      -------  ---------------------  -------------------  


------------------------------------------------------------------------------------------------
| Other Path Groups Table
| -----------------------
------------------------------------------------------------------------------------------------

Path Group         From Clock         To Clock               WNS(ns)      TNS(ns)  TNS Failing Endpoints  TNS Total Endpoints      WHS(ns)      THS(ns)  THS Failing Endpoints  THS Total Endpoints  
----------         ----------         --------               -------      -------  ---------------------  -------------------      -------      -------  ---------------------  -------------------  
**async_default**  sys_clk_pin        sys_clk_pin             -0.137       -1.403                     14                17031        0.360        0.000                      0                17031  


------------------------------------------------------------------------------------------------
| User Ignored Path Table
| -----------------------
------------------------------------------------------------------------------------------------

Path Group    From Clock    To Clock    
----------    ----------    --------    


------------------------------------------------------------------------------------------------
| Unconstrained Path Table
| ------------------------
------------------------------------------------------------------------------------------------

Path Group    From Clock    To Clock    
----------    ----------    --------    
(none)                                    
(none)        sys_clk_pin                 
(none)                      sys_clk_pin   


------------------------------------------------------------------------------------------------
| Timing Details
| --------------
------------------------------------------------------------------------------------------------


---------------------------------------------------------------------------------------------------
From Clock:  sys_clk_pin
  To Clock:  sys_clk_pin

Setup :         8263  Failing Endpoints,  Worst Slack       -1.548ns,  Total Violation    -3886.048ns
Hold  :            0  Failing Endpoints,  Worst Slack        0.035ns,  Total Violation        0.000ns
PW    :            0  Failing Endpoints,  Worst Slack        4.500ns,  Total Violation        0.000ns
---------------------------------------------------------------------------------------------------


Max Delay Paths
--------------------------------------------------------------------------------------
Slack (VIOLATED) :        -1.548ns  (required time - arrival time)
  Source:                 u_sys/inst_kera_mem/w_lo_reg/CLKBWRCLK
                            (rising edge-triggered cell RAMB36E1 clocked by sys_clk_pin  {rise@0.000ns fall@5.000ns period=10.000ns})
  Destination:            u_sys/inst_sysArr/genblk1[10].processUnits[2].inst/sum_reg[29]/D
                            (rising edge-triggered cell FDCE clocked by sys_clk_pin  {rise@0.000ns fall@5.000ns period=10.000ns})
  Path Group:             sys_clk_pin
  Path Type:              Setup (Max at Slow Process Corner)
  Requirement:            10.000ns  (sys_clk_pin rise@10.000ns - sys_clk_pin rise@0.000ns)
  Data Path Delay:        11.425ns  (logic 5.675ns (49.671%)  route 5.750ns (50.329%))
  Logic Levels:           12  (CARRY4=8 LUT3=1 LUT5=1 LUT6=2)
  Clock Path Skew:        -0.150ns (DCD - SCD + CPR)
    Destination Clock Delay (DCD):    4.783ns = ( 14.783 - 10.000 ) 
    Source Clock Delay      (SCD):    5.119ns
    Clock Pessimism Removal (CPR):    0.187ns
  Clock Uncertainty:      0.035ns  ((TSJ^2 + TIJ^2)^1/2 + DJ) / 2 + PE
    Total System Jitter     (TSJ):    0.071ns
    Total Input Jitter      (TIJ):    0.000ns
    Discrete Jitter          (DJ):    0.000ns
    Phase Error              (PE):    0.000ns

    Location             Delay type                Incr(ns)  Path(ns)    Netlist Resource(s)
  -------------------------------------------------------------------    -------------------
                         (clock sys_clk_pin rise edge)
                                                      0.000     0.000 r  
    W5                                                0.000     0.000 r  clk (IN)
                         net (fo=0)                   0.000     0.000    clk
    W5                   IBUF (Prop_ibuf_I_O)         1.458     1.458 r  clk_IBUF_inst/O
                         net (fo=1, routed)           1.967     3.425    clk_IBUF
    BUFGCTRL_X0Y0        BUFG (Prop_bufg_I_O)         0.096     3.521 r  clk_IBUF_BUFG_inst/O
                         net (fo=17251, routed)       1.598     5.119    u_sys/inst_kera_mem/clk_IBUF_BUFG
    RAMB36_X0Y18         RAMB36E1                                     r  u_sys/inst_kera_mem/w_lo_reg/CLKBWRCLK
  -------------------------------------------------------------------    -------------------
    RAMB36_X0Y18         RAMB36E1 (Prop_ramb36e1_CLKBWRCLK_DOBDO[9])
                                                      2.454     7.573 r  u_sys/inst_kera_mem/w_lo_reg/DOBDO[9]
                         net (fo=272, routed)         2.128     9.701    u_sys/inst_kera_mem/DOBDO[1]
    SLICE_X38Y71         LUT6 (Prop_lut6_I2_O)        0.124     9.825 r  u_sys/inst_kera_mem/sum[0]_i_29__186/O
                         net (fo=2, routed)           1.586    11.412    u_sys/inst_kera_mem/sum[0]_i_29__186_n_0
    SLICE_X58Y49         LUT6 (Prop_lut6_I0_O)        0.124    11.536 r  u_sys/inst_kera_mem/sum[0]_i_33__186/O
                         net (fo=1, routed)           0.000    11.536    u_sys/inst_kera_mem/sum[0]_i_33__186_n_0
    SLICE_X58Y49         CARRY4 (Prop_carry4_S[2]_CO[3])
                                                      0.398    11.934 r  u_sys/inst_kera_mem/sum_reg[0]_i_26__185/CO[3]
                         net (fo=1, routed)           0.001    11.934    u_sys/inst_kera_mem/sum_reg[0]_i_26__185_n_0
    SLICE_X58Y50         CARRY4 (Prop_carry4_CI_CO[2])
                                                      0.228    12.162 r  u_sys/inst_kera_mem/sum_reg[4]_i_19__186/CO[2]
                         net (fo=2, routed)           1.079    13.241    u_sys/inst_kera_mem/sum_reg[4]_i_19__186_n_1
    SLICE_X57Y45         LUT5 (Prop_lut5_I2_O)        0.313    13.554 r  u_sys/inst_kera_mem/sum[4]_i_15__186/O
                         net (fo=1, routed)           0.000    13.554    u_sys/inst_kera_mem/sum[4]_i_15__186_n_0
    SLICE_X57Y45         CARRY4 (Prop_carry4_S[3]_CO[3])
                                                      0.401    13.955 r  u_sys/inst_kera_mem/sum_reg[4]_i_10__186/CO[3]
                         net (fo=1, routed)           0.000    13.955    u_sys/inst_kera_mem/sum_reg[4]_i_10__186_n_0
    SLICE_X57Y46         CARRY4 (Prop_carry4_CI_O[0])
                                                      0.222    14.177 r  u_sys/inst_kera_mem/sum_reg[8]_i_10__186/O[0]
                         net (fo=41, routed)          0.957    15.134    u_sys/inst_kera_mem/inst_sysArr/genblk1[10].processUnits[2].inst/B[11]
    SLICE_X55Y53         LUT3 (Prop_lut3_I0_O)        0.299    15.433 r  u_sys/inst_kera_mem/sum[16]_i_8__186/O
                         net (fo=1, routed)           0.000    15.433    u_sys/inst_kera_mem/sum[16]_i_8__186_n_0
    SLICE_X55Y53         CARRY4 (Prop_carry4_S[1]_CO[3])
                                                      0.550    15.983 r  u_sys/inst_kera_mem/sum_reg[16]_i_1__186/CO[3]
                         net (fo=1, routed)           0.000    15.983    u_sys/inst_kera_mem/sum_reg[16]_i_1__186_n_0
    SLICE_X55Y54         CARRY4 (Prop_carry4_CI_CO[3])
                                                      0.114    16.097 r  u_sys/inst_kera_mem/sum_reg[20]_i_1__186/CO[3]
                         net (fo=1, routed)           0.000    16.097    u_sys/inst_kera_mem/sum_reg[20]_i_1__186_n_0
    SLICE_X55Y55         CARRY4 (Prop_carry4_CI_CO[3])
                                                      0.114    16.211 r  u_sys/inst_kera_mem/sum_reg[24]_i_1__186/CO[3]
                         net (fo=1, routed)           0.000    16.211    u_sys/inst_kera_mem/sum_reg[24]_i_1__186_n_0
    SLICE_X55Y56         CARRY4 (Prop_carry4_CI_O[1])
                                                      0.334    16.545 r  u_sys/inst_kera_mem/sum_reg[28]_i_1__186/O[1]
                         net (fo=1, routed)           0.000    16.545    u_sys/inst_sysArr/genblk1[10].processUnits[2].inst/sum_reg[31]_1[1]
    SLICE_X55Y56         FDCE                                         r  u_sys/inst_sysArr/genblk1[10].processUnits[2].inst/sum_reg[29]/D
  -------------------------------------------------------------------    -------------------

                         (clock sys_clk_pin rise edge)
                                                     10.000    10.000 r  
    W5                                                0.000    10.000 r  clk (IN)
                         net (fo=0)                   0.000    10.000    clk
    W5                   IBUF (Prop_ibuf_I_O)         1.388    11.388 r  clk_IBUF_inst/O
                         net (fo=1, routed)           1.862    13.250    clk_IBUF
    BUFGCTRL_X0Y0        BUFG (Prop_bufg_I_O)         0.091    13.341 r  clk_IBUF_BUFG_inst/O
                         net (fo=17251, routed)       1.442    14.783    u_sys/inst_sysArr/genblk1[10].processUnits[2].inst/clk_IBUF_BUFG
    SLICE_X55Y56         FDCE                                         r  u_sys/inst_sysArr/genblk1[10].processUnits[2].inst/sum_reg[29]/C
                         clock pessimism              0.187    14.970    
                         clock uncertainty           -0.035    14.934    
    SLICE_X55Y56         FDCE (Setup_fdce_C_D)        0.062    14.996    u_sys/inst_sysArr/genblk1[10].processUnits[2].inst/sum_reg[29]
  -------------------------------------------------------------------
                         required time                         14.996    
                         arrival time                         -16.545    
  -------------------------------------------------------------------
                         slack                                 -1.548    

Slack (VIOLATED) :        -1.527ns  (required time - arrival time)
  Source:                 u_sys/inst_kera_mem/w_lo_reg/CLKBWRCLK
                            (rising edge-triggered cell RAMB36E1 clocked by sys_clk_pin  {rise@0.000ns fall@5.000ns period=10.000ns})
  Destination:            u_sys/inst_sysArr/genblk1[10].processUnits[2].inst/sum_reg[31]/D
                            (rising edge-triggered cell FDCE clocked by sys_clk_pin  {rise@0.000ns fall@5.000ns period=10.000ns})
  Path Group:             sys_clk_pin
  Path Type:              Setup (Max at Slow Process Corner)
  Requirement:            10.000ns  (sys_clk_pin rise@10.000ns - sys_clk_pin rise@0.000ns)
  Data Path Delay:        11.404ns  (logic 5.654ns (49.578%)  route 5.750ns (50.422%))
  Logic Levels:           12  (CARRY4=8 LUT3=1 LUT5=1 LUT6=2)
  Clock Path Skew:        -0.150ns (DCD - SCD + CPR)
    Destination Clock Delay (DCD):    4.783ns = ( 14.783 - 10.000 ) 
    Source Clock Delay      (SCD):    5.119ns
    Clock Pessimism Removal (CPR):    0.187ns
  Clock Uncertainty:      0.035ns  ((TSJ^2 + TIJ^2)^1/2 + DJ) / 2 + PE
    Total System Jitter     (TSJ):    0.071ns
    Total Input Jitter      (TIJ):    0.000ns
    Discrete Jitter          (DJ):    0.000ns
    Phase Error              (PE):    0.000ns

    Location             Delay type                Incr(ns)  Path(ns)    Netlist Resource(s)
  -------------------------------------------------------------------    -------------------
                         (clock sys_clk_pin rise edge)
                                                      0.000     0.000 r  
    W5                                                0.000     0.000 r  clk (IN)
                         net (fo=0)                   0.000     0.000    clk
    W5                   IBUF (Prop_ibuf_I_O)         1.458     1.458 r  clk_IBUF_inst/O
                         net (fo=1, routed)           1.967     3.425    clk_IBUF
    BUFGCTRL_X0Y0        BUFG (Prop_bufg_I_O)         0.096     3.521 r  clk_IBUF_BUFG_inst/O
                         net (fo=17251, routed)       1.598     5.119    u_sys/inst_kera_mem/clk_IBUF_BUFG
    RAMB36_X0Y18         RAMB36E1                                     r  u_sys/inst_kera_mem/w_lo_reg/CLKBWRCLK
  -------------------------------------------------------------------    -------------------
    RAMB36_X0Y18         RAMB36E1 (Prop_ramb36e1_CLKBWRCLK_DOBDO[9])
                                                      2.454     7.573 r  u_sys/inst_kera_mem/w_lo_reg/DOBDO[9]
                         net (fo=272, routed)         2.128     9.701    u_sys/inst_kera_mem/DOBDO[1]
    SLICE_X38Y71         LUT6 (Prop_lut6_I2_O)        0.124     9.825 r  u_sys/inst_kera_mem/sum[0]_i_29__186/O
                         net (fo=2, routed)           1.586    11.412    u_sys/inst_kera_mem/sum[0]_i_29__186_n_0
    SLICE_X58Y49         LUT6 (Prop_lut6_I0_O)        0.124    11.536 r  u_sys/inst_kera_mem/sum[0]_i_33__186/O
                         net (fo=1, routed)           0.000    11.536    u_sys/inst_kera_mem/sum[0]_i_33__186_n_0
    SLICE_X58Y49         CARRY4 (Prop_carry4_S[2]_CO[3])
                                                      0.398    11.934 r  u_sys/inst_kera_mem/sum_reg[0]_i_26__185/CO[3]
                         net (fo=1, routed)           0.001    11.934    u_sys/inst_kera_mem/sum_reg[0]_i_26__185_n_0
    SLICE_X58Y50         CARRY4 (Prop_carry4_CI_CO[2])
                                                      0.228    12.162 r  u_sys/inst_kera_mem/sum_reg[4]_i_19__186/CO[2]
                         net (fo=2, routed)           1.079    13.241    u_sys/inst_kera_mem/sum_reg[4]_i_19__186_n_1
    SLICE_X57Y45         LUT5 (Prop_lut5_I2_O)        0.313    13.554 r  u_sys/inst_kera_mem/sum[4]_i_15__186/O
                         net (fo=1, routed)           0.000    13.554    u_sys/inst_kera_mem/sum[4]_i_15__186_n_0
    SLICE_X57Y45         CARRY4 (Prop_carry4_S[3]_CO[3])
                                                      0.401    13.955 r  u_sys/inst_kera_mem/sum_reg[4]_i_10__186/CO[3]
                         net (fo=1, routed)           0.000    13.955    u_sys/inst_kera_mem/sum_reg[4]_i_10__186_n_0
    SLICE_X57Y46         CARRY4 (Prop_carry4_CI_O[0])
                                                      0.222    14.177 r  u_sys/inst_kera_mem/sum_reg[8]_i_10__186/O[0]
                         net (fo=41, routed)          0.957    15.134    u_sys/inst_kera_mem/inst_sysArr/genblk1[10].processUnits[2].inst/B[11]
    SLICE_X55Y53         LUT3 (Prop_lut3_I0_O)        0.299    15.433 r  u_sys/inst_kera_mem/sum[16]_i_8__186/O
                         net (fo=1, routed)           0.000    15.433    u_sys/inst_kera_mem/sum[16]_i_8__186_n_0
    SLICE_X55Y53         CARRY4 (Prop_carry4_S[1]_CO[3])
                                                      0.550    15.983 r  u_sys/inst_kera_mem/sum_reg[16]_i_1__186/CO[3]
                         net (fo=1, routed)           0.000    15.983    u_sys/inst_kera_mem/sum_reg[16]_i_1__186_n_0
    SLICE_X55Y54         CARRY4 (Prop_carry4_CI_CO[3])
                                                      0.114    16.097 r  u_sys/inst_kera_mem/sum_reg[20]_i_1__186/CO[3]
                         net (fo=1, routed)           0.000    16.097    u_sys/inst_kera_mem/sum_reg[20]_i_1__186_n_0
    SLICE_X55Y55         CARRY4 (Prop_carry4_CI_CO[3])
                                                      0.114    16.211 r  u_sys/inst_kera_mem/sum_reg[24]_i_1__186/CO[3]
                         net (fo=1, routed)           0.000    16.211    u_sys/inst_kera_mem/sum_reg[24]_i_1__186_n_0
    SLICE_X55Y56         CARRY4 (Prop_carry4_CI_O[3])
                                                      0.313    16.524 r  u_sys/inst_kera_mem/sum_reg[28]_i_1__186/O[3]
                         net (fo=1, routed)           0.000    16.524    u_sys/inst_sysArr/genblk1[10].processUnits[2].inst/sum_reg[31]_1[3]
    SLICE_X55Y56         FDCE                                         r  u_sys/inst_sysArr/genblk1[10].processUnits[2].inst/sum_reg[31]/D
  -------------------------------------------------------------------    -------------------

                         (clock sys_clk_pin rise edge)
                                                     10.000    10.000 r  
    W5                                                0.000    10.000 r  clk (IN)
                         net (fo=0)                   0.000    10.000    clk
    W5                   IBUF (Prop_ibuf_I_O)         1.388    11.388 r  clk_IBUF_inst/O
                         net (fo=1, routed)           1.862    13.250    clk_IBUF
    BUFGCTRL_X0Y0        BUFG (Prop_bufg_I_O)         0.091    13.341 r  clk_IBUF_BUFG_inst/O
                         net (fo=17251, routed)       1.442    14.783    u_sys/inst_sysArr/genblk1[10].processUnits[2].inst/clk_IBUF_BUFG
    SLICE_X55Y56         FDCE                                         r  u_sys/inst_sysArr/genblk1[10].processUnits[2].inst/sum_reg[31]/C
                         clock pessimism              0.187    14.970    
                         clock uncertainty           -0.035    14.934    
    SLICE_X55Y56         FDCE (Setup_fdce_C_D)        0.062    14.996    u_sys/inst_sysArr/genblk1[10].processUnits[2].inst/sum_reg[31]
  -------------------------------------------------------------------
                         required time                         14.996    
                         arrival time                         -16.524    
  -------------------------------------------------------------------
                         slack                                 -1.527    

Slack (VIOLATED) :        -1.510ns  (required time - arrival time)
  Source:                 u_sys/inst_kera_mem/w_lo_reg/CLKBWRCLK
                            (rising edge-triggered cell RAMB36E1 clocked by sys_clk_pin  {rise@0.000ns fall@5.000ns period=10.000ns})
  Destination:            u_sys/inst_sysArr/genblk1[10].processUnits[9].inst/sum_reg[29]/D
                            (rising edge-triggered cell FDCE clocked by sys_clk_pin  {rise@0.000ns fall@5.000ns period=10.000ns})
  Path Group:             sys_clk_pin
  Path Type:              Setup (Max at Slow Process Corner)
  Requirement:            10.000ns  (sys_clk_pin rise@10.000ns - sys_clk_pin rise@0.000ns)
  Data Path Delay:        11.435ns  (logic 6.033ns (52.760%)  route 5.402ns (47.240%))
  Logic Levels:           13  (CARRY4=9 LUT3=1 LUT5=1 LUT6=2)
  Clock Path Skew:        -0.149ns (DCD - SCD + CPR)
    Destination Clock Delay (DCD):    4.784ns = ( 14.784 - 10.000 ) 
    Source Clock Delay      (SCD):    5.119ns
    Clock Pessimism Removal (CPR):    0.187ns
  Clock Uncertainty:      0.035ns  ((TSJ^2 + TIJ^2)^1/2 + DJ) / 2 + PE
    Total System Jitter     (TSJ):    0.071ns
    Total Input Jitter      (TIJ):    0.000ns
    Discrete Jitter          (DJ):    0.000ns
    Phase Error              (PE):    0.000ns

    Location             Delay type                Incr(ns)  Path(ns)    Netlist Resource(s)
  -------------------------------------------------------------------    -------------------
                         (clock sys_clk_pin rise edge)
                                                      0.000     0.000 r  
    W5                                                0.000     0.000 r  clk (IN)
                         net (fo=0)                   0.000     0.000    clk
    W5                   IBUF (Prop_ibuf_I_O)         1.458     1.458 r  clk_IBUF_inst/O
                         net (fo=1, routed)           1.967     3.425    clk_IBUF
    BUFGCTRL_X0Y0        BUFG (Prop_bufg_I_O)         0.096     3.521 r  clk_IBUF_BUFG_inst/O
                         net (fo=17251, routed)       1.598     5.119    u_sys/inst_kera_mem/clk_IBUF_BUFG
    RAMB36_X0Y18         RAMB36E1                                     r  u_sys/inst_kera_mem/w_lo_reg/CLKBWRCLK
  -------------------------------------------------------------------    -------------------
    RAMB36_X0Y18         RAMB36E1 (Prop_ramb36e1_CLKBWRCLK_DOBDO[10])
                                                      2.454     7.573 r  u_sys/inst_kera_mem/w_lo_reg/DOBDO[10]
                         net (fo=256, routed)         2.095     9.668    u_sys/inst_sysArr/genblk1[10].processUnits[9].inst/DOBDO[2]
    SLICE_X38Y71         LUT6 (Prop_lut6_I0_O)        0.124     9.792 r  u_sys/inst_sysArr/genblk1[10].processUnits[9].inst/sum[0]_i_31/O
                         net (fo=2, routed)           1.628    11.421    u_sys/inst_kera_mem/sum_reg[0]_i_26_252[0]
    SLICE_X59Y47         LUT6 (Prop_lut6_I0_O)        0.124    11.545 r  u_sys/inst_kera_mem/sum[0]_i_35__253/O
                         net (fo=1, routed)           0.000    11.545    u_sys/inst_sysArr/genblk1[10].processUnits[9].inst/sum[0]_i_17_0[0]
    SLICE_X59Y47         CARRY4 (Prop_carry4_S[0]_CO[3])
                                                      0.532    12.077 r  u_sys/inst_sysArr/genblk1[10].processUnits[9].inst/sum_reg[0]_i_26/CO[3]
                         net (fo=1, routed)           0.000    12.077    u_sys/inst_sysArr/genblk1[10].processUnits[9].inst/sum_reg[0]_i_26_n_0
    SLICE_X59Y48         CARRY4 (Prop_carry4_CI_O[0])
                                                      0.222    12.299 r  u_sys/inst_sysArr/genblk1[10].processUnits[9].inst/sum_reg[4]_i_19/O[0]
                         net (fo=3, routed)           0.876    13.175    u_sys/inst_sysArr/genblk1[10].processUnits[9].inst/sum_reg[4]_i_19_n_7
    SLICE_X53Y47         LUT5 (Prop_lut5_I2_O)        0.299    13.474 r  u_sys/inst_sysArr/genblk1[10].processUnits[9].inst/sum[4]_i_17/O
                         net (fo=1, routed)           0.000    13.474    u_sys/inst_sysArr/genblk1[10].processUnits[9].inst/sum[4]_i_17_n_0
    SLICE_X53Y47         CARRY4 (Prop_carry4_S[1]_CO[3])
                                                      0.550    14.024 r  u_sys/inst_sysArr/genblk1[10].processUnits[9].inst/sum_reg[4]_i_10/CO[3]
                         net (fo=1, routed)           0.000    14.024    u_sys/inst_sysArr/genblk1[10].processUnits[9].inst/sum_reg[4]_i_10_n_0
    SLICE_X53Y48         CARRY4 (Prop_carry4_CI_O[0])
                                                      0.222    14.246 r  u_sys/inst_sysArr/genblk1[10].processUnits[9].inst/sum_reg[8]_i_10/O[0]
                         net (fo=41, routed)          0.802    15.047    u_sys/inst_sysArr/genblk1[10].processUnits[9].inst/B[11]
    SLICE_X56Y49         LUT3 (Prop_lut3_I0_O)        0.299    15.346 r  u_sys/inst_sysArr/genblk1[10].processUnits[9].inst/sum[12]_i_8/O
                         net (fo=1, routed)           0.000    15.346    u_sys/inst_sysArr/genblk1[10].processUnits[9].inst/sum[12]_i_8_n_0
    SLICE_X56Y49         CARRY4 (Prop_carry4_S[1]_CO[3])
                                                      0.533    15.879 r  u_sys/inst_sysArr/genblk1[10].processUnits[9].inst/sum_reg[12]_i_1/CO[3]
                         net (fo=1, routed)           0.001    15.880    u_sys/inst_sysArr/genblk1[10].processUnits[9].inst/sum_reg[12]_i_1_n_0
    SLICE_X56Y50         CARRY4 (Prop_carry4_CI_CO[3])
                                                      0.117    15.997 r  u_sys/inst_sysArr/genblk1[10].processUnits[9].inst/sum_reg[16]_i_1/CO[3]
                         net (fo=1, routed)           0.000    15.997    u_sys/inst_sysArr/genblk1[10].processUnits[9].inst/sum_reg[16]_i_1_n_0
    SLICE_X56Y51         CARRY4 (Prop_carry4_CI_CO[3])
                                                      0.117    16.114 r  u_sys/inst_sysArr/genblk1[10].processUnits[9].inst/sum_reg[20]_i_1/CO[3]
                         net (fo=1, routed)           0.000    16.114    u_sys/inst_sysArr/genblk1[10].processUnits[9].inst/sum_reg[20]_i_1_n_0
    SLICE_X56Y52         CARRY4 (Prop_carry4_CI_CO[3])
                                                      0.117    16.231 r  u_sys/inst_sysArr/genblk1[10].processUnits[9].inst/sum_reg[24]_i_1/CO[3]
                         net (fo=1, routed)           0.000    16.231    u_sys/inst_sysArr/genblk1[10].processUnits[9].inst/sum_reg[24]_i_1_n_0
    SLICE_X56Y53         CARRY4 (Prop_carry4_CI_O[1])
                                                      0.323    16.554 r  u_sys/inst_sysArr/genblk1[10].processUnits[9].inst/sum_reg[28]_i_1/O[1]
                         net (fo=1, routed)           0.000    16.554    u_sys/inst_sysArr/genblk1[10].processUnits[9].inst/sum_reg[28]_i_1_n_6
    SLICE_X56Y53         FDCE                                         r  u_sys/inst_sysArr/genblk1[10].processUnits[9].inst/sum_reg[29]/D
  -------------------------------------------------------------------    -------------------

                         (clock sys_clk_pin rise edge)
                                                     10.000    10.000 r  
    W5                                                0.000    10.000 r  clk (IN)
                         net (fo=0)                   0.000    10.000    clk
    W5                   IBUF (Prop_ibuf_I_O)         1.388    11.388 r  clk_IBUF_inst/O
                         net (fo=1, routed)           1.862    13.250    clk_IBUF
    BUFGCTRL_X0Y0        BUFG (Prop_bufg_I_O)         0.091    13.341 r  clk_IBUF_BUFG_inst/O
                         net (fo=17251, routed)       1.443    14.784    u_sys/inst_sysArr/genblk1[10].processUnits[9].inst/clk_IBUF_BUFG
    SLICE_X56Y53         FDCE                                         r  u_sys/inst_sysArr/genblk1[10].processUnits[9].inst/sum_reg[29]/C
                         clock pessimism              0.187    14.971    
                         clock uncertainty           -0.035    14.935    
    SLICE_X56Y53         FDCE (Setup_fdce_C_D)        0.109    15.044    u_sys/inst_sysArr/genblk1[10].processUnits[9].inst/sum_reg[29]
  -------------------------------------------------------------------
                         required time                         15.044    
                         arrival time                         -16.554    
  -------------------------------------------------------------------
                         slack                                 -1.510    

Slack (VIOLATED) :        -1.502ns  (required time - arrival time)
  Source:                 u_sys/inst_kera_mem/w_lo_reg/CLKBWRCLK
                            (rising edge-triggered cell RAMB36E1 clocked by sys_clk_pin  {rise@0.000ns fall@5.000ns period=10.000ns})
  Destination:            u_sys/inst_sysArr/genblk1[10].processUnits[9].inst/sum_reg[31]/D
                            (rising edge-triggered cell FDCE clocked by sys_clk_pin  {rise@0.000ns fall@5.000ns period=10.000ns})
  Path Group:             sys_clk_pin
  Path Type:              Setup (Max at Slow Process Corner)
  Requirement:            10.000ns  (sys_clk_pin rise@10.000ns - sys_clk_pin rise@0.000ns)
  Data Path Delay:        11.427ns  (logic 6.025ns (52.727%)  route 5.402ns (47.273%))
  Logic Levels:           13  (CARRY4=9 LUT3=1 LUT5=1 LUT6=2)
  Clock Path Skew:        -0.149ns (DCD - SCD + CPR)
    Destination Clock Delay (DCD):    4.784ns = ( 14.784 - 10.000 ) 
    Source Clock Delay      (SCD):    5.119ns
    Clock Pessimism Removal (CPR):    0.187ns
  Clock Uncertainty:      0.035ns  ((TSJ^2 + TIJ^2)^1/2 + DJ) / 2 + PE
    Total System Jitter     (TSJ):    0.071ns
    Total Input Jitter      (TIJ):    0.000ns
    Discrete Jitter          (DJ):    0.000ns
    Phase Error              (PE):    0.000ns

    Location             Delay type                Incr(ns)  Path(ns)    Netlist Resource(s)
  -------------------------------------------------------------------    -------------------
                         (clock sys_clk_pin rise edge)
                                                      0.000     0.000 r  
    W5                                                0.000     0.000 r  clk (IN)
                         net (fo=0)                   0.000     0.000    clk
    W5                   IBUF (Prop_ibuf_I_O)         1.458     1.458 r  clk_IBUF_inst/O
                         net (fo=1, routed)           1.967     3.425    clk_IBUF
    BUFGCTRL_X0Y0        BUFG (Prop_bufg_I_O)         0.096     3.521 r  clk_IBUF_BUFG_inst/O
                         net (fo=17251, routed)       1.598     5.119    u_sys/inst_kera_mem/clk_IBUF_BUFG
    RAMB36_X0Y18         RAMB36E1                                     r  u_sys/inst_kera_mem/w_lo_reg/CLKBWRCLK
  -------------------------------------------------------------------    -------------------
    RAMB36_X0Y18         RAMB36E1 (Prop_ramb36e1_CLKBWRCLK_DOBDO[10])
                                                      2.454     7.573 r  u_sys/inst_kera_mem/w_lo_reg/DOBDO[10]
                         net (fo=256, routed)         2.095     9.668    u_sys/inst_sysArr/genblk1[10].processUnits[9].inst/DOBDO[2]
    SLICE_X38Y71         LUT6 (Prop_lut6_I0_O)        0.124     9.792 r  u_sys/inst_sysArr/genblk1[10].processUnits[9].inst/sum[0]_i_31/O
                         net (fo=2, routed)           1.628    11.421    u_sys/inst_kera_mem/sum_reg[0]_i_26_252[0]
    SLICE_X59Y47         LUT6 (Prop_lut6_I0_O)        0.124    11.545 r  u_sys/inst_kera_mem/sum[0]_i_35__253/O
                         net (fo=1, routed)           0.000    11.545    u_sys/inst_sysArr/genblk1[10].processUnits[9].inst/sum[0]_i_17_0[0]
    SLICE_X59Y47         CARRY4 (Prop_carry4_S[0]_CO[3])
                                                      0.532    12.077 r  u_sys/inst_sysArr/genblk1[10].processUnits[9].inst/sum_reg[0]_i_26/CO[3]
                         net (fo=1, routed)           0.000    12.077    u_sys/inst_sysArr/genblk1[10].processUnits[9].inst/sum_reg[0]_i_26_n_0
    SLICE_X59Y48         CARRY4 (Prop_carry4_CI_O[0])
                                                      0.222    12.299 r  u_sys/inst_sysArr/genblk1[10].processUnits[9].inst/sum_reg[4]_i_19/O[0]
                         net (fo=3, routed)           0.876    13.175    u_sys/inst_sysArr/genblk1[10].processUnits[9].inst/sum_reg[4]_i_19_n_7
    SLICE_X53Y47         LUT5 (Prop_lut5_I2_O)        0.299    13.474 r  u_sys/inst_sysArr/genblk1[10].processUnits[9].inst/sum[4]_i_17/O
                         net (fo=1, routed)           0.000    13.474    u_sys/inst_sysArr/genblk1[10].processUnits[9].inst/sum[4]_i_17_n_0
    SLICE_X53Y47         CARRY4 (Prop_carry4_S[1]_CO[3])
                                                      0.550    14.024 r  u_sys/inst_sysArr/genblk1[10].processUnits[9].inst/sum_reg[4]_i_10/CO[3]
                         net (fo=1, routed)           0.000    14.024    u_sys/inst_sysArr/genblk1[10].processUnits[9].inst/sum_reg[4]_i_10_n_0
    SLICE_X53Y48         CARRY4 (Prop_carry4_CI_O[0])
                                                      0.222    14.246 r  u_sys/inst_sysArr/genblk1[10].processUnits[9].inst/sum_reg[8]_i_10/O[0]
                         net (fo=41, routed)          0.802    15.047    u_sys/inst_sysArr/genblk1[10].processUnits[9].inst/B[11]
    SLICE_X56Y49         LUT3 (Prop_lut3_I0_O)        0.299    15.346 r  u_sys/inst_sysArr/genblk1[10].processUnits[9].inst/sum[12]_i_8/O
                         net (fo=1, routed)           0.000    15.346    u_sys/inst_sysArr/genblk1[10].processUnits[9].inst/sum[12]_i_8_n_0
    SLICE_X56Y49         CARRY4 (Prop_carry4_S[1]_CO[3])
                                                      0.533    15.879 r  u_sys/inst_sysArr/genblk1[10].processUnits[9].inst/sum_reg[12]_i_1/CO[3]
                         net (fo=1, routed)           0.001    15.880    u_sys/inst_sysArr/genblk1[10].processUnits[9].inst/sum_reg[12]_i_1_n_0
    SLICE_X56Y50         CARRY4 (Prop_carry4_CI_CO[3])
                                                      0.117    15.997 r  u_sys/inst_sysArr/genblk1[10].processUnits[9].inst/sum_reg[16]_i_1/CO[3]
                         net (fo=1, routed)           0.000    15.997    u_sys/inst_sysArr/genblk1[10].processUnits[9].inst/sum_reg[16]_i_1_n_0
    SLICE_X56Y51         CARRY4 (Prop_carry4_CI_CO[3])
                                                      0.117    16.114 r  u_sys/inst_sysArr/genblk1[10].processUnits[9].inst/sum_reg[20]_i_1/CO[3]
                         net (fo=1, routed)           0.000    16.114    u_sys/inst_sysArr/genblk1[10].processUnits[9].inst/sum_reg[20]_i_1_n_0
    SLICE_X56Y52         CARRY4 (Prop_carry4_CI_CO[3])
                                                      0.117    16.231 r  u_sys/inst_sysArr/genblk1[10].processUnits[9].inst/sum_reg[24]_i_1/CO[3]
                         net (fo=1, routed)           0.000    16.231    u_sys/inst_sysArr/genblk1[10].processUnits[9].inst/sum_reg[24]_i_1_n_0
    SLICE_X56Y53         CARRY4 (Prop_carry4_CI_O[3])
                                                      0.315    16.546 r  u_sys/inst_sysArr/genblk1[10].processUnits[9].inst/sum_reg[28]_i_1/O[3]
                         net (fo=1, routed)           0.000    16.546    u_sys/inst_sysArr/genblk1[10].processUnits[9].inst/sum_reg[28]_i_1_n_4
    SLICE_X56Y53         FDCE                                         r  u_sys/inst_sysArr/genblk1[10].processUnits[9].inst/sum_reg[31]/D
  -------------------------------------------------------------------    -------------------

                         (clock sys_clk_pin rise edge)
                                                     10.000    10.000 r  
    W5                                                0.000    10.000 r  clk (IN)
                         net (fo=0)                   0.000    10.000    clk
    W5                   IBUF (Prop_ibuf_I_O)         1.388    11.388 r  clk_IBUF_inst/O
                         net (fo=1, routed)           1.862    13.250    clk_IBUF
    BUFGCTRL_X0Y0        BUFG (Prop_bufg_I_O)         0.091    13.341 r  clk_IBUF_BUFG_inst/O
                         net (fo=17251, routed)       1.443    14.784    u_sys/inst_sysArr/genblk1[10].processUnits[9].inst/clk_IBUF_BUFG
    SLICE_X56Y53         FDCE                                         r  u_sys/inst_sysArr/genblk1[10].processUnits[9].inst/sum_reg[31]/C
                         clock pessimism              0.187    14.971    
                         clock uncertainty           -0.035    14.935    
    SLICE_X56Y53         FDCE (Setup_fdce_C_D)        0.109    15.044    u_sys/inst_sysArr/genblk1[10].processUnits[9].inst/sum_reg[31]
  -------------------------------------------------------------------
                         required time                         15.044    
                         arrival time                         -16.546    
  -------------------------------------------------------------------
                         slack                                 -1.502    

Slack (VIOLATED) :        -1.453ns  (required time - arrival time)
  Source:                 u_sys/inst_kera_mem/w_lo_reg/CLKBWRCLK
                            (rising edge-triggered cell RAMB36E1 clocked by sys_clk_pin  {rise@0.000ns fall@5.000ns period=10.000ns})
  Destination:            u_sys/inst_sysArr/genblk1[10].processUnits[2].inst/sum_reg[30]/D
                            (rising edge-triggered cell FDCE clocked by sys_clk_pin  {rise@0.000ns fall@5.000ns period=10.000ns})
  Path Group:             sys_clk_pin
  Path Type:              Setup (Max at Slow Process Corner)
  Requirement:            10.000ns  (sys_clk_pin rise@10.000ns - sys_clk_pin rise@0.000ns)
  Data Path Delay:        11.330ns  (logic 5.580ns (49.249%)  route 5.750ns (50.751%))
  Logic Levels:           12  (CARRY4=8 LUT3=1 LUT5=1 LUT6=2)
  Clock Path Skew:        -0.150ns (DCD - SCD + CPR)
    Destination Clock Delay (DCD):    4.783ns = ( 14.783 - 10.000 ) 
    Source Clock Delay      (SCD):    5.119ns
    Clock Pessimism Removal (CPR):    0.187ns
  Clock Uncertainty:      0.035ns  ((TSJ^2 + TIJ^2)^1/2 + DJ) / 2 + PE
    Total System Jitter     (TSJ):    0.071ns
    Total Input Jitter      (TIJ):    0.000ns
    Discrete Jitter          (DJ):    0.000ns
    Phase Error              (PE):    0.000ns

    Location             Delay type                Incr(ns)  Path(ns)    Netlist Resource(s)
  -------------------------------------------------------------------    -------------------
                         (clock sys_clk_pin rise edge)
                                                      0.000     0.000 r  
    W5                                                0.000     0.000 r  clk (IN)
                         net (fo=0)                   0.000     0.000    clk
    W5                   IBUF (Prop_ibuf_I_O)         1.458     1.458 r  clk_IBUF_inst/O
                         net (fo=1, routed)           1.967     3.425    clk_IBUF
    BUFGCTRL_X0Y0        BUFG (Prop_bufg_I_O)         0.096     3.521 r  clk_IBUF_BUFG_inst/O
                         net (fo=17251, routed)       1.598     5.119    u_sys/inst_kera_mem/clk_IBUF_BUFG
    RAMB36_X0Y18         RAMB36E1                                     r  u_sys/inst_kera_mem/w_lo_reg/CLKBWRCLK
  -------------------------------------------------------------------    -------------------
    RAMB36_X0Y18         RAMB36E1 (Prop_ramb36e1_CLKBWRCLK_DOBDO[9])
                                                      2.454     7.573 r  u_sys/inst_kera_mem/w_lo_reg/DOBDO[9]
                         net (fo=272, routed)         2.128     9.701    u_sys/inst_kera_mem/DOBDO[1]
    SLICE_X38Y71         LUT6 (Prop_lut6_I2_O)        0.124     9.825 r  u_sys/inst_kera_mem/sum[0]_i_29__186/O
                         net (fo=2, routed)           1.586    11.412    u_sys/inst_kera_mem/sum[0]_i_29__186_n_0
    SLICE_X58Y49         LUT6 (Prop_lut6_I0_O)        0.124    11.536 r  u_sys/inst_kera_mem/sum[0]_i_33__186/O
                         net (fo=1, routed)           0.000    11.536    u_sys/inst_kera_mem/sum[0]_i_33__186_n_0
    SLICE_X58Y49         CARRY4 (Prop_carry4_S[2]_CO[3])
                                                      0.398    11.934 r  u_sys/inst_kera_mem/sum_reg[0]_i_26__185/CO[3]
                         net (fo=1, routed)           0.001    11.934    u_sys/inst_kera_mem/sum_reg[0]_i_26__185_n_0
    SLICE_X58Y50         CARRY4 (Prop_carry4_CI_CO[2])
                                                      0.228    12.162 r  u_sys/inst_kera_mem/sum_reg[4]_i_19__186/CO[2]
                         net (fo=2, routed)           1.079    13.241    u_sys/inst_kera_mem/sum_reg[4]_i_19__186_n_1
    SLICE_X57Y45         LUT5 (Prop_lut5_I2_O)        0.313    13.554 r  u_sys/inst_kera_mem/sum[4]_i_15__186/O
                         net (fo=1, routed)           0.000    13.554    u_sys/inst_kera_mem/sum[4]_i_15__186_n_0
    SLICE_X57Y45         CARRY4 (Prop_carry4_S[3]_CO[3])
                                                      0.401    13.955 r  u_sys/inst_kera_mem/sum_reg[4]_i_10__186/CO[3]
                         net (fo=1, routed)           0.000    13.955    u_sys/inst_kera_mem/sum_reg[4]_i_10__186_n_0
    SLICE_X57Y46         CARRY4 (Prop_carry4_CI_O[0])
                                                      0.222    14.177 r  u_sys/inst_kera_mem/sum_reg[8]_i_10__186/O[0]
                         net (fo=41, routed)          0.957    15.134    u_sys/inst_kera_mem/inst_sysArr/genblk1[10].processUnits[2].inst/B[11]
    SLICE_X55Y53         LUT3 (Prop_lut3_I0_O)        0.299    15.433 r  u_sys/inst_kera_mem/sum[16]_i_8__186/O
                         net (fo=1, routed)           0.000    15.433    u_sys/inst_kera_mem/sum[16]_i_8__186_n_0
    SLICE_X55Y53         CARRY4 (Prop_carry4_S[1]_CO[3])
                                                      0.550    15.983 r  u_sys/inst_kera_mem/sum_reg[16]_i_1__186/CO[3]
                         net (fo=1, routed)           0.000    15.983    u_sys/inst_kera_mem/sum_reg[16]_i_1__186_n_0
    SLICE_X55Y54         CARRY4 (Prop_carry4_CI_CO[3])
                                                      0.114    16.097 r  u_sys/inst_kera_mem/sum_reg[20]_i_1__186/CO[3]
                         net (fo=1, routed)           0.000    16.097    u_sys/inst_kera_mem/sum_reg[20]_i_1__186_n_0
    SLICE_X55Y55         CARRY4 (Prop_carry4_CI_CO[3])
                                                      0.114    16.211 r  u_sys/inst_kera_mem/sum_reg[24]_i_1__186/CO[3]
                         net (fo=1, routed)           0.000    16.211    u_sys/inst_kera_mem/sum_reg[24]_i_1__186_n_0
    SLICE_X55Y56         CARRY4 (Prop_carry4_CI_O[2])
                                                      0.239    16.450 r  u_sys/inst_kera_mem/sum_reg[28]_i_1__186/O[2]
                         net (fo=1, routed)           0.000    16.450    u_sys/inst_sysArr/genblk1[10].processUnits[2].inst/sum_reg[31]_1[2]
    SLICE_X55Y56         FDCE                                         r  u_sys/inst_sysArr/genblk1[10].processUnits[2].inst/sum_reg[30]/D
  -------------------------------------------------------------------    -------------------

                         (clock sys_clk_pin rise edge)
                                                     10.000    10.000 r  
    W5                                                0.000    10.000 r  clk (IN)
                         net (fo=0)                   0.000    10.000    clk
    W5                   IBUF (Prop_ibuf_I_O)         1.388    11.388 r  clk_IBUF_inst/O
                         net (fo=1, routed)           1.862    13.250    clk_IBUF
    BUFGCTRL_X0Y0        BUFG (Prop_bufg_I_O)         0.091    13.341 r  clk_IBUF_BUFG_inst/O
                         net (fo=17251, routed)       1.442    14.783    u_sys/inst_sysArr/genblk1[10].processUnits[2].inst/clk_IBUF_BUFG
    SLICE_X55Y56         FDCE                                         r  u_sys/inst_sysArr/genblk1[10].processUnits[2].inst/sum_reg[30]/C
                         clock pessimism              0.187    14.970    
                         clock uncertainty           -0.035    14.934    
    SLICE_X55Y56         FDCE (Setup_fdce_C_D)        0.062    14.996    u_sys/inst_sysArr/genblk1[10].processUnits[2].inst/sum_reg[30]
  -------------------------------------------------------------------
                         required time                         14.996    
                         arrival time                         -16.450    
  -------------------------------------------------------------------
                         slack                                 -1.453    

Slack (VIOLATED) :        -1.437ns  (required time - arrival time)
  Source:                 u_sys/inst_kera_mem/w_lo_reg/CLKBWRCLK
                            (rising edge-triggered cell RAMB36E1 clocked by sys_clk_pin  {rise@0.000ns fall@5.000ns period=10.000ns})
  Destination:            u_sys/inst_sysArr/genblk1[10].processUnits[2].inst/sum_reg[28]/D
                            (rising edge-triggered cell FDCE clocked by sys_clk_pin  {rise@0.000ns fall@5.000ns period=10.000ns})
  Path Group:             sys_clk_pin
  Path Type:              Setup (Max at Slow Process Corner)
  Requirement:            10.000ns  (sys_clk_pin rise@10.000ns - sys_clk_pin rise@0.000ns)
  Data Path Delay:        11.314ns  (logic 5.564ns (49.177%)  route 5.750ns (50.823%))
  Logic Levels:           12  (CARRY4=8 LUT3=1 LUT5=1 LUT6=2)
  Clock Path Skew:        -0.150ns (DCD - SCD + CPR)
    Destination Clock Delay (DCD):    4.783ns = ( 14.783 - 10.000 ) 
    Source Clock Delay      (SCD):    5.119ns
    Clock Pessimism Removal (CPR):    0.187ns
  Clock Uncertainty:      0.035ns  ((TSJ^2 + TIJ^2)^1/2 + DJ) / 2 + PE
    Total System Jitter     (TSJ):    0.071ns
    Total Input Jitter      (TIJ):    0.000ns
    Discrete Jitter          (DJ):    0.000ns
    Phase Error              (PE):    0.000ns

    Location             Delay type                Incr(ns)  Path(ns)    Netlist Resource(s)
  -------------------------------------------------------------------    -------------------
                         (clock sys_clk_pin rise edge)
                                                      0.000     0.000 r  
    W5                                                0.000     0.000 r  clk (IN)
                         net (fo=0)                   0.000     0.000    clk
    W5                   IBUF (Prop_ibuf_I_O)         1.458     1.458 r  clk_IBUF_inst/O
                         net (fo=1, routed)           1.967     3.425    clk_IBUF
    BUFGCTRL_X0Y0        BUFG (Prop_bufg_I_O)         0.096     3.521 r  clk_IBUF_BUFG_inst/O
                         net (fo=17251, routed)       1.598     5.119    u_sys/inst_kera_mem/clk_IBUF_BUFG
    RAMB36_X0Y18         RAMB36E1                                     r  u_sys/inst_kera_mem/w_lo_reg/CLKBWRCLK
  -------------------------------------------------------------------    -------------------
    RAMB36_X0Y18         RAMB36E1 (Prop_ramb36e1_CLKBWRCLK_DOBDO[9])
                                                      2.454     7.573 r  u_sys/inst_kera_mem/w_lo_reg/DOBDO[9]
                         net (fo=272, routed)         2.128     9.701    u_sys/inst_kera_mem/DOBDO[1]
    SLICE_X38Y71         LUT6 (Prop_lut6_I2_O)        0.124     9.825 r  u_sys/inst_kera_mem/sum[0]_i_29__186/O
                         net (fo=2, routed)           1.586    11.412    u_sys/inst_kera_mem/sum[0]_i_29__186_n_0
    SLICE_X58Y49         LUT6 (Prop_lut6_I0_O)        0.124    11.536 r  u_sys/inst_kera_mem/sum[0]_i_33__186/O
                         net (fo=1, routed)           0.000    11.536    u_sys/inst_kera_mem/sum[0]_i_33__186_n_0
    SLICE_X58Y49         CARRY4 (Prop_carry4_S[2]_CO[3])
                                                      0.398    11.934 r  u_sys/inst_kera_mem/sum_reg[0]_i_26__185/CO[3]
                         net (fo=1, routed)           0.001    11.934    u_sys/inst_kera_mem/sum_reg[0]_i_26__185_n_0
    SLICE_X58Y50         CARRY4 (Prop_carry4_CI_CO[2])
                                                      0.228    12.162 r  u_sys/inst_kera_mem/sum_reg[4]_i_19__186/CO[2]
                         net (fo=2, routed)           1.079    13.241    u_sys/inst_kera_mem/sum_reg[4]_i_19__186_n_1
    SLICE_X57Y45         LUT5 (Prop_lut5_I2_O)        0.313    13.554 r  u_sys/inst_kera_mem/sum[4]_i_15__186/O
                         net (fo=1, routed)           0.000    13.554    u_sys/inst_kera_mem/sum[4]_i_15__186_n_0
    SLICE_X57Y45         CARRY4 (Prop_carry4_S[3]_CO[3])
                                                      0.401    13.955 r  u_sys/inst_kera_mem/sum_reg[4]_i_10__186/CO[3]
                         net (fo=1, routed)           0.000    13.955    u_sys/inst_kera_mem/sum_reg[4]_i_10__186_n_0
    SLICE_X57Y46         CARRY4 (Prop_carry4_CI_O[0])
                                                      0.222    14.177 r  u_sys/inst_kera_mem/sum_reg[8]_i_10__186/O[0]
                         net (fo=41, routed)          0.957    15.134    u_sys/inst_kera_mem/inst_sysArr/genblk1[10].processUnits[2].inst/B[11]
    SLICE_X55Y53         LUT3 (Prop_lut3_I0_O)        0.299    15.433 r  u_sys/inst_kera_mem/sum[16]_i_8__186/O
                         net (fo=1, routed)           0.000    15.433    u_sys/inst_kera_mem/sum[16]_i_8__186_n_0
    SLICE_X55Y53         CARRY4 (Prop_carry4_S[1]_CO[3])
                                                      0.550    15.983 r  u_sys/inst_kera_mem/sum_reg[16]_i_1__186/CO[3]
                         net (fo=1, routed)           0.000    15.983    u_sys/inst_kera_mem/sum_reg[16]_i_1__186_n_0
    SLICE_X55Y54         CARRY4 (Prop_carry4_CI_CO[3])
                                                      0.114    16.097 r  u_sys/inst_kera_mem/sum_reg[20]_i_1__186/CO[3]
                         net (fo=1, routed)           0.000    16.097    u_sys/inst_kera_mem/sum_reg[20]_i_1__186_n_0
    SLICE_X55Y55         CARRY4 (Prop_carry4_CI_CO[3])
                                                      0.114    16.211 r  u_sys/inst_kera_mem/sum_reg[24]_i_1__186/CO[3]
                         net (fo=1, routed)           0.000    16.211    u_sys/inst_kera_mem/sum_reg[24]_i_1__186_n_0
    SLICE_X55Y56         CARRY4 (Prop_carry4_CI_O[0])
                                                      0.223    16.434 r  u_sys/inst_kera_mem/sum_reg[28]_i_1__186/O[0]
                         net (fo=1, routed)           0.000    16.434    u_sys/inst_sysArr/genblk1[10].processUnits[2].inst/sum_reg[31]_1[0]
    SLICE_X55Y56         FDCE                                         r  u_sys/inst_sysArr/genblk1[10].processUnits[2].inst/sum_reg[28]/D
  -------------------------------------------------------------------    -------------------

                         (clock sys_clk_pin rise edge)
                                                     10.000    10.000 r  
    W5                                                0.000    10.000 r  clk (IN)
                         net (fo=0)                   0.000    10.000    clk
    W5                   IBUF (Prop_ibuf_I_O)         1.388    11.388 r  clk_IBUF_inst/O
                         net (fo=1, routed)           1.862    13.250    clk_IBUF
    BUFGCTRL_X0Y0        BUFG (Prop_bufg_I_O)         0.091    13.341 r  clk_IBUF_BUFG_inst/O
                         net (fo=17251, routed)       1.442    14.783    u_sys/inst_sysArr/genblk1[10].processUnits[2].inst/clk_IBUF_BUFG
    SLICE_X55Y56         FDCE                                         r  u_sys/inst_sysArr/genblk1[10].processUnits[2].inst/sum_reg[28]/C
                         clock pessimism              0.187    14.970    
                         clock uncertainty           -0.035    14.934    
    SLICE_X55Y56         FDCE (Setup_fdce_C_D)        0.062    14.996    u_sys/inst_sysArr/genblk1[10].processUnits[2].inst/sum_reg[28]
  -------------------------------------------------------------------
                         required time                         14.996    
                         arrival time                         -16.434    
  -------------------------------------------------------------------
                         slack                                 -1.437    

Slack (VIOLATED) :        -1.434ns  (required time - arrival time)
  Source:                 u_sys/inst_kera_mem/w_lo_reg/CLKBWRCLK
                            (rising edge-triggered cell RAMB36E1 clocked by sys_clk_pin  {rise@0.000ns fall@5.000ns period=10.000ns})
  Destination:            u_sys/inst_sysArr/genblk1[10].processUnits[2].inst/sum_reg[25]/D
                            (rising edge-triggered cell FDCE clocked by sys_clk_pin  {rise@0.000ns fall@5.000ns period=10.000ns})
  Path Group:             sys_clk_pin
  Path Type:              Setup (Max at Slow Process Corner)
  Requirement:            10.000ns  (sys_clk_pin rise@10.000ns - sys_clk_pin rise@0.000ns)
  Data Path Delay:        11.311ns  (logic 5.561ns (49.163%)  route 5.750ns (50.837%))
  Logic Levels:           11  (CARRY4=7 LUT3=1 LUT5=1 LUT6=2)
  Clock Path Skew:        -0.150ns (DCD - SCD + CPR)
    Destination Clock Delay (DCD):    4.783ns = ( 14.783 - 10.000 ) 
    Source Clock Delay      (SCD):    5.119ns
    Clock Pessimism Removal (CPR):    0.187ns
  Clock Uncertainty:      0.035ns  ((TSJ^2 + TIJ^2)^1/2 + DJ) / 2 + PE
    Total System Jitter     (TSJ):    0.071ns
    Total Input Jitter      (TIJ):    0.000ns
    Discrete Jitter          (DJ):    0.000ns
    Phase Error              (PE):    0.000ns

    Location             Delay type                Incr(ns)  Path(ns)    Netlist Resource(s)
  -------------------------------------------------------------------    -------------------
                         (clock sys_clk_pin rise edge)
                                                      0.000     0.000 r  
    W5                                                0.000     0.000 r  clk (IN)
                         net (fo=0)                   0.000     0.000    clk
    W5                   IBUF (Prop_ibuf_I_O)         1.458     1.458 r  clk_IBUF_inst/O
                         net (fo=1, routed)           1.967     3.425    clk_IBUF
    BUFGCTRL_X0Y0        BUFG (Prop_bufg_I_O)         0.096     3.521 r  clk_IBUF_BUFG_inst/O
                         net (fo=17251, routed)       1.598     5.119    u_sys/inst_kera_mem/clk_IBUF_BUFG
    RAMB36_X0Y18         RAMB36E1                                     r  u_sys/inst_kera_mem/w_lo_reg/CLKBWRCLK
  -------------------------------------------------------------------    -------------------
    RAMB36_X0Y18         RAMB36E1 (Prop_ramb36e1_CLKBWRCLK_DOBDO[9])
                                                      2.454     7.573 r  u_sys/inst_kera_mem/w_lo_reg/DOBDO[9]
                         net (fo=272, routed)         2.128     9.701    u_sys/inst_kera_mem/DOBDO[1]
    SLICE_X38Y71         LUT6 (Prop_lut6_I2_O)        0.124     9.825 r  u_sys/inst_kera_mem/sum[0]_i_29__186/O
                         net (fo=2, routed)           1.586    11.412    u_sys/inst_kera_mem/sum[0]_i_29__186_n_0
    SLICE_X58Y49         LUT6 (Prop_lut6_I0_O)        0.124    11.536 r  u_sys/inst_kera_mem/sum[0]_i_33__186/O
                         net (fo=1, routed)           0.000    11.536    u_sys/inst_kera_mem/sum[0]_i_33__186_n_0
    SLICE_X58Y49         CARRY4 (Prop_carry4_S[2]_CO[3])
                                                      0.398    11.934 r  u_sys/inst_kera_mem/sum_reg[0]_i_26__185/CO[3]
                         net (fo=1, routed)           0.001    11.934    u_sys/inst_kera_mem/sum_reg[0]_i_26__185_n_0
    SLICE_X58Y50         CARRY4 (Prop_carry4_CI_CO[2])
                                                      0.228    12.162 r  u_sys/inst_kera_mem/sum_reg[4]_i_19__186/CO[2]
                         net (fo=2, routed)           1.079    13.241    u_sys/inst_kera_mem/sum_reg[4]_i_19__186_n_1
    SLICE_X57Y45         LUT5 (Prop_lut5_I2_O)        0.313    13.554 r  u_sys/inst_kera_mem/sum[4]_i_15__186/O
                         net (fo=1, routed)           0.000    13.554    u_sys/inst_kera_mem/sum[4]_i_15__186_n_0
    SLICE_X57Y45         CARRY4 (Prop_carry4_S[3]_CO[3])
                                                      0.401    13.955 r  u_sys/inst_kera_mem/sum_reg[4]_i_10__186/CO[3]
                         net (fo=1, routed)           0.000    13.955    u_sys/inst_kera_mem/sum_reg[4]_i_10__186_n_0
    SLICE_X57Y46         CARRY4 (Prop_carry4_CI_O[0])
                                                      0.222    14.177 r  u_sys/inst_kera_mem/sum_reg[8]_i_10__186/O[0]
                         net (fo=41, routed)          0.957    15.134    u_sys/inst_kera_mem/inst_sysArr/genblk1[10].processUnits[2].inst/B[11]
    SLICE_X55Y53         LUT3 (Prop_lut3_I0_O)        0.299    15.433 r  u_sys/inst_kera_mem/sum[16]_i_8__186/O
                         net (fo=1, routed)           0.000    15.433    u_sys/inst_kera_mem/sum[16]_i_8__186_n_0
    SLICE_X55Y53         CARRY4 (Prop_carry4_S[1]_CO[3])
                                                      0.550    15.983 r  u_sys/inst_kera_mem/sum_reg[16]_i_1__186/CO[3]
                         net (fo=1, routed)           0.000    15.983    u_sys/inst_kera_mem/sum_reg[16]_i_1__186_n_0
    SLICE_X55Y54         CARRY4 (Prop_carry4_CI_CO[3])
                                                      0.114    16.097 r  u_sys/inst_kera_mem/sum_reg[20]_i_1__186/CO[3]
                         net (fo=1, routed)           0.000    16.097    u_sys/inst_kera_mem/sum_reg[20]_i_1__186_n_0
    SLICE_X55Y55         CARRY4 (Prop_carry4_CI_O[1])
                                                      0.334    16.431 r  u_sys/inst_kera_mem/sum_reg[24]_i_1__186/O[1]
                         net (fo=1, routed)           0.000    16.431    u_sys/inst_sysArr/genblk1[10].processUnits[2].inst/sum_reg[27]_0[1]
    SLICE_X55Y55         FDCE                                         r  u_sys/inst_sysArr/genblk1[10].processUnits[2].inst/sum_reg[25]/D
  -------------------------------------------------------------------    -------------------

                         (clock sys_clk_pin rise edge)
                                                     10.000    10.000 r  
    W5                                                0.000    10.000 r  clk (IN)
                         net (fo=0)                   0.000    10.000    clk
    W5                   IBUF (Prop_ibuf_I_O)         1.388    11.388 r  clk_IBUF_inst/O
                         net (fo=1, routed)           1.862    13.250    clk_IBUF
    BUFGCTRL_X0Y0        BUFG (Prop_bufg_I_O)         0.091    13.341 r  clk_IBUF_BUFG_inst/O
                         net (fo=17251, routed)       1.442    14.783    u_sys/inst_sysArr/genblk1[10].processUnits[2].inst/clk_IBUF_BUFG
    SLICE_X55Y55         FDCE                                         r  u_sys/inst_sysArr/genblk1[10].processUnits[2].inst/sum_reg[25]/C
                         clock pessimism              0.187    14.970    
                         clock uncertainty           -0.035    14.934    
    SLICE_X55Y55         FDCE (Setup_fdce_C_D)        0.062    14.996    u_sys/inst_sysArr/genblk1[10].processUnits[2].inst/sum_reg[25]
  -------------------------------------------------------------------
                         required time                         14.996    
                         arrival time                         -16.431    
  -------------------------------------------------------------------
                         slack                                 -1.434    

Slack (VIOLATED) :        -1.426ns  (required time - arrival time)
  Source:                 u_sys/inst_kera_mem/w_lo_reg/CLKBWRCLK
                            (rising edge-triggered cell RAMB36E1 clocked by sys_clk_pin  {rise@0.000ns fall@5.000ns period=10.000ns})
  Destination:            u_sys/inst_sysArr/genblk1[10].processUnits[9].inst/sum_reg[30]/D
                            (rising edge-triggered cell FDCE clocked by sys_clk_pin  {rise@0.000ns fall@5.000ns period=10.000ns})
  Path Group:             sys_clk_pin
  Path Type:              Setup (Max at Slow Process Corner)
  Requirement:            10.000ns  (sys_clk_pin rise@10.000ns - sys_clk_pin rise@0.000ns)
  Data Path Delay:        11.351ns  (logic 5.949ns (52.410%)  route 5.402ns (47.590%))
  Logic Levels:           13  (CARRY4=9 LUT3=1 LUT5=1 LUT6=2)
  Clock Path Skew:        -0.149ns (DCD - SCD + CPR)
    Destination Clock Delay (DCD):    4.784ns = ( 14.784 - 10.000 ) 
    Source Clock Delay      (SCD):    5.119ns
    Clock Pessimism Removal (CPR):    0.187ns
  Clock Uncertainty:      0.035ns  ((TSJ^2 + TIJ^2)^1/2 + DJ) / 2 + PE
    Total System Jitter     (TSJ):    0.071ns
    Total Input Jitter      (TIJ):    0.000ns
    Discrete Jitter          (DJ):    0.000ns
    Phase Error              (PE):    0.000ns

    Location             Delay type                Incr(ns)  Path(ns)    Netlist Resource(s)
  -------------------------------------------------------------------    -------------------
                         (clock sys_clk_pin rise edge)
                                                      0.000     0.000 r  
    W5                                                0.000     0.000 r  clk (IN)
                         net (fo=0)                   0.000     0.000    clk
    W5                   IBUF (Prop_ibuf_I_O)         1.458     1.458 r  clk_IBUF_inst/O
                         net (fo=1, routed)           1.967     3.425    clk_IBUF
    BUFGCTRL_X0Y0        BUFG (Prop_bufg_I_O)         0.096     3.521 r  clk_IBUF_BUFG_inst/O
                         net (fo=17251, routed)       1.598     5.119    u_sys/inst_kera_mem/clk_IBUF_BUFG
    RAMB36_X0Y18         RAMB36E1                                     r  u_sys/inst_kera_mem/w_lo_reg/CLKBWRCLK
  -------------------------------------------------------------------    -------------------
    RAMB36_X0Y18         RAMB36E1 (Prop_ramb36e1_CLKBWRCLK_DOBDO[10])
                                                      2.454     7.573 r  u_sys/inst_kera_mem/w_lo_reg/DOBDO[10]
                         net (fo=256, routed)         2.095     9.668    u_sys/inst_sysArr/genblk1[10].processUnits[9].inst/DOBDO[2]
    SLICE_X38Y71         LUT6 (Prop_lut6_I0_O)        0.124     9.792 r  u_sys/inst_sysArr/genblk1[10].processUnits[9].inst/sum[0]_i_31/O
                         net (fo=2, routed)           1.628    11.421    u_sys/inst_kera_mem/sum_reg[0]_i_26_252[0]
    SLICE_X59Y47         LUT6 (Prop_lut6_I0_O)        0.124    11.545 r  u_sys/inst_kera_mem/sum[0]_i_35__253/O
                         net (fo=1, routed)           0.000    11.545    u_sys/inst_sysArr/genblk1[10].processUnits[9].inst/sum[0]_i_17_0[0]
    SLICE_X59Y47         CARRY4 (Prop_carry4_S[0]_CO[3])
                                                      0.532    12.077 r  u_sys/inst_sysArr/genblk1[10].processUnits[9].inst/sum_reg[0]_i_26/CO[3]
                         net (fo=1, routed)           0.000    12.077    u_sys/inst_sysArr/genblk1[10].processUnits[9].inst/sum_reg[0]_i_26_n_0
    SLICE_X59Y48         CARRY4 (Prop_carry4_CI_O[0])
                                                      0.222    12.299 r  u_sys/inst_sysArr/genblk1[10].processUnits[9].inst/sum_reg[4]_i_19/O[0]
                         net (fo=3, routed)           0.876    13.175    u_sys/inst_sysArr/genblk1[10].processUnits[9].inst/sum_reg[4]_i_19_n_7
    SLICE_X53Y47         LUT5 (Prop_lut5_I2_O)        0.299    13.474 r  u_sys/inst_sysArr/genblk1[10].processUnits[9].inst/sum[4]_i_17/O
                         net (fo=1, routed)           0.000    13.474    u_sys/inst_sysArr/genblk1[10].processUnits[9].inst/sum[4]_i_17_n_0
    SLICE_X53Y47         CARRY4 (Prop_carry4_S[1]_CO[3])
                                                      0.550    14.024 r  u_sys/inst_sysArr/genblk1[10].processUnits[9].inst/sum_reg[4]_i_10/CO[3]
                         net (fo=1, routed)           0.000    14.024    u_sys/inst_sysArr/genblk1[10].processUnits[9].inst/sum_reg[4]_i_10_n_0
    SLICE_X53Y48         CARRY4 (Prop_carry4_CI_O[0])
                                                      0.222    14.246 r  u_sys/inst_sysArr/genblk1[10].processUnits[9].inst/sum_reg[8]_i_10/O[0]
                         net (fo=41, routed)          0.802    15.047    u_sys/inst_sysArr/genblk1[10].processUnits[9].inst/B[11]
    SLICE_X56Y49         LUT3 (Prop_lut3_I0_O)        0.299    15.346 r  u_sys/inst_sysArr/genblk1[10].processUnits[9].inst/sum[12]_i_8/O
                         net (fo=1, routed)           0.000    15.346    u_sys/inst_sysArr/genblk1[10].processUnits[9].inst/sum[12]_i_8_n_0
    SLICE_X56Y49         CARRY4 (Prop_carry4_S[1]_CO[3])
                                                      0.533    15.879 r  u_sys/inst_sysArr/genblk1[10].processUnits[9].inst/sum_reg[12]_i_1/CO[3]
                         net (fo=1, routed)           0.001    15.880    u_sys/inst_sysArr/genblk1[10].processUnits[9].inst/sum_reg[12]_i_1_n_0
    SLICE_X56Y50         CARRY4 (Prop_carry4_CI_CO[3])
                                                      0.117    15.997 r  u_sys/inst_sysArr/genblk1[10].processUnits[9].inst/sum_reg[16]_i_1/CO[3]
                         net (fo=1, routed)           0.000    15.997    u_sys/inst_sysArr/genblk1[10].processUnits[9].inst/sum_reg[16]_i_1_n_0
    SLICE_X56Y51         CARRY4 (Prop_carry4_CI_CO[3])
                                                      0.117    16.114 r  u_sys/inst_sysArr/genblk1[10].processUnits[9].inst/sum_reg[20]_i_1/CO[3]
                         net (fo=1, routed)           0.000    16.114    u_sys/inst_sysArr/genblk1[10].processUnits[9].inst/sum_reg[20]_i_1_n_0
    SLICE_X56Y52         CARRY4 (Prop_carry4_CI_CO[3])
                                                      0.117    16.231 r  u_sys/inst_sysArr/genblk1[10].processUnits[9].inst/sum_reg[24]_i_1/CO[3]
                         net (fo=1, routed)           0.000    16.231    u_sys/inst_sysArr/genblk1[10].processUnits[9].inst/sum_reg[24]_i_1_n_0
    SLICE_X56Y53         CARRY4 (Prop_carry4_CI_O[2])
                                                      0.239    16.470 r  u_sys/inst_sysArr/genblk1[10].processUnits[9].inst/sum_reg[28]_i_1/O[2]
                         net (fo=1, routed)           0.000    16.470    u_sys/inst_sysArr/genblk1[10].processUnits[9].inst/sum_reg[28]_i_1_n_5
    SLICE_X56Y53         FDCE                                         r  u_sys/inst_sysArr/genblk1[10].processUnits[9].inst/sum_reg[30]/D
  -------------------------------------------------------------------    -------------------

                         (clock sys_clk_pin rise edge)
                                                     10.000    10.000 r  
    W5                                                0.000    10.000 r  clk (IN)
                         net (fo=0)                   0.000    10.000    clk
    W5                   IBUF (Prop_ibuf_I_O)         1.388    11.388 r  clk_IBUF_inst/O
                         net (fo=1, routed)           1.862    13.250    clk_IBUF
    BUFGCTRL_X0Y0        BUFG (Prop_bufg_I_O)         0.091    13.341 r  clk_IBUF_BUFG_inst/O
                         net (fo=17251, routed)       1.443    14.784    u_sys/inst_sysArr/genblk1[10].processUnits[9].inst/clk_IBUF_BUFG
    SLICE_X56Y53         FDCE                                         r  u_sys/inst_sysArr/genblk1[10].processUnits[9].inst/sum_reg[30]/C
                         clock pessimism              0.187    14.971    
                         clock uncertainty           -0.035    14.935    
    SLICE_X56Y53         FDCE (Setup_fdce_C_D)        0.109    15.044    u_sys/inst_sysArr/genblk1[10].processUnits[9].inst/sum_reg[30]
  -------------------------------------------------------------------
                         required time                         15.044    
                         arrival time                         -16.470    
  -------------------------------------------------------------------
                         slack                                 -1.426    

Slack (VIOLATED) :        -1.413ns  (required time - arrival time)
  Source:                 u_sys/inst_kera_mem/w_lo_reg/CLKBWRCLK
                            (rising edge-triggered cell RAMB36E1 clocked by sys_clk_pin  {rise@0.000ns fall@5.000ns period=10.000ns})
  Destination:            u_sys/inst_sysArr/genblk1[10].processUnits[2].inst/sum_reg[27]/D
                            (rising edge-triggered cell FDCE clocked by sys_clk_pin  {rise@0.000ns fall@5.000ns period=10.000ns})
  Path Group:             sys_clk_pin
  Path Type:              Setup (Max at Slow Process Corner)
  Requirement:            10.000ns  (sys_clk_pin rise@10.000ns - sys_clk_pin rise@0.000ns)
  Data Path Delay:        11.290ns  (logic 5.540ns (49.069%)  route 5.750ns (50.931%))
  Logic Levels:           11  (CARRY4=7 LUT3=1 LUT5=1 LUT6=2)
  Clock Path Skew:        -0.150ns (DCD - SCD + CPR)
    Destination Clock Delay (DCD):    4.783ns = ( 14.783 - 10.000 ) 
    Source Clock Delay      (SCD):    5.119ns
    Clock Pessimism Removal (CPR):    0.187ns
  Clock Uncertainty:      0.035ns  ((TSJ^2 + TIJ^2)^1/2 + DJ) / 2 + PE
    Total System Jitter     (TSJ):    0.071ns
    Total Input Jitter      (TIJ):    0.000ns
    Discrete Jitter          (DJ):    0.000ns
    Phase Error              (PE):    0.000ns

    Location             Delay type                Incr(ns)  Path(ns)    Netlist Resource(s)
  -------------------------------------------------------------------    -------------------
                         (clock sys_clk_pin rise edge)
                                                      0.000     0.000 r  
    W5                                                0.000     0.000 r  clk (IN)
                         net (fo=0)                   0.000     0.000    clk
    W5                   IBUF (Prop_ibuf_I_O)         1.458     1.458 r  clk_IBUF_inst/O
                         net (fo=1, routed)           1.967     3.425    clk_IBUF
    BUFGCTRL_X0Y0        BUFG (Prop_bufg_I_O)         0.096     3.521 r  clk_IBUF_BUFG_inst/O
                         net (fo=17251, routed)       1.598     5.119    u_sys/inst_kera_mem/clk_IBUF_BUFG
    RAMB36_X0Y18         RAMB36E1                                     r  u_sys/inst_kera_mem/w_lo_reg/CLKBWRCLK
  -------------------------------------------------------------------    -------------------
    RAMB36_X0Y18         RAMB36E1 (Prop_ramb36e1_CLKBWRCLK_DOBDO[9])
                                                      2.454     7.573 r  u_sys/inst_kera_mem/w_lo_reg/DOBDO[9]
                         net (fo=272, routed)         2.128     9.701    u_sys/inst_kera_mem/DOBDO[1]
    SLICE_X38Y71         LUT6 (Prop_lut6_I2_O)        0.124     9.825 r  u_sys/inst_kera_mem/sum[0]_i_29__186/O
                         net (fo=2, routed)           1.586    11.412    u_sys/inst_kera_mem/sum[0]_i_29__186_n_0
    SLICE_X58Y49         LUT6 (Prop_lut6_I0_O)        0.124    11.536 r  u_sys/inst_kera_mem/sum[0]_i_33__186/O
                         net (fo=1, routed)           0.000    11.536    u_sys/inst_kera_mem/sum[0]_i_33__186_n_0
    SLICE_X58Y49         CARRY4 (Prop_carry4_S[2]_CO[3])
                                                      0.398    11.934 r  u_sys/inst_kera_mem/sum_reg[0]_i_26__185/CO[3]
                         net (fo=1, routed)           0.001    11.934    u_sys/inst_kera_mem/sum_reg[0]_i_26__185_n_0
    SLICE_X58Y50         CARRY4 (Prop_carry4_CI_CO[2])
                                                      0.228    12.162 r  u_sys/inst_kera_mem/sum_reg[4]_i_19__186/CO[2]
                         net (fo=2, routed)           1.079    13.241    u_sys/inst_kera_mem/sum_reg[4]_i_19__186_n_1
    SLICE_X57Y45         LUT5 (Prop_lut5_I2_O)        0.313    13.554 r  u_sys/inst_kera_mem/sum[4]_i_15__186/O
                         net (fo=1, routed)           0.000    13.554    u_sys/inst_kera_mem/sum[4]_i_15__186_n_0
    SLICE_X57Y45         CARRY4 (Prop_carry4_S[3]_CO[3])
                                                      0.401    13.955 r  u_sys/inst_kera_mem/sum_reg[4]_i_10__186/CO[3]
                         net (fo=1, routed)           0.000    13.955    u_sys/inst_kera_mem/sum_reg[4]_i_10__186_n_0
    SLICE_X57Y46         CARRY4 (Prop_carry4_CI_O[0])
                                                      0.222    14.177 r  u_sys/inst_kera_mem/sum_reg[8]_i_10__186/O[0]
                         net (fo=41, routed)          0.957    15.134    u_sys/inst_kera_mem/inst_sysArr/genblk1[10].processUnits[2].inst/B[11]
    SLICE_X55Y53         LUT3 (Prop_lut3_I0_O)        0.299    15.433 r  u_sys/inst_kera_mem/sum[16]_i_8__186/O
                         net (fo=1, routed)           0.000    15.433    u_sys/inst_kera_mem/sum[16]_i_8__186_n_0
    SLICE_X55Y53         CARRY4 (Prop_carry4_S[1]_CO[3])
                                                      0.550    15.983 r  u_sys/inst_kera_mem/sum_reg[16]_i_1__186/CO[3]
                         net (fo=1, routed)           0.000    15.983    u_sys/inst_kera_mem/sum_reg[16]_i_1__186_n_0
    SLICE_X55Y54         CARRY4 (Prop_carry4_CI_CO[3])
                                                      0.114    16.097 r  u_sys/inst_kera_mem/sum_reg[20]_i_1__186/CO[3]
                         net (fo=1, routed)           0.000    16.097    u_sys/inst_kera_mem/sum_reg[20]_i_1__186_n_0
    SLICE_X55Y55         CARRY4 (Prop_carry4_CI_O[3])
                                                      0.313    16.410 r  u_sys/inst_kera_mem/sum_reg[24]_i_1__186/O[3]
                         net (fo=1, routed)           0.000    16.410    u_sys/inst_sysArr/genblk1[10].processUnits[2].inst/sum_reg[27]_0[3]
    SLICE_X55Y55         FDCE                                         r  u_sys/inst_sysArr/genblk1[10].processUnits[2].inst/sum_reg[27]/D
  -------------------------------------------------------------------    -------------------

                         (clock sys_clk_pin rise edge)
                                                     10.000    10.000 r  
    W5                                                0.000    10.000 r  clk (IN)
                         net (fo=0)                   0.000    10.000    clk
    W5                   IBUF (Prop_ibuf_I_O)         1.388    11.388 r  clk_IBUF_inst/O
                         net (fo=1, routed)           1.862    13.250    clk_IBUF
    BUFGCTRL_X0Y0        BUFG (Prop_bufg_I_O)         0.091    13.341 r  clk_IBUF_BUFG_inst/O
                         net (fo=17251, routed)       1.442    14.783    u_sys/inst_sysArr/genblk1[10].processUnits[2].inst/clk_IBUF_BUFG
    SLICE_X55Y55         FDCE                                         r  u_sys/inst_sysArr/genblk1[10].processUnits[2].inst/sum_reg[27]/C
                         clock pessimism              0.187    14.970    
                         clock uncertainty           -0.035    14.934    
    SLICE_X55Y55         FDCE (Setup_fdce_C_D)        0.062    14.996    u_sys/inst_sysArr/genblk1[10].processUnits[2].inst/sum_reg[27]
  -------------------------------------------------------------------
                         required time                         14.996    
                         arrival time                         -16.410    
  -------------------------------------------------------------------
                         slack                                 -1.413    

Slack (VIOLATED) :        -1.406ns  (required time - arrival time)
  Source:                 u_sys/inst_kera_mem/w_lo_reg/CLKBWRCLK
                            (rising edge-triggered cell RAMB36E1 clocked by sys_clk_pin  {rise@0.000ns fall@5.000ns period=10.000ns})
  Destination:            u_sys/inst_sysArr/genblk1[10].processUnits[9].inst/sum_reg[28]/D
                            (rising edge-triggered cell FDCE clocked by sys_clk_pin  {rise@0.000ns fall@5.000ns period=10.000ns})
  Path Group:             sys_clk_pin
  Path Type:              Setup (Max at Slow Process Corner)
  Requirement:            10.000ns  (sys_clk_pin rise@10.000ns - sys_clk_pin rise@0.000ns)
  Data Path Delay:        11.331ns  (logic 5.929ns (52.326%)  route 5.402ns (47.674%))
  Logic Levels:           13  (CARRY4=9 LUT3=1 LUT5=1 LUT6=2)
  Clock Path Skew:        -0.149ns (DCD - SCD + CPR)
    Destination Clock Delay (DCD):    4.784ns = ( 14.784 - 10.000 ) 
    Source Clock Delay      (SCD):    5.119ns
    Clock Pessimism Removal (CPR):    0.187ns
  Clock Uncertainty:      0.035ns  ((TSJ^2 + TIJ^2)^1/2 + DJ) / 2 + PE
    Total System Jitter     (TSJ):    0.071ns
    Total Input Jitter      (TIJ):    0.000ns
    Discrete Jitter          (DJ):    0.000ns
    Phase Error              (PE):    0.000ns

    Location             Delay type                Incr(ns)  Path(ns)    Netlist Resource(s)
  -------------------------------------------------------------------    -------------------
                         (clock sys_clk_pin rise edge)
                                                      0.000     0.000 r  
    W5                                                0.000     0.000 r  clk (IN)
                         net (fo=0)                   0.000     0.000    clk
    W5                   IBUF (Prop_ibuf_I_O)         1.458     1.458 r  clk_IBUF_inst/O
                         net (fo=1, routed)           1.967     3.425    clk_IBUF
    BUFGCTRL_X0Y0        BUFG (Prop_bufg_I_O)         0.096     3.521 r  clk_IBUF_BUFG_inst/O
                         net (fo=17251, routed)       1.598     5.119    u_sys/inst_kera_mem/clk_IBUF_BUFG
    RAMB36_X0Y18         RAMB36E1                                     r  u_sys/inst_kera_mem/w_lo_reg/CLKBWRCLK
  -------------------------------------------------------------------    -------------------
    RAMB36_X0Y18         RAMB36E1 (Prop_ramb36e1_CLKBWRCLK_DOBDO[10])
                                                      2.454     7.573 r  u_sys/inst_kera_mem/w_lo_reg/DOBDO[10]
                         net (fo=256, routed)         2.095     9.668    u_sys/inst_sysArr/genblk1[10].processUnits[9].inst/DOBDO[2]
    SLICE_X38Y71         LUT6 (Prop_lut6_I0_O)        0.124     9.792 r  u_sys/inst_sysArr/genblk1[10].processUnits[9].inst/sum[0]_i_31/O
                         net (fo=2, routed)           1.628    11.421    u_sys/inst_kera_mem/sum_reg[0]_i_26_252[0]
    SLICE_X59Y47         LUT6 (Prop_lut6_I0_O)        0.124    11.545 r  u_sys/inst_kera_mem/sum[0]_i_35__253/O
                         net (fo=1, routed)           0.000    11.545    u_sys/inst_sysArr/genblk1[10].processUnits[9].inst/sum[0]_i_17_0[0]
    SLICE_X59Y47         CARRY4 (Prop_carry4_S[0]_CO[3])
                                                      0.532    12.077 r  u_sys/inst_sysArr/genblk1[10].processUnits[9].inst/sum_reg[0]_i_26/CO[3]
                         net (fo=1, routed)           0.000    12.077    u_sys/inst_sysArr/genblk1[10].processUnits[9].inst/sum_reg[0]_i_26_n_0
    SLICE_X59Y48         CARRY4 (Prop_carry4_CI_O[0])
                                                      0.222    12.299 r  u_sys/inst_sysArr/genblk1[10].processUnits[9].inst/sum_reg[4]_i_19/O[0]
                         net (fo=3, routed)           0.876    13.175    u_sys/inst_sysArr/genblk1[10].processUnits[9].inst/sum_reg[4]_i_19_n_7
    SLICE_X53Y47         LUT5 (Prop_lut5_I2_O)        0.299    13.474 r  u_sys/inst_sysArr/genblk1[10].processUnits[9].inst/sum[4]_i_17/O
                         net (fo=1, routed)           0.000    13.474    u_sys/inst_sysArr/genblk1[10].processUnits[9].inst/sum[4]_i_17_n_0
    SLICE_X53Y47         CARRY4 (Prop_carry4_S[1]_CO[3])
                                                      0.550    14.024 r  u_sys/inst_sysArr/genblk1[10].processUnits[9].inst/sum_reg[4]_i_10/CO[3]
                         net (fo=1, routed)           0.000    14.024    u_sys/inst_sysArr/genblk1[10].processUnits[9].inst/sum_reg[4]_i_10_n_0
    SLICE_X53Y48         CARRY4 (Prop_carry4_CI_O[0])
                                                      0.222    14.246 r  u_sys/inst_sysArr/genblk1[10].processUnits[9].inst/sum_reg[8]_i_10/O[0]
                         net (fo=41, routed)          0.802    15.047    u_sys/inst_sysArr/genblk1[10].processUnits[9].inst/B[11]
    SLICE_X56Y49         LUT3 (Prop_lut3_I0_O)        0.299    15.346 r  u_sys/inst_sysArr/genblk1[10].processUnits[9].inst/sum[12]_i_8/O
                         net (fo=1, routed)           0.000    15.346    u_sys/inst_sysArr/genblk1[10].processUnits[9].inst/sum[12]_i_8_n_0
    SLICE_X56Y49         CARRY4 (Prop_carry4_S[1]_CO[3])
                                                      0.533    15.879 r  u_sys/inst_sysArr/genblk1[10].processUnits[9].inst/sum_reg[12]_i_1/CO[3]
                         net (fo=1, routed)           0.001    15.880    u_sys/inst_sysArr/genblk1[10].processUnits[9].inst/sum_reg[12]_i_1_n_0
    SLICE_X56Y50         CARRY4 (Prop_carry4_CI_CO[3])
                                                      0.117    15.997 r  u_sys/inst_sysArr/genblk1[10].processUnits[9].inst/sum_reg[16]_i_1/CO[3]
                         net (fo=1, routed)           0.000    15.997    u_sys/inst_sysArr/genblk1[10].processUnits[9].inst/sum_reg[16]_i_1_n_0
    SLICE_X56Y51         CARRY4 (Prop_carry4_CI_CO[3])
                                                      0.117    16.114 r  u_sys/inst_sysArr/genblk1[10].processUnits[9].inst/sum_reg[20]_i_1/CO[3]
                         net (fo=1, routed)           0.000    16.114    u_sys/inst_sysArr/genblk1[10].processUnits[9].inst/sum_reg[20]_i_1_n_0
    SLICE_X56Y52         CARRY4 (Prop_carry4_CI_CO[3])
                                                      0.117    16.231 r  u_sys/inst_sysArr/genblk1[10].processUnits[9].inst/sum_reg[24]_i_1/CO[3]
                         net (fo=1, routed)           0.000    16.231    u_sys/inst_sysArr/genblk1[10].processUnits[9].inst/sum_reg[24]_i_1_n_0
    SLICE_X56Y53         CARRY4 (Prop_carry4_CI_O[0])
                                                      0.219    16.450 r  u_sys/inst_sysArr/genblk1[10].processUnits[9].inst/sum_reg[28]_i_1/O[0]
                         net (fo=1, routed)           0.000    16.450    u_sys/inst_sysArr/genblk1[10].processUnits[9].inst/sum_reg[28]_i_1_n_7
    SLICE_X56Y53         FDCE                                         r  u_sys/inst_sysArr/genblk1[10].processUnits[9].inst/sum_reg[28]/D
  -------------------------------------------------------------------    -------------------

                         (clock sys_clk_pin rise edge)
                                                     10.000    10.000 r  
    W5                                                0.000    10.000 r  clk (IN)
                         net (fo=0)                   0.000    10.000    clk
    W5                   IBUF (Prop_ibuf_I_O)         1.388    11.388 r  clk_IBUF_inst/O
                         net (fo=1, routed)           1.862    13.250    clk_IBUF
    BUFGCTRL_X0Y0        BUFG (Prop_bufg_I_O)         0.091    13.341 r  clk_IBUF_BUFG_inst/O
                         net (fo=17251, routed)       1.443    14.784    u_sys/inst_sysArr/genblk1[10].processUnits[9].inst/clk_IBUF_BUFG
    SLICE_X56Y53         FDCE                                         r  u_sys/inst_sysArr/genblk1[10].processUnits[9].inst/sum_reg[28]/C
                         clock pessimism              0.187    14.971    
                         clock uncertainty           -0.035    14.935    
    SLICE_X56Y53         FDCE (Setup_fdce_C_D)        0.109    15.044    u_sys/inst_sysArr/genblk1[10].processUnits[9].inst/sum_reg[28]
  -------------------------------------------------------------------
                         required time                         15.044    
                         arrival time                         -16.450    
  -------------------------------------------------------------------
                         slack                                 -1.406    





Min Delay Paths
--------------------------------------------------------------------------------------
Slack (MET) :             0.035ns  (arrival time - required time)
  Source:                 u_sys/inst_sysArr/genblk1[5].processUnits[15].inst/sum_reg[27]/C
                            (rising edge-triggered cell FDCE clocked by sys_clk_pin  {rise@0.000ns fall@5.000ns period=10.000ns})
  Destination:            u_sys/inst_sysArr/genblk1[5].processUnits[15].inst/sum_reg[28]/D
                            (rising edge-triggered cell FDCE clocked by sys_clk_pin  {rise@0.000ns fall@5.000ns period=10.000ns})
  Path Group:             sys_clk_pin
  Path Type:              Hold (Min at Fast Process Corner)
  Requirement:            0.000ns  (sys_clk_pin rise@0.000ns - sys_clk_pin rise@0.000ns)
  Data Path Delay:        0.521ns  (logic 0.371ns (71.219%)  route 0.150ns (28.781%))
  Logic Levels:           3  (CARRY4=2 LUT3=1)
  Clock Path Skew:        0.352ns (DCD - SCD - CPR)
    Destination Clock Delay (DCD):    2.050ns
    Source Clock Delay      (SCD):    1.448ns
    Clock Pessimism Removal (CPR):    0.249ns

    Location             Delay type                Incr(ns)  Path(ns)    Netlist Resource(s)
  -------------------------------------------------------------------    -------------------
                         (clock sys_clk_pin rise edge)
                                                      0.000     0.000 r  
    W5                                                0.000     0.000 r  clk (IN)
                         net (fo=0)                   0.000     0.000    clk
    W5                   IBUF (Prop_ibuf_I_O)         0.226     0.226 r  clk_IBUF_inst/O
                         net (fo=1, routed)           0.631     0.858    clk_IBUF
    BUFGCTRL_X0Y0        BUFG (Prop_bufg_I_O)         0.026     0.884 r  clk_IBUF_BUFG_inst/O
                         net (fo=17251, routed)       0.565     1.448    u_sys/inst_sysArr/genblk1[5].processUnits[15].inst/clk_IBUF_BUFG
    SLICE_X10Y99         FDCE                                         r  u_sys/inst_sysArr/genblk1[5].processUnits[15].inst/sum_reg[27]/C
  -------------------------------------------------------------------    -------------------
    SLICE_X10Y99         FDCE (Prop_fdce_C_Q)         0.164     1.612 r  u_sys/inst_sysArr/genblk1[5].processUnits[15].inst/sum_reg[27]/Q
                         net (fo=2, routed)           0.149     1.761    u_sys/inst_kera_mem/sums[15][5]_73[27]
    SLICE_X10Y99         LUT3 (Prop_lut3_I2_O)        0.045     1.806 r  u_sys/inst_kera_mem/sum[24]_i_6__57/O
                         net (fo=1, routed)           0.000     1.806    u_sys/inst_kera_mem/sum[24]_i_6__57_n_0
    SLICE_X10Y99         CARRY4 (Prop_carry4_S[3]_CO[3])
                                                      0.109     1.915 r  u_sys/inst_kera_mem/sum_reg[24]_i_1__57/CO[3]
                         net (fo=1, routed)           0.001     1.916    u_sys/inst_kera_mem/sum_reg[24]_i_1__57_n_0
    SLICE_X10Y100        CARRY4 (Prop_carry4_CI_O[0])
                                                      0.053     1.969 r  u_sys/inst_kera_mem/sum_reg[28]_i_1__57/O[0]
                         net (fo=1, routed)           0.000     1.969    u_sys/inst_sysArr/genblk1[5].processUnits[15].inst/sum_reg[31]_2[0]
    SLICE_X10Y100        FDCE                                         r  u_sys/inst_sysArr/genblk1[5].processUnits[15].inst/sum_reg[28]/D
  -------------------------------------------------------------------    -------------------

                         (clock sys_clk_pin rise edge)
                                                      0.000     0.000 r  
    W5                                                0.000     0.000 r  clk (IN)
                         net (fo=0)                   0.000     0.000    clk
    W5                   IBUF (Prop_ibuf_I_O)         0.414     0.414 r  clk_IBUF_inst/O
                         net (fo=1, routed)           0.685     1.099    clk_IBUF
    BUFGCTRL_X0Y0        BUFG (Prop_bufg_I_O)         0.029     1.128 r  clk_IBUF_BUFG_inst/O
                         net (fo=17251, routed)       0.922     2.050    u_sys/inst_sysArr/genblk1[5].processUnits[15].inst/clk_IBUF_BUFG
    SLICE_X10Y100        FDCE                                         r  u_sys/inst_sysArr/genblk1[5].processUnits[15].inst/sum_reg[28]/C
                         clock pessimism             -0.249     1.801    
    SLICE_X10Y100        FDCE (Hold_fdce_C_D)         0.134     1.935    u_sys/inst_sysArr/genblk1[5].processUnits[15].inst/sum_reg[28]
  -------------------------------------------------------------------
                         required time                         -1.935    
                         arrival time                           1.969    
  -------------------------------------------------------------------
                         slack                                  0.035    

Slack (MET) :             0.036ns  (arrival time - required time)
  Source:                 u_sys/inst_sysArr/genblk1[5].processUnits[4].inst/sum_reg[27]/C
                            (rising edge-triggered cell FDCE clocked by sys_clk_pin  {rise@0.000ns fall@5.000ns period=10.000ns})
  Destination:            u_sys/inst_sysArr/genblk1[5].processUnits[4].inst/sum_reg[28]/D
                            (rising edge-triggered cell FDCE clocked by sys_clk_pin  {rise@0.000ns fall@5.000ns period=10.000ns})
  Path Group:             sys_clk_pin
  Path Type:              Hold (Min at Fast Process Corner)
  Requirement:            0.000ns  (sys_clk_pin rise@0.000ns - sys_clk_pin rise@0.000ns)
  Data Path Delay:        0.521ns  (logic 0.371ns (71.219%)  route 0.150ns (28.781%))
  Logic Levels:           3  (CARRY4=2 LUT3=1)
  Clock Path Skew:        0.351ns (DCD - SCD - CPR)
    Destination Clock Delay (DCD):    2.049ns
    Source Clock Delay      (SCD):    1.448ns
    Clock Pessimism Removal (CPR):    0.249ns

    Location             Delay type                Incr(ns)  Path(ns)    Netlist Resource(s)
  -------------------------------------------------------------------    -------------------
                         (clock sys_clk_pin rise edge)
                                                      0.000     0.000 r  
    W5                                                0.000     0.000 r  clk (IN)
                         net (fo=0)                   0.000     0.000    clk
    W5                   IBUF (Prop_ibuf_I_O)         0.226     0.226 r  clk_IBUF_inst/O
                         net (fo=1, routed)           0.631     0.858    clk_IBUF
    BUFGCTRL_X0Y0        BUFG (Prop_bufg_I_O)         0.026     0.884 r  clk_IBUF_BUFG_inst/O
                         net (fo=17251, routed)       0.565     1.448    u_sys/inst_sysArr/genblk1[5].processUnits[4].inst/clk_IBUF_BUFG
    SLICE_X14Y99         FDCE                                         r  u_sys/inst_sysArr/genblk1[5].processUnits[4].inst/sum_reg[27]/C
  -------------------------------------------------------------------    -------------------
    SLICE_X14Y99         FDCE (Prop_fdce_C_Q)         0.164     1.612 r  u_sys/inst_sysArr/genblk1[5].processUnits[4].inst/sum_reg[27]/Q
                         net (fo=2, routed)           0.149     1.761    u_sys/inst_kera_mem/sums[4][5]_62[27]
    SLICE_X14Y99         LUT3 (Prop_lut3_I2_O)        0.045     1.806 r  u_sys/inst_kera_mem/sum[24]_i_6__45/O
                         net (fo=1, routed)           0.000     1.806    u_sys/inst_kera_mem/sum[24]_i_6__45_n_0
    SLICE_X14Y99         CARRY4 (Prop_carry4_S[3]_CO[3])
                                                      0.109     1.915 r  u_sys/inst_kera_mem/sum_reg[24]_i_1__45/CO[3]
                         net (fo=1, routed)           0.001     1.916    u_sys/inst_kera_mem/sum_reg[24]_i_1__45_n_0
    SLICE_X14Y100        CARRY4 (Prop_carry4_CI_O[0])
                                                      0.053     1.969 r  u_sys/inst_kera_mem/sum_reg[28]_i_1__45/O[0]
                         net (fo=1, routed)           0.000     1.969    u_sys/inst_sysArr/genblk1[5].processUnits[4].inst/sum_reg[31]_1[0]
    SLICE_X14Y100        FDCE                                         r  u_sys/inst_sysArr/genblk1[5].processUnits[4].inst/sum_reg[28]/D
  -------------------------------------------------------------------    -------------------

                         (clock sys_clk_pin rise edge)
                                                      0.000     0.000 r  
    W5                                                0.000     0.000 r  clk (IN)
                         net (fo=0)                   0.000     0.000    clk
    W5                   IBUF (Prop_ibuf_I_O)         0.414     0.414 r  clk_IBUF_inst/O
                         net (fo=1, routed)           0.685     1.099    clk_IBUF
    BUFGCTRL_X0Y0        BUFG (Prop_bufg_I_O)         0.029     1.128 r  clk_IBUF_BUFG_inst/O
                         net (fo=17251, routed)       0.921     2.049    u_sys/inst_sysArr/genblk1[5].processUnits[4].inst/clk_IBUF_BUFG
    SLICE_X14Y100        FDCE                                         r  u_sys/inst_sysArr/genblk1[5].processUnits[4].inst/sum_reg[28]/C
                         clock pessimism             -0.249     1.800    
    SLICE_X14Y100        FDCE (Hold_fdce_C_D)         0.134     1.934    u_sys/inst_sysArr/genblk1[5].processUnits[4].inst/sum_reg[28]
  -------------------------------------------------------------------
                         required time                         -1.934    
                         arrival time                           1.969    
  -------------------------------------------------------------------
                         slack                                  0.036    

Slack (MET) :             0.036ns  (arrival time - required time)
  Source:                 u_sys/inst_sysArr/genblk1[5].processUnits[14].inst/sum_reg[11]/C
                            (rising edge-triggered cell FDCE clocked by sys_clk_pin  {rise@0.000ns fall@5.000ns period=10.000ns})
  Destination:            u_sys/inst_sysArr/genblk1[5].processUnits[14].inst/sum_reg[12]/D
                            (rising edge-triggered cell FDCE clocked by sys_clk_pin  {rise@0.000ns fall@5.000ns period=10.000ns})
  Path Group:             sys_clk_pin
  Path Type:              Hold (Min at Fast Process Corner)
  Requirement:            0.000ns  (sys_clk_pin rise@0.000ns - sys_clk_pin rise@0.000ns)
  Data Path Delay:        0.521ns  (logic 0.371ns (71.210%)  route 0.150ns (28.790%))
  Logic Levels:           3  (CARRY4=2 LUT3=1)
  Clock Path Skew:        0.351ns (DCD - SCD - CPR)
    Destination Clock Delay (DCD):    2.049ns
    Source Clock Delay      (SCD):    1.448ns
    Clock Pessimism Removal (CPR):    0.249ns

    Location             Delay type                Incr(ns)  Path(ns)    Netlist Resource(s)
  -------------------------------------------------------------------    -------------------
                         (clock sys_clk_pin rise edge)
                                                      0.000     0.000 r  
    W5                                                0.000     0.000 r  clk (IN)
                         net (fo=0)                   0.000     0.000    clk
    W5                   IBUF (Prop_ibuf_I_O)         0.226     0.226 r  clk_IBUF_inst/O
                         net (fo=1, routed)           0.631     0.858    clk_IBUF
    BUFGCTRL_X0Y0        BUFG (Prop_bufg_I_O)         0.026     0.884 r  clk_IBUF_BUFG_inst/O
                         net (fo=17251, routed)       0.565     1.448    u_sys/inst_sysArr/genblk1[5].processUnits[14].inst/clk_IBUF_BUFG
    SLICE_X12Y99         FDCE                                         r  u_sys/inst_sysArr/genblk1[5].processUnits[14].inst/sum_reg[11]/C
  -------------------------------------------------------------------    -------------------
    SLICE_X12Y99         FDCE (Prop_fdce_C_Q)         0.164     1.612 r  u_sys/inst_sysArr/genblk1[5].processUnits[14].inst/sum_reg[11]/Q
                         net (fo=2, routed)           0.149     1.762    u_sys/inst_kera_mem/sums[14][5]_74[11]
    SLICE_X12Y99         LUT3 (Prop_lut3_I2_O)        0.045     1.807 r  u_sys/inst_kera_mem/sum[8]_i_6__58/O
                         net (fo=1, routed)           0.000     1.807    u_sys/inst_kera_mem/sum[8]_i_6__58_n_0
    SLICE_X12Y99         CARRY4 (Prop_carry4_S[3]_CO[3])
                                                      0.109     1.916 r  u_sys/inst_kera_mem/sum_reg[8]_i_1__58/CO[3]
                         net (fo=1, routed)           0.001     1.916    u_sys/inst_kera_mem/sum_reg[8]_i_1__58_n_0
    SLICE_X12Y100        CARRY4 (Prop_carry4_CI_O[0])
                                                      0.053     1.969 r  u_sys/inst_kera_mem/sum_reg[12]_i_1__58/O[0]
                         net (fo=1, routed)           0.000     1.969    u_sys/inst_sysArr/genblk1[5].processUnits[14].inst/sum_reg[15]_0[0]
    SLICE_X12Y100        FDCE                                         r  u_sys/inst_sysArr/genblk1[5].processUnits[14].inst/sum_reg[12]/D
  -------------------------------------------------------------------    -------------------

                         (clock sys_clk_pin rise edge)
                                                      0.000     0.000 r  
    W5                                                0.000     0.000 r  clk (IN)
                         net (fo=0)                   0.000     0.000    clk
    W5                   IBUF (Prop_ibuf_I_O)         0.414     0.414 r  clk_IBUF_inst/O
                         net (fo=1, routed)           0.685     1.099    clk_IBUF
    BUFGCTRL_X0Y0        BUFG (Prop_bufg_I_O)         0.029     1.128 r  clk_IBUF_BUFG_inst/O
                         net (fo=17251, routed)       0.921     2.049    u_sys/inst_sysArr/genblk1[5].processUnits[14].inst/clk_IBUF_BUFG
    SLICE_X12Y100        FDCE                                         r  u_sys/inst_sysArr/genblk1[5].processUnits[14].inst/sum_reg[12]/C
                         clock pessimism             -0.249     1.800    
    SLICE_X12Y100        FDCE (Hold_fdce_C_D)         0.134     1.934    u_sys/inst_sysArr/genblk1[5].processUnits[14].inst/sum_reg[12]
  -------------------------------------------------------------------
                         required time                         -1.934    
                         arrival time                           1.969    
  -------------------------------------------------------------------
                         slack                                  0.036    

Slack (MET) :             0.038ns  (arrival time - required time)
  Source:                 u_sys/inst_sysArr/genblk1[4].processUnits[15].inst/sum_reg[15]/C
                            (rising edge-triggered cell FDCE clocked by sys_clk_pin  {rise@0.000ns fall@5.000ns period=10.000ns})
  Destination:            u_sys/inst_sysArr/genblk1[4].processUnits[15].inst/sum_reg[16]/D
                            (rising edge-triggered cell FDCE clocked by sys_clk_pin  {rise@0.000ns fall@5.000ns period=10.000ns})
  Path Group:             sys_clk_pin
  Path Type:              Hold (Min at Fast Process Corner)
  Requirement:            0.000ns  (sys_clk_pin rise@0.000ns - sys_clk_pin rise@0.000ns)
  Data Path Delay:        0.523ns  (logic 0.371ns (70.915%)  route 0.152ns (29.085%))
  Logic Levels:           3  (CARRY4=2 LUT3=1)
  Clock Path Skew:        0.351ns (DCD - SCD - CPR)
    Destination Clock Delay (DCD):    2.045ns
    Source Clock Delay      (SCD):    1.444ns
    Clock Pessimism Removal (CPR):    0.249ns

    Location             Delay type                Incr(ns)  Path(ns)    Netlist Resource(s)
  -------------------------------------------------------------------    -------------------
                         (clock sys_clk_pin rise edge)
                                                      0.000     0.000 r  
    W5                                                0.000     0.000 r  clk (IN)
                         net (fo=0)                   0.000     0.000    clk
    W5                   IBUF (Prop_ibuf_I_O)         0.226     0.226 r  clk_IBUF_inst/O
                         net (fo=1, routed)           0.631     0.858    clk_IBUF
    BUFGCTRL_X0Y0        BUFG (Prop_bufg_I_O)         0.026     0.884 r  clk_IBUF_BUFG_inst/O
                         net (fo=17251, routed)       0.561     1.444    u_sys/inst_sysArr/genblk1[4].processUnits[15].inst/clk_IBUF_BUFG
    SLICE_X34Y99         FDCE                                         r  u_sys/inst_sysArr/genblk1[4].processUnits[15].inst/sum_reg[15]/C
  -------------------------------------------------------------------    -------------------
    SLICE_X34Y99         FDCE (Prop_fdce_C_Q)         0.164     1.608 r  u_sys/inst_sysArr/genblk1[4].processUnits[15].inst/sum_reg[15]/Q
                         net (fo=2, routed)           0.151     1.760    u_sys/inst_kera_mem/sums[15][4]_77[15]
    SLICE_X34Y99         LUT3 (Prop_lut3_I2_O)        0.045     1.805 r  u_sys/inst_kera_mem/sum[12]_i_6__61/O
                         net (fo=1, routed)           0.000     1.805    u_sys/inst_kera_mem/sum[12]_i_6__61_n_0
    SLICE_X34Y99         CARRY4 (Prop_carry4_S[3]_CO[3])
                                                      0.109     1.914 r  u_sys/inst_kera_mem/sum_reg[12]_i_1__61/CO[3]
                         net (fo=1, routed)           0.001     1.914    u_sys/inst_kera_mem/sum_reg[12]_i_1__61_n_0
    SLICE_X34Y100        CARRY4 (Prop_carry4_CI_O[0])
                                                      0.053     1.967 r  u_sys/inst_kera_mem/sum_reg[16]_i_1__61/O[0]
                         net (fo=1, routed)           0.000     1.967    u_sys/inst_sysArr/genblk1[4].processUnits[15].inst/sum_reg[19]_1[0]
    SLICE_X34Y100        FDCE                                         r  u_sys/inst_sysArr/genblk1[4].processUnits[15].inst/sum_reg[16]/D
  -------------------------------------------------------------------    -------------------

                         (clock sys_clk_pin rise edge)
                                                      0.000     0.000 r  
    W5                                                0.000     0.000 r  clk (IN)
                         net (fo=0)                   0.000     0.000    clk
    W5                   IBUF (Prop_ibuf_I_O)         0.414     0.414 r  clk_IBUF_inst/O
                         net (fo=1, routed)           0.685     1.099    clk_IBUF
    BUFGCTRL_X0Y0        BUFG (Prop_bufg_I_O)         0.029     1.128 r  clk_IBUF_BUFG_inst/O
                         net (fo=17251, routed)       0.917     2.045    u_sys/inst_sysArr/genblk1[4].processUnits[15].inst/clk_IBUF_BUFG
    SLICE_X34Y100        FDCE                                         r  u_sys/inst_sysArr/genblk1[4].processUnits[15].inst/sum_reg[16]/C
                         clock pessimism             -0.249     1.796    
    SLICE_X34Y100        FDCE (Hold_fdce_C_D)         0.134     1.930    u_sys/inst_sysArr/genblk1[4].processUnits[15].inst/sum_reg[16]
  -------------------------------------------------------------------
                         required time                         -1.930    
                         arrival time                           1.967    
  -------------------------------------------------------------------
                         slack                                  0.038    

Slack (MET) :             0.038ns  (arrival time - required time)
  Source:                 u_sys/inst_sysArr/genblk1[4].processUnits[8].inst/sum_reg[7]/C
                            (rising edge-triggered cell FDCE clocked by sys_clk_pin  {rise@0.000ns fall@5.000ns period=10.000ns})
  Destination:            u_sys/inst_sysArr/genblk1[4].processUnits[8].inst/sum_reg[8]/D
                            (rising edge-triggered cell FDCE clocked by sys_clk_pin  {rise@0.000ns fall@5.000ns period=10.000ns})
  Path Group:             sys_clk_pin
  Path Type:              Hold (Min at Fast Process Corner)
  Requirement:            0.000ns  (sys_clk_pin rise@0.000ns - sys_clk_pin rise@0.000ns)
  Data Path Delay:        0.522ns  (logic 0.371ns (71.027%)  route 0.151ns (28.973%))
  Logic Levels:           3  (CARRY4=2 LUT3=1)
  Clock Path Skew:        0.350ns (DCD - SCD - CPR)
    Destination Clock Delay (DCD):    2.045ns
    Source Clock Delay      (SCD):    1.445ns
    Clock Pessimism Removal (CPR):    0.249ns

    Location             Delay type                Incr(ns)  Path(ns)    Netlist Resource(s)
  -------------------------------------------------------------------    -------------------
                         (clock sys_clk_pin rise edge)
                                                      0.000     0.000 r  
    W5                                                0.000     0.000 r  clk (IN)
                         net (fo=0)                   0.000     0.000    clk
    W5                   IBUF (Prop_ibuf_I_O)         0.226     0.226 r  clk_IBUF_inst/O
                         net (fo=1, routed)           0.631     0.858    clk_IBUF
    BUFGCTRL_X0Y0        BUFG (Prop_bufg_I_O)         0.026     0.884 r  clk_IBUF_BUFG_inst/O
                         net (fo=17251, routed)       0.562     1.445    u_sys/inst_sysArr/genblk1[4].processUnits[8].inst/clk_IBUF_BUFG
    SLICE_X30Y99         FDCE                                         r  u_sys/inst_sysArr/genblk1[4].processUnits[8].inst/sum_reg[7]/C
  -------------------------------------------------------------------    -------------------
    SLICE_X30Y99         FDCE (Prop_fdce_C_Q)         0.164     1.609 r  u_sys/inst_sysArr/genblk1[4].processUnits[8].inst/sum_reg[7]/Q
                         net (fo=2, routed)           0.151     1.760    u_sys/inst_kera_mem/sums[8][4]_84[7]
    SLICE_X30Y99         LUT3 (Prop_lut3_I2_O)        0.045     1.805 r  u_sys/inst_kera_mem/sum[4]_i_6__68/O
                         net (fo=1, routed)           0.000     1.805    u_sys/inst_kera_mem/sum[4]_i_6__68_n_0
    SLICE_X30Y99         CARRY4 (Prop_carry4_S[3]_CO[3])
                                                      0.109     1.914 r  u_sys/inst_kera_mem/sum_reg[4]_i_1__68/CO[3]
                         net (fo=1, routed)           0.001     1.915    u_sys/inst_kera_mem/sum_reg[4]_i_1__68_n_0
    SLICE_X30Y100        CARRY4 (Prop_carry4_CI_O[0])
                                                      0.053     1.968 r  u_sys/inst_kera_mem/sum_reg[8]_i_1__68/O[0]
                         net (fo=1, routed)           0.000     1.968    u_sys/inst_sysArr/genblk1[4].processUnits[8].inst/sum_reg[11]_0[0]
    SLICE_X30Y100        FDCE                                         r  u_sys/inst_sysArr/genblk1[4].processUnits[8].inst/sum_reg[8]/D
  -------------------------------------------------------------------    -------------------

                         (clock sys_clk_pin rise edge)
                                                      0.000     0.000 r  
    W5                                                0.000     0.000 r  clk (IN)
                         net (fo=0)                   0.000     0.000    clk
    W5                   IBUF (Prop_ibuf_I_O)         0.414     0.414 r  clk_IBUF_inst/O
                         net (fo=1, routed)           0.685     1.099    clk_IBUF
    BUFGCTRL_X0Y0        BUFG (Prop_bufg_I_O)         0.029     1.128 r  clk_IBUF_BUFG_inst/O
                         net (fo=17251, routed)       0.917     2.045    u_sys/inst_sysArr/genblk1[4].processUnits[8].inst/clk_IBUF_BUFG
    SLICE_X30Y100        FDCE                                         r  u_sys/inst_sysArr/genblk1[4].processUnits[8].inst/sum_reg[8]/C
                         clock pessimism             -0.249     1.796    
    SLICE_X30Y100        FDCE (Hold_fdce_C_D)         0.134     1.930    u_sys/inst_sysArr/genblk1[4].processUnits[8].inst/sum_reg[8]
  -------------------------------------------------------------------
                         required time                         -1.930    
                         arrival time                           1.968    
  -------------------------------------------------------------------
                         slack                                  0.038    

Slack (MET) :             0.048ns  (arrival time - required time)
  Source:                 u_sys/inst_sysArr/genblk1[5].processUnits[15].inst/sum_reg[27]/C
                            (rising edge-triggered cell FDCE clocked by sys_clk_pin  {rise@0.000ns fall@5.000ns period=10.000ns})
  Destination:            u_sys/inst_sysArr/genblk1[5].processUnits[15].inst/sum_reg[30]/D
                            (rising edge-triggered cell FDCE clocked by sys_clk_pin  {rise@0.000ns fall@5.000ns period=10.000ns})
  Path Group:             sys_clk_pin
  Path Type:              Hold (Min at Fast Process Corner)
  Requirement:            0.000ns  (sys_clk_pin rise@0.000ns - sys_clk_pin rise@0.000ns)
  Data Path Delay:        0.534ns  (logic 0.384ns (71.919%)  route 0.150ns (28.081%))
  Logic Levels:           3  (CARRY4=2 LUT3=1)
  Clock Path Skew:        0.352ns (DCD - SCD - CPR)
    Destination Clock Delay (DCD):    2.050ns
    Source Clock Delay      (SCD):    1.448ns
    Clock Pessimism Removal (CPR):    0.249ns

    Location             Delay type                Incr(ns)  Path(ns)    Netlist Resource(s)
  -------------------------------------------------------------------    -------------------
                         (clock sys_clk_pin rise edge)
                                                      0.000     0.000 r  
    W5                                                0.000     0.000 r  clk (IN)
                         net (fo=0)                   0.000     0.000    clk
    W5                   IBUF (Prop_ibuf_I_O)         0.226     0.226 r  clk_IBUF_inst/O
                         net (fo=1, routed)           0.631     0.858    clk_IBUF
    BUFGCTRL_X0Y0        BUFG (Prop_bufg_I_O)         0.026     0.884 r  clk_IBUF_BUFG_inst/O
                         net (fo=17251, routed)       0.565     1.448    u_sys/inst_sysArr/genblk1[5].processUnits[15].inst/clk_IBUF_BUFG
    SLICE_X10Y99         FDCE                                         r  u_sys/inst_sysArr/genblk1[5].processUnits[15].inst/sum_reg[27]/C
  -------------------------------------------------------------------    -------------------
    SLICE_X10Y99         FDCE (Prop_fdce_C_Q)         0.164     1.612 r  u_sys/inst_sysArr/genblk1[5].processUnits[15].inst/sum_reg[27]/Q
                         net (fo=2, routed)           0.149     1.761    u_sys/inst_kera_mem/sums[15][5]_73[27]
    SLICE_X10Y99         LUT3 (Prop_lut3_I2_O)        0.045     1.806 r  u_sys/inst_kera_mem/sum[24]_i_6__57/O
                         net (fo=1, routed)           0.000     1.806    u_sys/inst_kera_mem/sum[24]_i_6__57_n_0
    SLICE_X10Y99         CARRY4 (Prop_carry4_S[3]_CO[3])
                                                      0.109     1.915 r  u_sys/inst_kera_mem/sum_reg[24]_i_1__57/CO[3]
                         net (fo=1, routed)           0.001     1.916    u_sys/inst_kera_mem/sum_reg[24]_i_1__57_n_0
    SLICE_X10Y100        CARRY4 (Prop_carry4_CI_O[2])
                                                      0.066     1.982 r  u_sys/inst_kera_mem/sum_reg[28]_i_1__57/O[2]
                         net (fo=1, routed)           0.000     1.982    u_sys/inst_sysArr/genblk1[5].processUnits[15].inst/sum_reg[31]_2[2]
    SLICE_X10Y100        FDCE                                         r  u_sys/inst_sysArr/genblk1[5].processUnits[15].inst/sum_reg[30]/D
  -------------------------------------------------------------------    -------------------

                         (clock sys_clk_pin rise edge)
                                                      0.000     0.000 r  
    W5                                                0.000     0.000 r  clk (IN)
                         net (fo=0)                   0.000     0.000    clk
    W5                   IBUF (Prop_ibuf_I_O)         0.414     0.414 r  clk_IBUF_inst/O
                         net (fo=1, routed)           0.685     1.099    clk_IBUF
    BUFGCTRL_X0Y0        BUFG (Prop_bufg_I_O)         0.029     1.128 r  clk_IBUF_BUFG_inst/O
                         net (fo=17251, routed)       0.922     2.050    u_sys/inst_sysArr/genblk1[5].processUnits[15].inst/clk_IBUF_BUFG
    SLICE_X10Y100        FDCE                                         r  u_sys/inst_sysArr/genblk1[5].processUnits[15].inst/sum_reg[30]/C
                         clock pessimism             -0.249     1.801    
    SLICE_X10Y100        FDCE (Hold_fdce_C_D)         0.134     1.935    u_sys/inst_sysArr/genblk1[5].processUnits[15].inst/sum_reg[30]
  -------------------------------------------------------------------
                         required time                         -1.935    
                         arrival time                           1.982    
  -------------------------------------------------------------------
                         slack                                  0.048    

Slack (MET) :             0.049ns  (arrival time - required time)
  Source:                 u_sys/inst_sysArr/genblk1[5].processUnits[4].inst/sum_reg[27]/C
                            (rising edge-triggered cell FDCE clocked by sys_clk_pin  {rise@0.000ns fall@5.000ns period=10.000ns})
  Destination:            u_sys/inst_sysArr/genblk1[5].processUnits[4].inst/sum_reg[30]/D
                            (rising edge-triggered cell FDCE clocked by sys_clk_pin  {rise@0.000ns fall@5.000ns period=10.000ns})
  Path Group:             sys_clk_pin
  Path Type:              Hold (Min at Fast Process Corner)
  Requirement:            0.000ns  (sys_clk_pin rise@0.000ns - sys_clk_pin rise@0.000ns)
  Data Path Delay:        0.534ns  (logic 0.384ns (71.919%)  route 0.150ns (28.081%))
  Logic Levels:           3  (CARRY4=2 LUT3=1)
  Clock Path Skew:        0.351ns (DCD - SCD - CPR)
    Destination Clock Delay (DCD):    2.049ns
    Source Clock Delay      (SCD):    1.448ns
    Clock Pessimism Removal (CPR):    0.249ns

    Location             Delay type                Incr(ns)  Path(ns)    Netlist Resource(s)
  -------------------------------------------------------------------    -------------------
                         (clock sys_clk_pin rise edge)
                                                      0.000     0.000 r  
    W5                                                0.000     0.000 r  clk (IN)
                         net (fo=0)                   0.000     0.000    clk
    W5                   IBUF (Prop_ibuf_I_O)         0.226     0.226 r  clk_IBUF_inst/O
                         net (fo=1, routed)           0.631     0.858    clk_IBUF
    BUFGCTRL_X0Y0        BUFG (Prop_bufg_I_O)         0.026     0.884 r  clk_IBUF_BUFG_inst/O
                         net (fo=17251, routed)       0.565     1.448    u_sys/inst_sysArr/genblk1[5].processUnits[4].inst/clk_IBUF_BUFG
    SLICE_X14Y99         FDCE                                         r  u_sys/inst_sysArr/genblk1[5].processUnits[4].inst/sum_reg[27]/C
  -------------------------------------------------------------------    -------------------
    SLICE_X14Y99         FDCE (Prop_fdce_C_Q)         0.164     1.612 r  u_sys/inst_sysArr/genblk1[5].processUnits[4].inst/sum_reg[27]/Q
                         net (fo=2, routed)           0.149     1.761    u_sys/inst_kera_mem/sums[4][5]_62[27]
    SLICE_X14Y99         LUT3 (Prop_lut3_I2_O)        0.045     1.806 r  u_sys/inst_kera_mem/sum[24]_i_6__45/O
                         net (fo=1, routed)           0.000     1.806    u_sys/inst_kera_mem/sum[24]_i_6__45_n_0
    SLICE_X14Y99         CARRY4 (Prop_carry4_S[3]_CO[3])
                                                      0.109     1.915 r  u_sys/inst_kera_mem/sum_reg[24]_i_1__45/CO[3]
                         net (fo=1, routed)           0.001     1.916    u_sys/inst_kera_mem/sum_reg[24]_i_1__45_n_0
    SLICE_X14Y100        CARRY4 (Prop_carry4_CI_O[2])
                                                      0.066     1.982 r  u_sys/inst_kera_mem/sum_reg[28]_i_1__45/O[2]
                         net (fo=1, routed)           0.000     1.982    u_sys/inst_sysArr/genblk1[5].processUnits[4].inst/sum_reg[31]_1[2]
    SLICE_X14Y100        FDCE                                         r  u_sys/inst_sysArr/genblk1[5].processUnits[4].inst/sum_reg[30]/D
  -------------------------------------------------------------------    -------------------

                         (clock sys_clk_pin rise edge)
                                                      0.000     0.000 r  
    W5                                                0.000     0.000 r  clk (IN)
                         net (fo=0)                   0.000     0.000    clk
    W5                   IBUF (Prop_ibuf_I_O)         0.414     0.414 r  clk_IBUF_inst/O
                         net (fo=1, routed)           0.685     1.099    clk_IBUF
    BUFGCTRL_X0Y0        BUFG (Prop_bufg_I_O)         0.029     1.128 r  clk_IBUF_BUFG_inst/O
                         net (fo=17251, routed)       0.921     2.049    u_sys/inst_sysArr/genblk1[5].processUnits[4].inst/clk_IBUF_BUFG
    SLICE_X14Y100        FDCE                                         r  u_sys/inst_sysArr/genblk1[5].processUnits[4].inst/sum_reg[30]/C
                         clock pessimism             -0.249     1.800    
    SLICE_X14Y100        FDCE (Hold_fdce_C_D)         0.134     1.934    u_sys/inst_sysArr/genblk1[5].processUnits[4].inst/sum_reg[30]
  -------------------------------------------------------------------
                         required time                         -1.934    
                         arrival time                           1.982    
  -------------------------------------------------------------------
                         slack                                  0.049    

Slack (MET) :             0.049ns  (arrival time - required time)
  Source:                 u_sys/inst_sysArr/genblk1[5].processUnits[14].inst/sum_reg[11]/C
                            (rising edge-triggered cell FDCE clocked by sys_clk_pin  {rise@0.000ns fall@5.000ns period=10.000ns})
  Destination:            u_sys/inst_sysArr/genblk1[5].processUnits[14].inst/sum_reg[14]/D
                            (rising edge-triggered cell FDCE clocked by sys_clk_pin  {rise@0.000ns fall@5.000ns period=10.000ns})
  Path Group:             sys_clk_pin
  Path Type:              Hold (Min at Fast Process Corner)
  Requirement:            0.000ns  (sys_clk_pin rise@0.000ns - sys_clk_pin rise@0.000ns)
  Data Path Delay:        0.534ns  (logic 0.384ns (71.911%)  route 0.150ns (28.089%))
  Logic Levels:           3  (CARRY4=2 LUT3=1)
  Clock Path Skew:        0.351ns (DCD - SCD - CPR)
    Destination Clock Delay (DCD):    2.049ns
    Source Clock Delay      (SCD):    1.448ns
    Clock Pessimism Removal (CPR):    0.249ns

    Location             Delay type                Incr(ns)  Path(ns)    Netlist Resource(s)
  -------------------------------------------------------------------    -------------------
                         (clock sys_clk_pin rise edge)
                                                      0.000     0.000 r  
    W5                                                0.000     0.000 r  clk (IN)
                         net (fo=0)                   0.000     0.000    clk
    W5                   IBUF (Prop_ibuf_I_O)         0.226     0.226 r  clk_IBUF_inst/O
                         net (fo=1, routed)           0.631     0.858    clk_IBUF
    BUFGCTRL_X0Y0        BUFG (Prop_bufg_I_O)         0.026     0.884 r  clk_IBUF_BUFG_inst/O
                         net (fo=17251, routed)       0.565     1.448    u_sys/inst_sysArr/genblk1[5].processUnits[14].inst/clk_IBUF_BUFG
    SLICE_X12Y99         FDCE                                         r  u_sys/inst_sysArr/genblk1[5].processUnits[14].inst/sum_reg[11]/C
  -------------------------------------------------------------------    -------------------
    SLICE_X12Y99         FDCE (Prop_fdce_C_Q)         0.164     1.612 r  u_sys/inst_sysArr/genblk1[5].processUnits[14].inst/sum_reg[11]/Q
                         net (fo=2, routed)           0.149     1.762    u_sys/inst_kera_mem/sums[14][5]_74[11]
    SLICE_X12Y99         LUT3 (Prop_lut3_I2_O)        0.045     1.807 r  u_sys/inst_kera_mem/sum[8]_i_6__58/O
                         net (fo=1, routed)           0.000     1.807    u_sys/inst_kera_mem/sum[8]_i_6__58_n_0
    SLICE_X12Y99         CARRY4 (Prop_carry4_S[3]_CO[3])
                                                      0.109     1.916 r  u_sys/inst_kera_mem/sum_reg[8]_i_1__58/CO[3]
                         net (fo=1, routed)           0.001     1.916    u_sys/inst_kera_mem/sum_reg[8]_i_1__58_n_0
    SLICE_X12Y100        CARRY4 (Prop_carry4_CI_O[2])
                                                      0.066     1.982 r  u_sys/inst_kera_mem/sum_reg[12]_i_1__58/O[2]
                         net (fo=1, routed)           0.000     1.982    u_sys/inst_sysArr/genblk1[5].processUnits[14].inst/sum_reg[15]_0[2]
    SLICE_X12Y100        FDCE                                         r  u_sys/inst_sysArr/genblk1[5].processUnits[14].inst/sum_reg[14]/D
  -------------------------------------------------------------------    -------------------

                         (clock sys_clk_pin rise edge)
                                                      0.000     0.000 r  
    W5                                                0.000     0.000 r  clk (IN)
                         net (fo=0)                   0.000     0.000    clk
    W5                   IBUF (Prop_ibuf_I_O)         0.414     0.414 r  clk_IBUF_inst/O
                         net (fo=1, routed)           0.685     1.099    clk_IBUF
    BUFGCTRL_X0Y0        BUFG (Prop_bufg_I_O)         0.029     1.128 r  clk_IBUF_BUFG_inst/O
                         net (fo=17251, routed)       0.921     2.049    u_sys/inst_sysArr/genblk1[5].processUnits[14].inst/clk_IBUF_BUFG
    SLICE_X12Y100        FDCE                                         r  u_sys/inst_sysArr/genblk1[5].processUnits[14].inst/sum_reg[14]/C
                         clock pessimism             -0.249     1.800    
    SLICE_X12Y100        FDCE (Hold_fdce_C_D)         0.134     1.934    u_sys/inst_sysArr/genblk1[5].processUnits[14].inst/sum_reg[14]
  -------------------------------------------------------------------
                         required time                         -1.934    
                         arrival time                           1.982    
  -------------------------------------------------------------------
                         slack                                  0.049    

Slack (MET) :             0.051ns  (arrival time - required time)
  Source:                 u_sys/inst_sysArr/genblk1[4].processUnits[15].inst/sum_reg[15]/C
                            (rising edge-triggered cell FDCE clocked by sys_clk_pin  {rise@0.000ns fall@5.000ns period=10.000ns})
  Destination:            u_sys/inst_sysArr/genblk1[4].processUnits[15].inst/sum_reg[18]/D
                            (rising edge-triggered cell FDCE clocked by sys_clk_pin  {rise@0.000ns fall@5.000ns period=10.000ns})
  Path Group:             sys_clk_pin
  Path Type:              Hold (Min at Fast Process Corner)
  Requirement:            0.000ns  (sys_clk_pin rise@0.000ns - sys_clk_pin rise@0.000ns)
  Data Path Delay:        0.536ns  (logic 0.384ns (71.620%)  route 0.152ns (28.380%))
  Logic Levels:           3  (CARRY4=2 LUT3=1)
  Clock Path Skew:        0.351ns (DCD - SCD - CPR)
    Destination Clock Delay (DCD):    2.045ns
    Source Clock Delay      (SCD):    1.444ns
    Clock Pessimism Removal (CPR):    0.249ns

    Location             Delay type                Incr(ns)  Path(ns)    Netlist Resource(s)
  -------------------------------------------------------------------    -------------------
                         (clock sys_clk_pin rise edge)
                                                      0.000     0.000 r  
    W5                                                0.000     0.000 r  clk (IN)
                         net (fo=0)                   0.000     0.000    clk
    W5                   IBUF (Prop_ibuf_I_O)         0.226     0.226 r  clk_IBUF_inst/O
                         net (fo=1, routed)           0.631     0.858    clk_IBUF
    BUFGCTRL_X0Y0        BUFG (Prop_bufg_I_O)         0.026     0.884 r  clk_IBUF_BUFG_inst/O
                         net (fo=17251, routed)       0.561     1.444    u_sys/inst_sysArr/genblk1[4].processUnits[15].inst/clk_IBUF_BUFG
    SLICE_X34Y99         FDCE                                         r  u_sys/inst_sysArr/genblk1[4].processUnits[15].inst/sum_reg[15]/C
  -------------------------------------------------------------------    -------------------
    SLICE_X34Y99         FDCE (Prop_fdce_C_Q)         0.164     1.608 r  u_sys/inst_sysArr/genblk1[4].processUnits[15].inst/sum_reg[15]/Q
                         net (fo=2, routed)           0.151     1.760    u_sys/inst_kera_mem/sums[15][4]_77[15]
    SLICE_X34Y99         LUT3 (Prop_lut3_I2_O)        0.045     1.805 r  u_sys/inst_kera_mem/sum[12]_i_6__61/O
                         net (fo=1, routed)           0.000     1.805    u_sys/inst_kera_mem/sum[12]_i_6__61_n_0
    SLICE_X34Y99         CARRY4 (Prop_carry4_S[3]_CO[3])
                                                      0.109     1.914 r  u_sys/inst_kera_mem/sum_reg[12]_i_1__61/CO[3]
                         net (fo=1, routed)           0.001     1.914    u_sys/inst_kera_mem/sum_reg[12]_i_1__61_n_0
    SLICE_X34Y100        CARRY4 (Prop_carry4_CI_O[2])
                                                      0.066     1.980 r  u_sys/inst_kera_mem/sum_reg[16]_i_1__61/O[2]
                         net (fo=1, routed)           0.000     1.980    u_sys/inst_sysArr/genblk1[4].processUnits[15].inst/sum_reg[19]_1[2]
    SLICE_X34Y100        FDCE                                         r  u_sys/inst_sysArr/genblk1[4].processUnits[15].inst/sum_reg[18]/D
  -------------------------------------------------------------------    -------------------

                         (clock sys_clk_pin rise edge)
                                                      0.000     0.000 r  
    W5                                                0.000     0.000 r  clk (IN)
                         net (fo=0)                   0.000     0.000    clk
    W5                   IBUF (Prop_ibuf_I_O)         0.414     0.414 r  clk_IBUF_inst/O
                         net (fo=1, routed)           0.685     1.099    clk_IBUF
    BUFGCTRL_X0Y0        BUFG (Prop_bufg_I_O)         0.029     1.128 r  clk_IBUF_BUFG_inst/O
                         net (fo=17251, routed)       0.917     2.045    u_sys/inst_sysArr/genblk1[4].processUnits[15].inst/clk_IBUF_BUFG
    SLICE_X34Y100        FDCE                                         r  u_sys/inst_sysArr/genblk1[4].processUnits[15].inst/sum_reg[18]/C
                         clock pessimism             -0.249     1.796    
    SLICE_X34Y100        FDCE (Hold_fdce_C_D)         0.134     1.930    u_sys/inst_sysArr/genblk1[4].processUnits[15].inst/sum_reg[18]
  -------------------------------------------------------------------
                         required time                         -1.930    
                         arrival time                           1.980    
  -------------------------------------------------------------------
                         slack                                  0.051    

Slack (MET) :             0.051ns  (arrival time - required time)
  Source:                 u_sys/inst_sysArr/genblk1[4].processUnits[8].inst/sum_reg[7]/C
                            (rising edge-triggered cell FDCE clocked by sys_clk_pin  {rise@0.000ns fall@5.000ns period=10.000ns})
  Destination:            u_sys/inst_sysArr/genblk1[4].processUnits[8].inst/sum_reg[10]/D
                            (rising edge-triggered cell FDCE clocked by sys_clk_pin  {rise@0.000ns fall@5.000ns period=10.000ns})
  Path Group:             sys_clk_pin
  Path Type:              Hold (Min at Fast Process Corner)
  Requirement:            0.000ns  (sys_clk_pin rise@0.000ns - sys_clk_pin rise@0.000ns)
  Data Path Delay:        0.535ns  (logic 0.384ns (71.731%)  route 0.151ns (28.269%))
  Logic Levels:           3  (CARRY4=2 LUT3=1)
  Clock Path Skew:        0.350ns (DCD - SCD - CPR)
    Destination Clock Delay (DCD):    2.045ns
    Source Clock Delay      (SCD):    1.445ns
    Clock Pessimism Removal (CPR):    0.249ns

    Location             Delay type                Incr(ns)  Path(ns)    Netlist Resource(s)
  -------------------------------------------------------------------    -------------------
                         (clock sys_clk_pin rise edge)
                                                      0.000     0.000 r  
    W5                                                0.000     0.000 r  clk (IN)
                         net (fo=0)                   0.000     0.000    clk
    W5                   IBUF (Prop_ibuf_I_O)         0.226     0.226 r  clk_IBUF_inst/O
                         net (fo=1, routed)           0.631     0.858    clk_IBUF
    BUFGCTRL_X0Y0        BUFG (Prop_bufg_I_O)         0.026     0.884 r  clk_IBUF_BUFG_inst/O
                         net (fo=17251, routed)       0.562     1.445    u_sys/inst_sysArr/genblk1[4].processUnits[8].inst/clk_IBUF_BUFG
    SLICE_X30Y99         FDCE                                         r  u_sys/inst_sysArr/genblk1[4].processUnits[8].inst/sum_reg[7]/C
  -------------------------------------------------------------------    -------------------
    SLICE_X30Y99         FDCE (Prop_fdce_C_Q)         0.164     1.609 r  u_sys/inst_sysArr/genblk1[4].processUnits[8].inst/sum_reg[7]/Q
                         net (fo=2, routed)           0.151     1.760    u_sys/inst_kera_mem/sums[8][4]_84[7]
    SLICE_X30Y99         LUT3 (Prop_lut3_I2_O)        0.045     1.805 r  u_sys/inst_kera_mem/sum[4]_i_6__68/O
                         net (fo=1, routed)           0.000     1.805    u_sys/inst_kera_mem/sum[4]_i_6__68_n_0
    SLICE_X30Y99         CARRY4 (Prop_carry4_S[3]_CO[3])
                                                      0.109     1.914 r  u_sys/inst_kera_mem/sum_reg[4]_i_1__68/CO[3]
                         net (fo=1, routed)           0.001     1.915    u_sys/inst_kera_mem/sum_reg[4]_i_1__68_n_0
    SLICE_X30Y100        CARRY4 (Prop_carry4_CI_O[2])
                                                      0.066     1.981 r  u_sys/inst_kera_mem/sum_reg[8]_i_1__68/O[2]
                         net (fo=1, routed)           0.000     1.981    u_sys/inst_sysArr/genblk1[4].processUnits[8].inst/sum_reg[11]_0[2]
    SLICE_X30Y100        FDCE                                         r  u_sys/inst_sysArr/genblk1[4].processUnits[8].inst/sum_reg[10]/D
  -------------------------------------------------------------------    -------------------

                         (clock sys_clk_pin rise edge)
                                                      0.000     0.000 r  
    W5                                                0.000     0.000 r  clk (IN)
                         net (fo=0)                   0.000     0.000    clk
    W5                   IBUF (Prop_ibuf_I_O)         0.414     0.414 r  clk_IBUF_inst/O
                         net (fo=1, routed)           0.685     1.099    clk_IBUF
    BUFGCTRL_X0Y0        BUFG (Prop_bufg_I_O)         0.029     1.128 r  clk_IBUF_BUFG_inst/O
                         net (fo=17251, routed)       0.917     2.045    u_sys/inst_sysArr/genblk1[4].processUnits[8].inst/clk_IBUF_BUFG
    SLICE_X30Y100        FDCE                                         r  u_sys/inst_sysArr/genblk1[4].processUnits[8].inst/sum_reg[10]/C
                         clock pessimism             -0.249     1.796    
    SLICE_X30Y100        FDCE (Hold_fdce_C_D)         0.134     1.930    u_sys/inst_sysArr/genblk1[4].processUnits[8].inst/sum_reg[10]
  -------------------------------------------------------------------
                         required time                         -1.930    
                         arrival time                           1.981    
  -------------------------------------------------------------------
                         slack                                  0.051    





Pulse Width Checks
--------------------------------------------------------------------------------------
Clock Name:         sys_clk_pin
Waveform(ns):       { 0.000 5.000 }
Period(ns):         10.000
Sources:            { clk }

Check Type        Corner  Lib Pin             Reference Pin  Required(ns)  Actual(ns)  Slack(ns)  Location      Pin
Min Period        n/a     RAMB36E1/CLKARDCLK  n/a            2.944         10.000      7.056      RAMB36_X0Y5   u_sys/inst_kera_mem/omem_reg_0/CLKARDCLK
Min Period        n/a     RAMB36E1/CLKBWRCLK  n/a            2.944         10.000      7.056      RAMB36_X0Y5   u_sys/inst_kera_mem/omem_reg_0/CLKBWRCLK
Min Period        n/a     RAMB36E1/CLKARDCLK  n/a            2.944         10.000      7.056      RAMB36_X1Y6   u_sys/inst_kera_mem/omem_reg_1/CLKARDCLK
Min Period        n/a     RAMB36E1/CLKBWRCLK  n/a            2.944         10.000      7.056      RAMB36_X1Y6   u_sys/inst_kera_mem/omem_reg_1/CLKBWRCLK
Min Period        n/a     RAMB36E1/CLKARDCLK  n/a            2.944         10.000      7.056      RAMB36_X0Y7   u_sys/inst_kera_mem/omem_reg_2/CLKARDCLK
Min Period        n/a     RAMB36E1/CLKBWRCLK  n/a            2.944         10.000      7.056      RAMB36_X0Y7   u_sys/inst_kera_mem/omem_reg_2/CLKBWRCLK
Min Period        n/a     RAMB36E1/CLKARDCLK  n/a            2.944         10.000      7.056      RAMB36_X0Y4   u_sys/inst_kera_mem/omem_reg_3/CLKARDCLK
Min Period        n/a     RAMB36E1/CLKBWRCLK  n/a            2.944         10.000      7.056      RAMB36_X0Y4   u_sys/inst_kera_mem/omem_reg_3/CLKBWRCLK
Min Period        n/a     RAMB36E1/CLKARDCLK  n/a            2.944         10.000      7.056      RAMB36_X1Y5   u_sys/inst_kera_mem/omem_reg_4/CLKARDCLK
Min Period        n/a     RAMB36E1/CLKBWRCLK  n/a            2.944         10.000      7.056      RAMB36_X1Y5   u_sys/inst_kera_mem/omem_reg_4/CLKBWRCLK
Low Pulse Width   Slow    FDRE/C              n/a            0.500         5.000       4.500      SLICE_X8Y28   btnC_q2_reg/C
Low Pulse Width   Fast    FDRE/C              n/a            0.500         5.000       4.500      SLICE_X8Y28   btnC_q2_reg/C
Low Pulse Width   Slow    FDRE/C              n/a            0.500         5.000       4.500      SLICE_X5Y15   btnC_q_reg/C
Low Pulse Width   Fast    FDRE/C              n/a            0.500         5.000       4.500      SLICE_X5Y15   btnC_q_reg/C
Low Pulse Width   Slow    FDRE/C              n/a            0.500         5.000       4.500      SLICE_X56Y7   btnU_q2_reg/C
Low Pulse Width   Fast    FDRE/C              n/a            0.500         5.000       4.500      SLICE_X56Y7   btnU_q2_reg/C
Low Pulse Width   Slow    FDRE/C              n/a            0.500         5.000       4.500      SLICE_X56Y7   btnU_q_reg/C
Low Pulse Width   Fast    FDRE/C              n/a            0.500         5.000       4.500      SLICE_X56Y7   btnU_q_reg/C
Low Pulse Width   Slow    FDRE/C              n/a            0.500         5.000       4.500      SLICE_X35Y26  refresh_counter_reg[0]/C
Low Pulse Width   Fast    FDRE/C              n/a            0.500         5.000       4.500      SLICE_X35Y26  refresh_counter_reg[0]/C
High Pulse Width  Slow    FDRE/C              n/a            0.500         5.000       4.500      SLICE_X8Y28   btnC_q2_reg/C
High Pulse Width  Fast    FDRE/C              n/a            0.500         5.000       4.500      SLICE_X8Y28   btnC_q2_reg/C
High Pulse Width  Slow    FDRE/C              n/a            0.500         5.000       4.500      SLICE_X5Y15   btnC_q_reg/C
High Pulse Width  Fast    FDRE/C              n/a            0.500         5.000       4.500      SLICE_X5Y15   btnC_q_reg/C
High Pulse Width  Slow    FDRE/C              n/a            0.500         5.000       4.500      SLICE_X56Y7   btnU_q2_reg/C
High Pulse Width  Fast    FDRE/C              n/a            0.500         5.000       4.500      SLICE_X56Y7   btnU_q2_reg/C
High Pulse Width  Slow    FDRE/C              n/a            0.500         5.000       4.500      SLICE_X56Y7   btnU_q_reg/C
High Pulse Width  Fast    FDRE/C              n/a            0.500         5.000       4.500      SLICE_X56Y7   btnU_q_reg/C
High Pulse Width  Slow    FDRE/C              n/a            0.500         5.000       4.500      SLICE_X35Y26  refresh_counter_reg[0]/C
High Pulse Width  Fast    FDRE/C              n/a            0.500         5.000       4.500      SLICE_X35Y26  refresh_counter_reg[0]/C



---------------------------------------------------------------------------------------------------
Path Group:  **async_default**
From Clock:  sys_clk_pin
  To Clock:  sys_clk_pin

Setup :           14  Failing Endpoints,  Worst Slack       -0.137ns,  Total Violation       -1.403ns
Hold  :            0  Failing Endpoints,  Worst Slack        0.360ns,  Total Violation        0.000ns
---------------------------------------------------------------------------------------------------


Max Delay Paths
--------------------------------------------------------------------------------------
Slack (VIOLATED) :        -0.137ns  (required time - arrival time)
  Source:                 rst_sync_reg/C
                            (rising edge-triggered cell FDRE clocked by sys_clk_pin  {rise@0.000ns fall@5.000ns period=10.000ns})
  Destination:            u_sys/inst_fifo/regs_reg[3][168]/CLR
                            (recovery check against rising-edge clock sys_clk_pin  {rise@0.000ns fall@5.000ns period=10.000ns})
  Path Group:             **async_default**
  Path Type:              Recovery (Max at Slow Process Corner)
  Requirement:            10.000ns  (sys_clk_pin rise@10.000ns - sys_clk_pin rise@0.000ns)
  Data Path Delay:        9.781ns  (logic 0.456ns (4.662%)  route 9.325ns (95.338%))
  Logic Levels:           0  
  Clock Path Skew:        0.084ns (DCD - SCD + CPR)
    Destination Clock Delay (DCD):    4.957ns = ( 14.957 - 10.000 ) 
    Source Clock Delay      (SCD):    5.060ns
    Clock Pessimism Removal (CPR):    0.187ns
  Clock Uncertainty:      0.035ns  ((TSJ^2 + TIJ^2)^1/2 + DJ) / 2 + PE
    Total System Jitter     (TSJ):    0.071ns
    Total Input Jitter      (TIJ):    0.000ns
    Discrete Jitter          (DJ):    0.000ns
    Phase Error              (PE):    0.000ns

    Location             Delay type                Incr(ns)  Path(ns)    Netlist Resource(s)
  -------------------------------------------------------------------    -------------------
                         (clock sys_clk_pin rise edge)
                                                      0.000     0.000 r  
    W5                                                0.000     0.000 r  clk (IN)
                         net (fo=0)                   0.000     0.000    clk
    W5                   IBUF (Prop_ibuf_I_O)         1.458     1.458 r  clk_IBUF_inst/O
                         net (fo=1, routed)           1.967     3.425    clk_IBUF
    BUFGCTRL_X0Y0        BUFG (Prop_bufg_I_O)         0.096     3.521 r  clk_IBUF_BUFG_inst/O
                         net (fo=17251, routed)       1.539     5.060    clk_IBUF_BUFG
    SLICE_X35Y79         FDRE                                         r  rst_sync_reg/C
  -------------------------------------------------------------------    -------------------
    SLICE_X35Y79         FDRE (Prop_fdre_C_Q)         0.456     5.516 f  rst_sync_reg/Q
                         net (fo=17033, routed)       9.325    14.841    u_sys/inst_fifo/rst_sync
    SLICE_X11Y149        FDCE                                         f  u_sys/inst_fifo/regs_reg[3][168]/CLR
  -------------------------------------------------------------------    -------------------

                         (clock sys_clk_pin rise edge)
                                                     10.000    10.000 r  
    W5                                                0.000    10.000 r  clk (IN)
                         net (fo=0)                   0.000    10.000    clk
    W5                   IBUF (Prop_ibuf_I_O)         1.388    11.388 r  clk_IBUF_inst/O
                         net (fo=1, routed)           1.862    13.250    clk_IBUF
    BUFGCTRL_X0Y0        BUFG (Prop_bufg_I_O)         0.091    13.341 r  clk_IBUF_BUFG_inst/O
                         net (fo=17251, routed)       1.616    14.957    u_sys/inst_fifo/clk_IBUF_BUFG
    SLICE_X11Y149        FDCE                                         r  u_sys/inst_fifo/regs_reg[3][168]/C
                         clock pessimism              0.187    15.144    
                         clock uncertainty           -0.035    15.109    
    SLICE_X11Y149        FDCE (Recov_fdce_C_CLR)     -0.405    14.704    u_sys/inst_fifo/regs_reg[3][168]
  -------------------------------------------------------------------
                         required time                         14.704    
                         arrival time                         -14.841    
  -------------------------------------------------------------------
                         slack                                 -0.137    

Slack (VIOLATED) :        -0.137ns  (required time - arrival time)
  Source:                 rst_sync_reg/C
                            (rising edge-triggered cell FDRE clocked by sys_clk_pin  {rise@0.000ns fall@5.000ns period=10.000ns})
  Destination:            u_sys/inst_fifo/regs_reg[3][170]/CLR
                            (recovery check against rising-edge clock sys_clk_pin  {rise@0.000ns fall@5.000ns period=10.000ns})
  Path Group:             **async_default**
  Path Type:              Recovery (Max at Slow Process Corner)
  Requirement:            10.000ns  (sys_clk_pin rise@10.000ns - sys_clk_pin rise@0.000ns)
  Data Path Delay:        9.781ns  (logic 0.456ns (4.662%)  route 9.325ns (95.338%))
  Logic Levels:           0  
  Clock Path Skew:        0.084ns (DCD - SCD + CPR)
    Destination Clock Delay (DCD):    4.957ns = ( 14.957 - 10.000 ) 
    Source Clock Delay      (SCD):    5.060ns
    Clock Pessimism Removal (CPR):    0.187ns
  Clock Uncertainty:      0.035ns  ((TSJ^2 + TIJ^2)^1/2 + DJ) / 2 + PE
    Total System Jitter     (TSJ):    0.071ns
    Total Input Jitter      (TIJ):    0.000ns
    Discrete Jitter          (DJ):    0.000ns
    Phase Error              (PE):    0.000ns

    Location             Delay type                Incr(ns)  Path(ns)    Netlist Resource(s)
  -------------------------------------------------------------------    -------------------
                         (clock sys_clk_pin rise edge)
                                                      0.000     0.000 r  
    W5                                                0.000     0.000 r  clk (IN)
                         net (fo=0)                   0.000     0.000    clk
    W5                   IBUF (Prop_ibuf_I_O)         1.458     1.458 r  clk_IBUF_inst/O
                         net (fo=1, routed)           1.967     3.425    clk_IBUF
    BUFGCTRL_X0Y0        BUFG (Prop_bufg_I_O)         0.096     3.521 r  clk_IBUF_BUFG_inst/O
                         net (fo=17251, routed)       1.539     5.060    clk_IBUF_BUFG
    SLICE_X35Y79         FDRE                                         r  rst_sync_reg/C
  -------------------------------------------------------------------    -------------------
    SLICE_X35Y79         FDRE (Prop_fdre_C_Q)         0.456     5.516 f  rst_sync_reg/Q
                         net (fo=17033, routed)       9.325    14.841    u_sys/inst_fifo/rst_sync
    SLICE_X11Y149        FDCE                                         f  u_sys/inst_fifo/regs_reg[3][170]/CLR
  -------------------------------------------------------------------    -------------------

                         (clock sys_clk_pin rise edge)
                                                     10.000    10.000 r  
    W5                                                0.000    10.000 r  clk (IN)
                         net (fo=0)                   0.000    10.000    clk
    W5                   IBUF (Prop_ibuf_I_O)         1.388    11.388 r  clk_IBUF_inst/O
                         net (fo=1, routed)           1.862    13.250    clk_IBUF
    BUFGCTRL_X0Y0        BUFG (Prop_bufg_I_O)         0.091    13.341 r  clk_IBUF_BUFG_inst/O
                         net (fo=17251, routed)       1.616    14.957    u_sys/inst_fifo/clk_IBUF_BUFG
    SLICE_X11Y149        FDCE                                         r  u_sys/inst_fifo/regs_reg[3][170]/C
                         clock pessimism              0.187    15.144    
                         clock uncertainty           -0.035    15.109    
    SLICE_X11Y149        FDCE (Recov_fdce_C_CLR)     -0.405    14.704    u_sys/inst_fifo/regs_reg[3][170]
  -------------------------------------------------------------------
                         required time                         14.704    
                         arrival time                         -14.841    
  -------------------------------------------------------------------
                         slack                                 -0.137    

Slack (VIOLATED) :        -0.137ns  (required time - arrival time)
  Source:                 rst_sync_reg/C
                            (rising edge-triggered cell FDRE clocked by sys_clk_pin  {rise@0.000ns fall@5.000ns period=10.000ns})
  Destination:            u_sys/inst_fifo/regs_reg[3][422]/CLR
                            (recovery check against rising-edge clock sys_clk_pin  {rise@0.000ns fall@5.000ns period=10.000ns})
  Path Group:             **async_default**
  Path Type:              Recovery (Max at Slow Process Corner)
  Requirement:            10.000ns  (sys_clk_pin rise@10.000ns - sys_clk_pin rise@0.000ns)
  Data Path Delay:        9.781ns  (logic 0.456ns (4.662%)  route 9.325ns (95.338%))
  Logic Levels:           0  
  Clock Path Skew:        0.084ns (DCD - SCD + CPR)
    Destination Clock Delay (DCD):    4.957ns = ( 14.957 - 10.000 ) 
    Source Clock Delay      (SCD):    5.060ns
    Clock Pessimism Removal (CPR):    0.187ns
  Clock Uncertainty:      0.035ns  ((TSJ^2 + TIJ^2)^1/2 + DJ) / 2 + PE
    Total System Jitter     (TSJ):    0.071ns
    Total Input Jitter      (TIJ):    0.000ns
    Discrete Jitter          (DJ):    0.000ns
    Phase Error              (PE):    0.000ns

    Location             Delay type                Incr(ns)  Path(ns)    Netlist Resource(s)
  -------------------------------------------------------------------    -------------------
                         (clock sys_clk_pin rise edge)
                                                      0.000     0.000 r  
    W5                                                0.000     0.000 r  clk (IN)
                         net (fo=0)                   0.000     0.000    clk
    W5                   IBUF (Prop_ibuf_I_O)         1.458     1.458 r  clk_IBUF_inst/O
                         net (fo=1, routed)           1.967     3.425    clk_IBUF
    BUFGCTRL_X0Y0        BUFG (Prop_bufg_I_O)         0.096     3.521 r  clk_IBUF_BUFG_inst/O
                         net (fo=17251, routed)       1.539     5.060    clk_IBUF_BUFG
    SLICE_X35Y79         FDRE                                         r  rst_sync_reg/C
  -------------------------------------------------------------------    -------------------
    SLICE_X35Y79         FDRE (Prop_fdre_C_Q)         0.456     5.516 f  rst_sync_reg/Q
                         net (fo=17033, routed)       9.325    14.841    u_sys/inst_fifo/rst_sync
    SLICE_X11Y149        FDCE                                         f  u_sys/inst_fifo/regs_reg[3][422]/CLR
  -------------------------------------------------------------------    -------------------

                         (clock sys_clk_pin rise edge)
                                                     10.000    10.000 r  
    W5                                                0.000    10.000 r  clk (IN)
                         net (fo=0)                   0.000    10.000    clk
    W5                   IBUF (Prop_ibuf_I_O)         1.388    11.388 r  clk_IBUF_inst/O
                         net (fo=1, routed)           1.862    13.250    clk_IBUF
    BUFGCTRL_X0Y0        BUFG (Prop_bufg_I_O)         0.091    13.341 r  clk_IBUF_BUFG_inst/O
                         net (fo=17251, routed)       1.616    14.957    u_sys/inst_fifo/clk_IBUF_BUFG
    SLICE_X11Y149        FDCE                                         r  u_sys/inst_fifo/regs_reg[3][422]/C
                         clock pessimism              0.187    15.144    
                         clock uncertainty           -0.035    15.109    
    SLICE_X11Y149        FDCE (Recov_fdce_C_CLR)     -0.405    14.704    u_sys/inst_fifo/regs_reg[3][422]
  -------------------------------------------------------------------
                         required time                         14.704    
                         arrival time                         -14.841    
  -------------------------------------------------------------------
                         slack                                 -0.137    

Slack (VIOLATED) :        -0.137ns  (required time - arrival time)
  Source:                 rst_sync_reg/C
                            (rising edge-triggered cell FDRE clocked by sys_clk_pin  {rise@0.000ns fall@5.000ns period=10.000ns})
  Destination:            u_sys/inst_fifo/regs_reg[3][430]/CLR
                            (recovery check against rising-edge clock sys_clk_pin  {rise@0.000ns fall@5.000ns period=10.000ns})
  Path Group:             **async_default**
  Path Type:              Recovery (Max at Slow Process Corner)
  Requirement:            10.000ns  (sys_clk_pin rise@10.000ns - sys_clk_pin rise@0.000ns)
  Data Path Delay:        9.781ns  (logic 0.456ns (4.662%)  route 9.325ns (95.338%))
  Logic Levels:           0  
  Clock Path Skew:        0.084ns (DCD - SCD + CPR)
    Destination Clock Delay (DCD):    4.957ns = ( 14.957 - 10.000 ) 
    Source Clock Delay      (SCD):    5.060ns
    Clock Pessimism Removal (CPR):    0.187ns
  Clock Uncertainty:      0.035ns  ((TSJ^2 + TIJ^2)^1/2 + DJ) / 2 + PE
    Total System Jitter     (TSJ):    0.071ns
    Total Input Jitter      (TIJ):    0.000ns
    Discrete Jitter          (DJ):    0.000ns
    Phase Error              (PE):    0.000ns

    Location             Delay type                Incr(ns)  Path(ns)    Netlist Resource(s)
  -------------------------------------------------------------------    -------------------
                         (clock sys_clk_pin rise edge)
                                                      0.000     0.000 r  
    W5                                                0.000     0.000 r  clk (IN)
                         net (fo=0)                   0.000     0.000    clk
    W5                   IBUF (Prop_ibuf_I_O)         1.458     1.458 r  clk_IBUF_inst/O
                         net (fo=1, routed)           1.967     3.425    clk_IBUF
    BUFGCTRL_X0Y0        BUFG (Prop_bufg_I_O)         0.096     3.521 r  clk_IBUF_BUFG_inst/O
                         net (fo=17251, routed)       1.539     5.060    clk_IBUF_BUFG
    SLICE_X35Y79         FDRE                                         r  rst_sync_reg/C
  -------------------------------------------------------------------    -------------------
    SLICE_X35Y79         FDRE (Prop_fdre_C_Q)         0.456     5.516 f  rst_sync_reg/Q
                         net (fo=17033, routed)       9.325    14.841    u_sys/inst_fifo/rst_sync
    SLICE_X11Y149        FDCE                                         f  u_sys/inst_fifo/regs_reg[3][430]/CLR
  -------------------------------------------------------------------    -------------------

                         (clock sys_clk_pin rise edge)
                                                     10.000    10.000 r  
    W5                                                0.000    10.000 r  clk (IN)
                         net (fo=0)                   0.000    10.000    clk
    W5                   IBUF (Prop_ibuf_I_O)         1.388    11.388 r  clk_IBUF_inst/O
                         net (fo=1, routed)           1.862    13.250    clk_IBUF
    BUFGCTRL_X0Y0        BUFG (Prop_bufg_I_O)         0.091    13.341 r  clk_IBUF_BUFG_inst/O
                         net (fo=17251, routed)       1.616    14.957    u_sys/inst_fifo/clk_IBUF_BUFG
    SLICE_X11Y149        FDCE                                         r  u_sys/inst_fifo/regs_reg[3][430]/C
                         clock pessimism              0.187    15.144    
                         clock uncertainty           -0.035    15.109    
    SLICE_X11Y149        FDCE (Recov_fdce_C_CLR)     -0.405    14.704    u_sys/inst_fifo/regs_reg[3][430]
  -------------------------------------------------------------------
                         required time                         14.704    
                         arrival time                         -14.841    
  -------------------------------------------------------------------
                         slack                                 -0.137    

Slack (VIOLATED) :        -0.137ns  (required time - arrival time)
  Source:                 rst_sync_reg/C
                            (rising edge-triggered cell FDRE clocked by sys_clk_pin  {rise@0.000ns fall@5.000ns period=10.000ns})
  Destination:            u_sys/inst_fifo/regs_reg[3][440]/CLR
                            (recovery check against rising-edge clock sys_clk_pin  {rise@0.000ns fall@5.000ns period=10.000ns})
  Path Group:             **async_default**
  Path Type:              Recovery (Max at Slow Process Corner)
  Requirement:            10.000ns  (sys_clk_pin rise@10.000ns - sys_clk_pin rise@0.000ns)
  Data Path Delay:        9.781ns  (logic 0.456ns (4.662%)  route 9.325ns (95.338%))
  Logic Levels:           0  
  Clock Path Skew:        0.084ns (DCD - SCD + CPR)
    Destination Clock Delay (DCD):    4.957ns = ( 14.957 - 10.000 ) 
    Source Clock Delay      (SCD):    5.060ns
    Clock Pessimism Removal (CPR):    0.187ns
  Clock Uncertainty:      0.035ns  ((TSJ^2 + TIJ^2)^1/2 + DJ) / 2 + PE
    Total System Jitter     (TSJ):    0.071ns
    Total Input Jitter      (TIJ):    0.000ns
    Discrete Jitter          (DJ):    0.000ns
    Phase Error              (PE):    0.000ns

    Location             Delay type                Incr(ns)  Path(ns)    Netlist Resource(s)
  -------------------------------------------------------------------    -------------------
                         (clock sys_clk_pin rise edge)
                                                      0.000     0.000 r  
    W5                                                0.000     0.000 r  clk (IN)
                         net (fo=0)                   0.000     0.000    clk
    W5                   IBUF (Prop_ibuf_I_O)         1.458     1.458 r  clk_IBUF_inst/O
                         net (fo=1, routed)           1.967     3.425    clk_IBUF
    BUFGCTRL_X0Y0        BUFG (Prop_bufg_I_O)         0.096     3.521 r  clk_IBUF_BUFG_inst/O
                         net (fo=17251, routed)       1.539     5.060    clk_IBUF_BUFG
    SLICE_X35Y79         FDRE                                         r  rst_sync_reg/C
  -------------------------------------------------------------------    -------------------
    SLICE_X35Y79         FDRE (Prop_fdre_C_Q)         0.456     5.516 f  rst_sync_reg/Q
                         net (fo=17033, routed)       9.325    14.841    u_sys/inst_fifo/rst_sync
    SLICE_X11Y149        FDCE                                         f  u_sys/inst_fifo/regs_reg[3][440]/CLR
  -------------------------------------------------------------------    -------------------

                         (clock sys_clk_pin rise edge)
                                                     10.000    10.000 r  
    W5                                                0.000    10.000 r  clk (IN)
                         net (fo=0)                   0.000    10.000    clk
    W5                   IBUF (Prop_ibuf_I_O)         1.388    11.388 r  clk_IBUF_inst/O
                         net (fo=1, routed)           1.862    13.250    clk_IBUF
    BUFGCTRL_X0Y0        BUFG (Prop_bufg_I_O)         0.091    13.341 r  clk_IBUF_BUFG_inst/O
                         net (fo=17251, routed)       1.616    14.957    u_sys/inst_fifo/clk_IBUF_BUFG
    SLICE_X11Y149        FDCE                                         r  u_sys/inst_fifo/regs_reg[3][440]/C
                         clock pessimism              0.187    15.144    
                         clock uncertainty           -0.035    15.109    
    SLICE_X11Y149        FDCE (Recov_fdce_C_CLR)     -0.405    14.704    u_sys/inst_fifo/regs_reg[3][440]
  -------------------------------------------------------------------
                         required time                         14.704    
                         arrival time                         -14.841    
  -------------------------------------------------------------------
                         slack                                 -0.137    

Slack (VIOLATED) :        -0.137ns  (required time - arrival time)
  Source:                 rst_sync_reg/C
                            (rising edge-triggered cell FDRE clocked by sys_clk_pin  {rise@0.000ns fall@5.000ns period=10.000ns})
  Destination:            u_sys/inst_fifo/regs_reg[3][499]/CLR
                            (recovery check against rising-edge clock sys_clk_pin  {rise@0.000ns fall@5.000ns period=10.000ns})
  Path Group:             **async_default**
  Path Type:              Recovery (Max at Slow Process Corner)
  Requirement:            10.000ns  (sys_clk_pin rise@10.000ns - sys_clk_pin rise@0.000ns)
  Data Path Delay:        9.781ns  (logic 0.456ns (4.662%)  route 9.325ns (95.338%))
  Logic Levels:           0  
  Clock Path Skew:        0.084ns (DCD - SCD + CPR)
    Destination Clock Delay (DCD):    4.957ns = ( 14.957 - 10.000 ) 
    Source Clock Delay      (SCD):    5.060ns
    Clock Pessimism Removal (CPR):    0.187ns
  Clock Uncertainty:      0.035ns  ((TSJ^2 + TIJ^2)^1/2 + DJ) / 2 + PE
    Total System Jitter     (TSJ):    0.071ns
    Total Input Jitter      (TIJ):    0.000ns
    Discrete Jitter          (DJ):    0.000ns
    Phase Error              (PE):    0.000ns

    Location             Delay type                Incr(ns)  Path(ns)    Netlist Resource(s)
  -------------------------------------------------------------------    -------------------
                         (clock sys_clk_pin rise edge)
                                                      0.000     0.000 r  
    W5                                                0.000     0.000 r  clk (IN)
                         net (fo=0)                   0.000     0.000    clk
    W5                   IBUF (Prop_ibuf_I_O)         1.458     1.458 r  clk_IBUF_inst/O
                         net (fo=1, routed)           1.967     3.425    clk_IBUF
    BUFGCTRL_X0Y0        BUFG (Prop_bufg_I_O)         0.096     3.521 r  clk_IBUF_BUFG_inst/O
                         net (fo=17251, routed)       1.539     5.060    clk_IBUF_BUFG
    SLICE_X35Y79         FDRE                                         r  rst_sync_reg/C
  -------------------------------------------------------------------    -------------------
    SLICE_X35Y79         FDRE (Prop_fdre_C_Q)         0.456     5.516 f  rst_sync_reg/Q
                         net (fo=17033, routed)       9.325    14.841    u_sys/inst_fifo/rst_sync
    SLICE_X11Y149        FDCE                                         f  u_sys/inst_fifo/regs_reg[3][499]/CLR
  -------------------------------------------------------------------    -------------------

                         (clock sys_clk_pin rise edge)
                                                     10.000    10.000 r  
    W5                                                0.000    10.000 r  clk (IN)
                         net (fo=0)                   0.000    10.000    clk
    W5                   IBUF (Prop_ibuf_I_O)         1.388    11.388 r  clk_IBUF_inst/O
                         net (fo=1, routed)           1.862    13.250    clk_IBUF
    BUFGCTRL_X0Y0        BUFG (Prop_bufg_I_O)         0.091    13.341 r  clk_IBUF_BUFG_inst/O
                         net (fo=17251, routed)       1.616    14.957    u_sys/inst_fifo/clk_IBUF_BUFG
    SLICE_X11Y149        FDCE                                         r  u_sys/inst_fifo/regs_reg[3][499]/C
                         clock pessimism              0.187    15.144    
                         clock uncertainty           -0.035    15.109    
    SLICE_X11Y149        FDCE (Recov_fdce_C_CLR)     -0.405    14.704    u_sys/inst_fifo/regs_reg[3][499]
  -------------------------------------------------------------------
                         required time                         14.704    
                         arrival time                         -14.841    
  -------------------------------------------------------------------
                         slack                                 -0.137    

Slack (VIOLATED) :        -0.093ns  (required time - arrival time)
  Source:                 rst_sync_reg/C
                            (rising edge-triggered cell FDRE clocked by sys_clk_pin  {rise@0.000ns fall@5.000ns period=10.000ns})
  Destination:            u_sys/inst_fifo/regs_reg[13][430]/CLR
                            (recovery check against rising-edge clock sys_clk_pin  {rise@0.000ns fall@5.000ns period=10.000ns})
  Path Group:             **async_default**
  Path Type:              Recovery (Max at Slow Process Corner)
  Requirement:            10.000ns  (sys_clk_pin rise@10.000ns - sys_clk_pin rise@0.000ns)
  Data Path Delay:        9.781ns  (logic 0.456ns (4.662%)  route 9.325ns (95.338%))
  Logic Levels:           0  
  Clock Path Skew:        0.084ns (DCD - SCD + CPR)
    Destination Clock Delay (DCD):    4.957ns = ( 14.957 - 10.000 ) 
    Source Clock Delay      (SCD):    5.060ns
    Clock Pessimism Removal (CPR):    0.187ns
  Clock Uncertainty:      0.035ns  ((TSJ^2 + TIJ^2)^1/2 + DJ) / 2 + PE
    Total System Jitter     (TSJ):    0.071ns
    Total Input Jitter      (TIJ):    0.000ns
    Discrete Jitter          (DJ):    0.000ns
    Phase Error              (PE):    0.000ns

    Location             Delay type                Incr(ns)  Path(ns)    Netlist Resource(s)
  -------------------------------------------------------------------    -------------------
                         (clock sys_clk_pin rise edge)
                                                      0.000     0.000 r  
    W5                                                0.000     0.000 r  clk (IN)
                         net (fo=0)                   0.000     0.000    clk
    W5                   IBUF (Prop_ibuf_I_O)         1.458     1.458 r  clk_IBUF_inst/O
                         net (fo=1, routed)           1.967     3.425    clk_IBUF
    BUFGCTRL_X0Y0        BUFG (Prop_bufg_I_O)         0.096     3.521 r  clk_IBUF_BUFG_inst/O
                         net (fo=17251, routed)       1.539     5.060    clk_IBUF_BUFG
    SLICE_X35Y79         FDRE                                         r  rst_sync_reg/C
  -------------------------------------------------------------------    -------------------
    SLICE_X35Y79         FDRE (Prop_fdre_C_Q)         0.456     5.516 f  rst_sync_reg/Q
                         net (fo=17033, routed)       9.325    14.841    u_sys/inst_fifo/rst_sync
    SLICE_X10Y149        FDCE                                         f  u_sys/inst_fifo/regs_reg[13][430]/CLR
  -------------------------------------------------------------------    -------------------

                         (clock sys_clk_pin rise edge)
                                                     10.000    10.000 r  
    W5                                                0.000    10.000 r  clk (IN)
                         net (fo=0)                   0.000    10.000    clk
    W5                   IBUF (Prop_ibuf_I_O)         1.388    11.388 r  clk_IBUF_inst/O
                         net (fo=1, routed)           1.862    13.250    clk_IBUF
    BUFGCTRL_X0Y0        BUFG (Prop_bufg_I_O)         0.091    13.341 r  clk_IBUF_BUFG_inst/O
                         net (fo=17251, routed)       1.616    14.957    u_sys/inst_fifo/clk_IBUF_BUFG
    SLICE_X10Y149        FDCE                                         r  u_sys/inst_fifo/regs_reg[13][430]/C
                         clock pessimism              0.187    15.144    
                         clock uncertainty           -0.035    15.109    
    SLICE_X10Y149        FDCE (Recov_fdce_C_CLR)     -0.361    14.748    u_sys/inst_fifo/regs_reg[13][430]
  -------------------------------------------------------------------
                         required time                         14.748    
                         arrival time                         -14.841    
  -------------------------------------------------------------------
                         slack                                 -0.093    

Slack (VIOLATED) :        -0.093ns  (required time - arrival time)
  Source:                 rst_sync_reg/C
                            (rising edge-triggered cell FDRE clocked by sys_clk_pin  {rise@0.000ns fall@5.000ns period=10.000ns})
  Destination:            u_sys/inst_fifo/regs_reg[13][440]/CLR
                            (recovery check against rising-edge clock sys_clk_pin  {rise@0.000ns fall@5.000ns period=10.000ns})
  Path Group:             **async_default**
  Path Type:              Recovery (Max at Slow Process Corner)
  Requirement:            10.000ns  (sys_clk_pin rise@10.000ns - sys_clk_pin rise@0.000ns)
  Data Path Delay:        9.781ns  (logic 0.456ns (4.662%)  route 9.325ns (95.338%))
  Logic Levels:           0  
  Clock Path Skew:        0.084ns (DCD - SCD + CPR)
    Destination Clock Delay (DCD):    4.957ns = ( 14.957 - 10.000 ) 
    Source Clock Delay      (SCD):    5.060ns
    Clock Pessimism Removal (CPR):    0.187ns
  Clock Uncertainty:      0.035ns  ((TSJ^2 + TIJ^2)^1/2 + DJ) / 2 + PE
    Total System Jitter     (TSJ):    0.071ns
    Total Input Jitter      (TIJ):    0.000ns
    Discrete Jitter          (DJ):    0.000ns
    Phase Error              (PE):    0.000ns

    Location             Delay type                Incr(ns)  Path(ns)    Netlist Resource(s)
  -------------------------------------------------------------------    -------------------
                         (clock sys_clk_pin rise edge)
                                                      0.000     0.000 r  
    W5                                                0.000     0.000 r  clk (IN)
                         net (fo=0)                   0.000     0.000    clk
    W5                   IBUF (Prop_ibuf_I_O)         1.458     1.458 r  clk_IBUF_inst/O
                         net (fo=1, routed)           1.967     3.425    clk_IBUF
    BUFGCTRL_X0Y0        BUFG (Prop_bufg_I_O)         0.096     3.521 r  clk_IBUF_BUFG_inst/O
                         net (fo=17251, routed)       1.539     5.060    clk_IBUF_BUFG
    SLICE_X35Y79         FDRE                                         r  rst_sync_reg/C
  -------------------------------------------------------------------    -------------------
    SLICE_X35Y79         FDRE (Prop_fdre_C_Q)         0.456     5.516 f  rst_sync_reg/Q
                         net (fo=17033, routed)       9.325    14.841    u_sys/inst_fifo/rst_sync
    SLICE_X10Y149        FDCE                                         f  u_sys/inst_fifo/regs_reg[13][440]/CLR
  -------------------------------------------------------------------    -------------------

                         (clock sys_clk_pin rise edge)
                                                     10.000    10.000 r  
    W5                                                0.000    10.000 r  clk (IN)
                         net (fo=0)                   0.000    10.000    clk
    W5                   IBUF (Prop_ibuf_I_O)         1.388    11.388 r  clk_IBUF_inst/O
                         net (fo=1, routed)           1.862    13.250    clk_IBUF
    BUFGCTRL_X0Y0        BUFG (Prop_bufg_I_O)         0.091    13.341 r  clk_IBUF_BUFG_inst/O
                         net (fo=17251, routed)       1.616    14.957    u_sys/inst_fifo/clk_IBUF_BUFG
    SLICE_X10Y149        FDCE                                         r  u_sys/inst_fifo/regs_reg[13][440]/C
                         clock pessimism              0.187    15.144    
                         clock uncertainty           -0.035    15.109    
    SLICE_X10Y149        FDCE (Recov_fdce_C_CLR)     -0.361    14.748    u_sys/inst_fifo/regs_reg[13][440]
  -------------------------------------------------------------------
                         required time                         14.748    
                         arrival time                         -14.841    
  -------------------------------------------------------------------
                         slack                                 -0.093    

Slack (VIOLATED) :        -0.093ns  (required time - arrival time)
  Source:                 rst_sync_reg/C
                            (rising edge-triggered cell FDRE clocked by sys_clk_pin  {rise@0.000ns fall@5.000ns period=10.000ns})
  Destination:            u_sys/inst_fifo/regs_reg[13][447]/CLR
                            (recovery check against rising-edge clock sys_clk_pin  {rise@0.000ns fall@5.000ns period=10.000ns})
  Path Group:             **async_default**
  Path Type:              Recovery (Max at Slow Process Corner)
  Requirement:            10.000ns  (sys_clk_pin rise@10.000ns - sys_clk_pin rise@0.000ns)
  Data Path Delay:        9.781ns  (logic 0.456ns (4.662%)  route 9.325ns (95.338%))
  Logic Levels:           0  
  Clock Path Skew:        0.084ns (DCD - SCD + CPR)
    Destination Clock Delay (DCD):    4.957ns = ( 14.957 - 10.000 ) 
    Source Clock Delay      (SCD):    5.060ns
    Clock Pessimism Removal (CPR):    0.187ns
  Clock Uncertainty:      0.035ns  ((TSJ^2 + TIJ^2)^1/2 + DJ) / 2 + PE
    Total System Jitter     (TSJ):    0.071ns
    Total Input Jitter      (TIJ):    0.000ns
    Discrete Jitter          (DJ):    0.000ns
    Phase Error              (PE):    0.000ns

    Location             Delay type                Incr(ns)  Path(ns)    Netlist Resource(s)
  -------------------------------------------------------------------    -------------------
                         (clock sys_clk_pin rise edge)
                                                      0.000     0.000 r  
    W5                                                0.000     0.000 r  clk (IN)
                         net (fo=0)                   0.000     0.000    clk
    W5                   IBUF (Prop_ibuf_I_O)         1.458     1.458 r  clk_IBUF_inst/O
                         net (fo=1, routed)           1.967     3.425    clk_IBUF
    BUFGCTRL_X0Y0        BUFG (Prop_bufg_I_O)         0.096     3.521 r  clk_IBUF_BUFG_inst/O
                         net (fo=17251, routed)       1.539     5.060    clk_IBUF_BUFG
    SLICE_X35Y79         FDRE                                         r  rst_sync_reg/C
  -------------------------------------------------------------------    -------------------
    SLICE_X35Y79         FDRE (Prop_fdre_C_Q)         0.456     5.516 f  rst_sync_reg/Q
                         net (fo=17033, routed)       9.325    14.841    u_sys/inst_fifo/rst_sync
    SLICE_X10Y149        FDCE                                         f  u_sys/inst_fifo/regs_reg[13][447]/CLR
  -------------------------------------------------------------------    -------------------

                         (clock sys_clk_pin rise edge)
                                                     10.000    10.000 r  
    W5                                                0.000    10.000 r  clk (IN)
                         net (fo=0)                   0.000    10.000    clk
    W5                   IBUF (Prop_ibuf_I_O)         1.388    11.388 r  clk_IBUF_inst/O
                         net (fo=1, routed)           1.862    13.250    clk_IBUF
    BUFGCTRL_X0Y0        BUFG (Prop_bufg_I_O)         0.091    13.341 r  clk_IBUF_BUFG_inst/O
                         net (fo=17251, routed)       1.616    14.957    u_sys/inst_fifo/clk_IBUF_BUFG
    SLICE_X10Y149        FDCE                                         r  u_sys/inst_fifo/regs_reg[13][447]/C
                         clock pessimism              0.187    15.144    
                         clock uncertainty           -0.035    15.109    
    SLICE_X10Y149        FDCE (Recov_fdce_C_CLR)     -0.361    14.748    u_sys/inst_fifo/regs_reg[13][447]
  -------------------------------------------------------------------
                         required time                         14.748    
                         arrival time                         -14.841    
  -------------------------------------------------------------------
                         slack                                 -0.093    

Slack (VIOLATED) :        -0.093ns  (required time - arrival time)
  Source:                 rst_sync_reg/C
                            (rising edge-triggered cell FDRE clocked by sys_clk_pin  {rise@0.000ns fall@5.000ns period=10.000ns})
  Destination:            u_sys/inst_fifo/regs_reg[13][499]/CLR
                            (recovery check against rising-edge clock sys_clk_pin  {rise@0.000ns fall@5.000ns period=10.000ns})
  Path Group:             **async_default**
  Path Type:              Recovery (Max at Slow Process Corner)
  Requirement:            10.000ns  (sys_clk_pin rise@10.000ns - sys_clk_pin rise@0.000ns)
  Data Path Delay:        9.781ns  (logic 0.456ns (4.662%)  route 9.325ns (95.338%))
  Logic Levels:           0  
  Clock Path Skew:        0.084ns (DCD - SCD + CPR)
    Destination Clock Delay (DCD):    4.957ns = ( 14.957 - 10.000 ) 
    Source Clock Delay      (SCD):    5.060ns
    Clock Pessimism Removal (CPR):    0.187ns
  Clock Uncertainty:      0.035ns  ((TSJ^2 + TIJ^2)^1/2 + DJ) / 2 + PE
    Total System Jitter     (TSJ):    0.071ns
    Total Input Jitter      (TIJ):    0.000ns
    Discrete Jitter          (DJ):    0.000ns
    Phase Error              (PE):    0.000ns

    Location             Delay type                Incr(ns)  Path(ns)    Netlist Resource(s)
  -------------------------------------------------------------------    -------------------
                         (clock sys_clk_pin rise edge)
                                                      0.000     0.000 r  
    W5                                                0.000     0.000 r  clk (IN)
                         net (fo=0)                   0.000     0.000    clk
    W5                   IBUF (Prop_ibuf_I_O)         1.458     1.458 r  clk_IBUF_inst/O
                         net (fo=1, routed)           1.967     3.425    clk_IBUF
    BUFGCTRL_X0Y0        BUFG (Prop_bufg_I_O)         0.096     3.521 r  clk_IBUF_BUFG_inst/O
                         net (fo=17251, routed)       1.539     5.060    clk_IBUF_BUFG
    SLICE_X35Y79         FDRE                                         r  rst_sync_reg/C
  -------------------------------------------------------------------    -------------------
    SLICE_X35Y79         FDRE (Prop_fdre_C_Q)         0.456     5.516 f  rst_sync_reg/Q
                         net (fo=17033, routed)       9.325    14.841    u_sys/inst_fifo/rst_sync
    SLICE_X10Y149        FDCE                                         f  u_sys/inst_fifo/regs_reg[13][499]/CLR
  -------------------------------------------------------------------    -------------------

                         (clock sys_clk_pin rise edge)
                                                     10.000    10.000 r  
    W5                                                0.000    10.000 r  clk (IN)
                         net (fo=0)                   0.000    10.000    clk
    W5                   IBUF (Prop_ibuf_I_O)         1.388    11.388 r  clk_IBUF_inst/O
                         net (fo=1, routed)           1.862    13.250    clk_IBUF
    BUFGCTRL_X0Y0        BUFG (Prop_bufg_I_O)         0.091    13.341 r  clk_IBUF_BUFG_inst/O
                         net (fo=17251, routed)       1.616    14.957    u_sys/inst_fifo/clk_IBUF_BUFG
    SLICE_X10Y149        FDCE                                         r  u_sys/inst_fifo/regs_reg[13][499]/C
                         clock pessimism              0.187    15.144    
                         clock uncertainty           -0.035    15.109    
    SLICE_X10Y149        FDCE (Recov_fdce_C_CLR)     -0.361    14.748    u_sys/inst_fifo/regs_reg[13][499]
  -------------------------------------------------------------------
                         required time                         14.748    
                         arrival time                         -14.841    
  -------------------------------------------------------------------
                         slack                                 -0.093    





Min Delay Paths
--------------------------------------------------------------------------------------
Slack (MET) :             0.360ns  (arrival time - required time)
  Source:                 rst_sync_reg/C
                            (rising edge-triggered cell FDRE clocked by sys_clk_pin  {rise@0.000ns fall@5.000ns period=10.000ns})
  Destination:            u_sys/inst_sysArr/genblk1[9].processUnits[4].inst/sum_reg[10]/CLR
                            (removal check against rising-edge clock sys_clk_pin  {rise@0.000ns fall@5.000ns period=10.000ns})
  Path Group:             **async_default**
  Path Type:              Removal (Min at Fast Process Corner)
  Requirement:            0.000ns  (sys_clk_pin rise@0.000ns - sys_clk_pin rise@0.000ns)
  Data Path Delay:        0.531ns  (logic 0.141ns (26.563%)  route 0.390ns (73.437%))
  Logic Levels:           0  
  Clock Path Skew:        0.263ns (DCD - SCD - CPR)
    Destination Clock Delay (DCD):    1.946ns
    Source Clock Delay      (SCD):    1.434ns
    Clock Pessimism Removal (CPR):    0.249ns

    Location             Delay type                Incr(ns)  Path(ns)    Netlist Resource(s)
  -------------------------------------------------------------------    -------------------
                         (clock sys_clk_pin rise edge)
                                                      0.000     0.000 r  
    W5                                                0.000     0.000 r  clk (IN)
                         net (fo=0)                   0.000     0.000    clk
    W5                   IBUF (Prop_ibuf_I_O)         0.226     0.226 r  clk_IBUF_inst/O
                         net (fo=1, routed)           0.631     0.858    clk_IBUF
    BUFGCTRL_X0Y0        BUFG (Prop_bufg_I_O)         0.026     0.884 r  clk_IBUF_BUFG_inst/O
                         net (fo=17251, routed)       0.551     1.434    clk_IBUF_BUFG
    SLICE_X35Y79         FDRE                                         r  rst_sync_reg/C
  -------------------------------------------------------------------    -------------------
    SLICE_X35Y79         FDRE (Prop_fdre_C_Q)         0.141     1.575 f  rst_sync_reg/Q
                         net (fo=17033, routed)       0.390     1.965    u_sys/inst_sysArr/genblk1[9].processUnits[4].inst/rst_sync
    SLICE_X37Y79         FDCE                                         f  u_sys/inst_sysArr/genblk1[9].processUnits[4].inst/sum_reg[10]/CLR
  -------------------------------------------------------------------    -------------------

                         (clock sys_clk_pin rise edge)
                                                      0.000     0.000 r  
    W5                                                0.000     0.000 r  clk (IN)
                         net (fo=0)                   0.000     0.000    clk
    W5                   IBUF (Prop_ibuf_I_O)         0.414     0.414 r  clk_IBUF_inst/O
                         net (fo=1, routed)           0.685     1.099    clk_IBUF
    BUFGCTRL_X0Y0        BUFG (Prop_bufg_I_O)         0.029     1.128 r  clk_IBUF_BUFG_inst/O
                         net (fo=17251, routed)       0.818     1.946    u_sys/inst_sysArr/genblk1[9].processUnits[4].inst/clk_IBUF_BUFG
    SLICE_X37Y79         FDCE                                         r  u_sys/inst_sysArr/genblk1[9].processUnits[4].inst/sum_reg[10]/C
                         clock pessimism             -0.249     1.697    
    SLICE_X37Y79         FDCE (Remov_fdce_C_CLR)     -0.092     1.605    u_sys/inst_sysArr/genblk1[9].processUnits[4].inst/sum_reg[10]
  -------------------------------------------------------------------
                         required time                         -1.605    
                         arrival time                           1.965    
  -------------------------------------------------------------------
                         slack                                  0.360    

Slack (MET) :             0.360ns  (arrival time - required time)
  Source:                 rst_sync_reg/C
                            (rising edge-triggered cell FDRE clocked by sys_clk_pin  {rise@0.000ns fall@5.000ns period=10.000ns})
  Destination:            u_sys/inst_sysArr/genblk1[9].processUnits[4].inst/sum_reg[11]/CLR
                            (removal check against rising-edge clock sys_clk_pin  {rise@0.000ns fall@5.000ns period=10.000ns})
  Path Group:             **async_default**
  Path Type:              Removal (Min at Fast Process Corner)
  Requirement:            0.000ns  (sys_clk_pin rise@0.000ns - sys_clk_pin rise@0.000ns)
  Data Path Delay:        0.531ns  (logic 0.141ns (26.563%)  route 0.390ns (73.437%))
  Logic Levels:           0  
  Clock Path Skew:        0.263ns (DCD - SCD - CPR)
    Destination Clock Delay (DCD):    1.946ns
    Source Clock Delay      (SCD):    1.434ns
    Clock Pessimism Removal (CPR):    0.249ns

    Location             Delay type                Incr(ns)  Path(ns)    Netlist Resource(s)
  -------------------------------------------------------------------    -------------------
                         (clock sys_clk_pin rise edge)
                                                      0.000     0.000 r  
    W5                                                0.000     0.000 r  clk (IN)
                         net (fo=0)                   0.000     0.000    clk
    W5                   IBUF (Prop_ibuf_I_O)         0.226     0.226 r  clk_IBUF_inst/O
                         net (fo=1, routed)           0.631     0.858    clk_IBUF
    BUFGCTRL_X0Y0        BUFG (Prop_bufg_I_O)         0.026     0.884 r  clk_IBUF_BUFG_inst/O
                         net (fo=17251, routed)       0.551     1.434    clk_IBUF_BUFG
    SLICE_X35Y79         FDRE                                         r  rst_sync_reg/C
  -------------------------------------------------------------------    -------------------
    SLICE_X35Y79         FDRE (Prop_fdre_C_Q)         0.141     1.575 f  rst_sync_reg/Q
                         net (fo=17033, routed)       0.390     1.965    u_sys/inst_sysArr/genblk1[9].processUnits[4].inst/rst_sync
    SLICE_X37Y79         FDCE                                         f  u_sys/inst_sysArr/genblk1[9].processUnits[4].inst/sum_reg[11]/CLR
  -------------------------------------------------------------------    -------------------

                         (clock sys_clk_pin rise edge)
                                                      0.000     0.000 r  
    W5                                                0.000     0.000 r  clk (IN)
                         net (fo=0)                   0.000     0.000    clk
    W5                   IBUF (Prop_ibuf_I_O)         0.414     0.414 r  clk_IBUF_inst/O
                         net (fo=1, routed)           0.685     1.099    clk_IBUF
    BUFGCTRL_X0Y0        BUFG (Prop_bufg_I_O)         0.029     1.128 r  clk_IBUF_BUFG_inst/O
                         net (fo=17251, routed)       0.818     1.946    u_sys/inst_sysArr/genblk1[9].processUnits[4].inst/clk_IBUF_BUFG
    SLICE_X37Y79         FDCE                                         r  u_sys/inst_sysArr/genblk1[9].processUnits[4].inst/sum_reg[11]/C
                         clock pessimism             -0.249     1.697    
    SLICE_X37Y79         FDCE (Remov_fdce_C_CLR)     -0.092     1.605    u_sys/inst_sysArr/genblk1[9].processUnits[4].inst/sum_reg[11]
  -------------------------------------------------------------------
                         required time                         -1.605    
                         arrival time                           1.965    
  -------------------------------------------------------------------
                         slack                                  0.360    

Slack (MET) :             0.360ns  (arrival time - required time)
  Source:                 rst_sync_reg/C
                            (rising edge-triggered cell FDRE clocked by sys_clk_pin  {rise@0.000ns fall@5.000ns period=10.000ns})
  Destination:            u_sys/inst_sysArr/genblk1[9].processUnits[4].inst/sum_reg[8]/CLR
                            (removal check against rising-edge clock sys_clk_pin  {rise@0.000ns fall@5.000ns period=10.000ns})
  Path Group:             **async_default**
  Path Type:              Removal (Min at Fast Process Corner)
  Requirement:            0.000ns  (sys_clk_pin rise@0.000ns - sys_clk_pin rise@0.000ns)
  Data Path Delay:        0.531ns  (logic 0.141ns (26.563%)  route 0.390ns (73.437%))
  Logic Levels:           0  
  Clock Path Skew:        0.263ns (DCD - SCD - CPR)
    Destination Clock Delay (DCD):    1.946ns
    Source Clock Delay      (SCD):    1.434ns
    Clock Pessimism Removal (CPR):    0.249ns

    Location             Delay type                Incr(ns)  Path(ns)    Netlist Resource(s)
  -------------------------------------------------------------------    -------------------
                         (clock sys_clk_pin rise edge)
                                                      0.000     0.000 r  
    W5                                                0.000     0.000 r  clk (IN)
                         net (fo=0)                   0.000     0.000    clk
    W5                   IBUF (Prop_ibuf_I_O)         0.226     0.226 r  clk_IBUF_inst/O
                         net (fo=1, routed)           0.631     0.858    clk_IBUF
    BUFGCTRL_X0Y0        BUFG (Prop_bufg_I_O)         0.026     0.884 r  clk_IBUF_BUFG_inst/O
                         net (fo=17251, routed)       0.551     1.434    clk_IBUF_BUFG
    SLICE_X35Y79         FDRE                                         r  rst_sync_reg/C
  -------------------------------------------------------------------    -------------------
    SLICE_X35Y79         FDRE (Prop_fdre_C_Q)         0.141     1.575 f  rst_sync_reg/Q
                         net (fo=17033, routed)       0.390     1.965    u_sys/inst_sysArr/genblk1[9].processUnits[4].inst/rst_sync
    SLICE_X37Y79         FDCE                                         f  u_sys/inst_sysArr/genblk1[9].processUnits[4].inst/sum_reg[8]/CLR
  -------------------------------------------------------------------    -------------------

                         (clock sys_clk_pin rise edge)
                                                      0.000     0.000 r  
    W5                                                0.000     0.000 r  clk (IN)
                         net (fo=0)                   0.000     0.000    clk
    W5                   IBUF (Prop_ibuf_I_O)         0.414     0.414 r  clk_IBUF_inst/O
                         net (fo=1, routed)           0.685     1.099    clk_IBUF
    BUFGCTRL_X0Y0        BUFG (Prop_bufg_I_O)         0.029     1.128 r  clk_IBUF_BUFG_inst/O
                         net (fo=17251, routed)       0.818     1.946    u_sys/inst_sysArr/genblk1[9].processUnits[4].inst/clk_IBUF_BUFG
    SLICE_X37Y79         FDCE                                         r  u_sys/inst_sysArr/genblk1[9].processUnits[4].inst/sum_reg[8]/C
                         clock pessimism             -0.249     1.697    
    SLICE_X37Y79         FDCE (Remov_fdce_C_CLR)     -0.092     1.605    u_sys/inst_sysArr/genblk1[9].processUnits[4].inst/sum_reg[8]
  -------------------------------------------------------------------
                         required time                         -1.605    
                         arrival time                           1.965    
  -------------------------------------------------------------------
                         slack                                  0.360    

Slack (MET) :             0.360ns  (arrival time - required time)
  Source:                 rst_sync_reg/C
                            (rising edge-triggered cell FDRE clocked by sys_clk_pin  {rise@0.000ns fall@5.000ns period=10.000ns})
  Destination:            u_sys/inst_sysArr/genblk1[9].processUnits[4].inst/sum_reg[9]/CLR
                            (removal check against rising-edge clock sys_clk_pin  {rise@0.000ns fall@5.000ns period=10.000ns})
  Path Group:             **async_default**
  Path Type:              Removal (Min at Fast Process Corner)
  Requirement:            0.000ns  (sys_clk_pin rise@0.000ns - sys_clk_pin rise@0.000ns)
  Data Path Delay:        0.531ns  (logic 0.141ns (26.563%)  route 0.390ns (73.437%))
  Logic Levels:           0  
  Clock Path Skew:        0.263ns (DCD - SCD - CPR)
    Destination Clock Delay (DCD):    1.946ns
    Source Clock Delay      (SCD):    1.434ns
    Clock Pessimism Removal (CPR):    0.249ns

    Location             Delay type                Incr(ns)  Path(ns)    Netlist Resource(s)
  -------------------------------------------------------------------    -------------------
                         (clock sys_clk_pin rise edge)
                                                      0.000     0.000 r  
    W5                                                0.000     0.000 r  clk (IN)
                         net (fo=0)                   0.000     0.000    clk
    W5                   IBUF (Prop_ibuf_I_O)         0.226     0.226 r  clk_IBUF_inst/O
                         net (fo=1, routed)           0.631     0.858    clk_IBUF
    BUFGCTRL_X0Y0        BUFG (Prop_bufg_I_O)         0.026     0.884 r  clk_IBUF_BUFG_inst/O
                         net (fo=17251, routed)       0.551     1.434    clk_IBUF_BUFG
    SLICE_X35Y79         FDRE                                         r  rst_sync_reg/C
  -------------------------------------------------------------------    -------------------
    SLICE_X35Y79         FDRE (Prop_fdre_C_Q)         0.141     1.575 f  rst_sync_reg/Q
                         net (fo=17033, routed)       0.390     1.965    u_sys/inst_sysArr/genblk1[9].processUnits[4].inst/rst_sync
    SLICE_X37Y79         FDCE                                         f  u_sys/inst_sysArr/genblk1[9].processUnits[4].inst/sum_reg[9]/CLR
  -------------------------------------------------------------------    -------------------

                         (clock sys_clk_pin rise edge)
                                                      0.000     0.000 r  
    W5                                                0.000     0.000 r  clk (IN)
                         net (fo=0)                   0.000     0.000    clk
    W5                   IBUF (Prop_ibuf_I_O)         0.414     0.414 r  clk_IBUF_inst/O
                         net (fo=1, routed)           0.685     1.099    clk_IBUF
    BUFGCTRL_X0Y0        BUFG (Prop_bufg_I_O)         0.029     1.128 r  clk_IBUF_BUFG_inst/O
                         net (fo=17251, routed)       0.818     1.946    u_sys/inst_sysArr/genblk1[9].processUnits[4].inst/clk_IBUF_BUFG
    SLICE_X37Y79         FDCE                                         r  u_sys/inst_sysArr/genblk1[9].processUnits[4].inst/sum_reg[9]/C
                         clock pessimism             -0.249     1.697    
    SLICE_X37Y79         FDCE (Remov_fdce_C_CLR)     -0.092     1.605    u_sys/inst_sysArr/genblk1[9].processUnits[4].inst/sum_reg[9]
  -------------------------------------------------------------------
                         required time                         -1.605    
                         arrival time                           1.965    
  -------------------------------------------------------------------
                         slack                                  0.360    

Slack (MET) :             0.391ns  (arrival time - required time)
  Source:                 rst_sync_reg/C
                            (rising edge-triggered cell FDRE clocked by sys_clk_pin  {rise@0.000ns fall@5.000ns period=10.000ns})
  Destination:            u_sys/inst_sysArr/genblk1[9].processUnits[4].inst/sum_reg[28]/CLR
                            (removal check against rising-edge clock sys_clk_pin  {rise@0.000ns fall@5.000ns period=10.000ns})
  Path Group:             **async_default**
  Path Type:              Removal (Min at Fast Process Corner)
  Requirement:            0.000ns  (sys_clk_pin rise@0.000ns - sys_clk_pin rise@0.000ns)
  Data Path Delay:        0.567ns  (logic 0.141ns (24.885%)  route 0.426ns (75.115%))
  Logic Levels:           0  
  Clock Path Skew:        0.268ns (DCD - SCD - CPR)
    Destination Clock Delay (DCD):    1.951ns
    Source Clock Delay      (SCD):    1.434ns
    Clock Pessimism Removal (CPR):    0.249ns

    Location             Delay type                Incr(ns)  Path(ns)    Netlist Resource(s)
  -------------------------------------------------------------------    -------------------
                         (clock sys_clk_pin rise edge)
                                                      0.000     0.000 r  
    W5                                                0.000     0.000 r  clk (IN)
                         net (fo=0)                   0.000     0.000    clk
    W5                   IBUF (Prop_ibuf_I_O)         0.226     0.226 r  clk_IBUF_inst/O
                         net (fo=1, routed)           0.631     0.858    clk_IBUF
    BUFGCTRL_X0Y0        BUFG (Prop_bufg_I_O)         0.026     0.884 r  clk_IBUF_BUFG_inst/O
                         net (fo=17251, routed)       0.551     1.434    clk_IBUF_BUFG
    SLICE_X35Y79         FDRE                                         r  rst_sync_reg/C
  -------------------------------------------------------------------    -------------------
    SLICE_X35Y79         FDRE (Prop_fdre_C_Q)         0.141     1.575 f  rst_sync_reg/Q
                         net (fo=17033, routed)       0.426     2.001    u_sys/inst_sysArr/genblk1[9].processUnits[4].inst/rst_sync
    SLICE_X37Y84         FDCE                                         f  u_sys/inst_sysArr/genblk1[9].processUnits[4].inst/sum_reg[28]/CLR
  -------------------------------------------------------------------    -------------------

                         (clock sys_clk_pin rise edge)
                                                      0.000     0.000 r  
    W5                                                0.000     0.000 r  clk (IN)
                         net (fo=0)                   0.000     0.000    clk
    W5                   IBUF (Prop_ibuf_I_O)         0.414     0.414 r  clk_IBUF_inst/O
                         net (fo=1, routed)           0.685     1.099    clk_IBUF
    BUFGCTRL_X0Y0        BUFG (Prop_bufg_I_O)         0.029     1.128 r  clk_IBUF_BUFG_inst/O
                         net (fo=17251, routed)       0.823     1.951    u_sys/inst_sysArr/genblk1[9].processUnits[4].inst/clk_IBUF_BUFG
    SLICE_X37Y84         FDCE                                         r  u_sys/inst_sysArr/genblk1[9].processUnits[4].inst/sum_reg[28]/C
                         clock pessimism             -0.249     1.702    
    SLICE_X37Y84         FDCE (Remov_fdce_C_CLR)     -0.092     1.610    u_sys/inst_sysArr/genblk1[9].processUnits[4].inst/sum_reg[28]
  -------------------------------------------------------------------
                         required time                         -1.610    
                         arrival time                           2.001    
  -------------------------------------------------------------------
                         slack                                  0.391    

Slack (MET) :             0.391ns  (arrival time - required time)
  Source:                 rst_sync_reg/C
                            (rising edge-triggered cell FDRE clocked by sys_clk_pin  {rise@0.000ns fall@5.000ns period=10.000ns})
  Destination:            u_sys/inst_sysArr/genblk1[9].processUnits[4].inst/sum_reg[29]/CLR
                            (removal check against rising-edge clock sys_clk_pin  {rise@0.000ns fall@5.000ns period=10.000ns})
  Path Group:             **async_default**
  Path Type:              Removal (Min at Fast Process Corner)
  Requirement:            0.000ns  (sys_clk_pin rise@0.000ns - sys_clk_pin rise@0.000ns)
  Data Path Delay:        0.567ns  (logic 0.141ns (24.885%)  route 0.426ns (75.115%))
  Logic Levels:           0  
  Clock Path Skew:        0.268ns (DCD - SCD - CPR)
    Destination Clock Delay (DCD):    1.951ns
    Source Clock Delay      (SCD):    1.434ns
    Clock Pessimism Removal (CPR):    0.249ns

    Location             Delay type                Incr(ns)  Path(ns)    Netlist Resource(s)
  -------------------------------------------------------------------    -------------------
                         (clock sys_clk_pin rise edge)
                                                      0.000     0.000 r  
    W5                                                0.000     0.000 r  clk (IN)
                         net (fo=0)                   0.000     0.000    clk
    W5                   IBUF (Prop_ibuf_I_O)         0.226     0.226 r  clk_IBUF_inst/O
                         net (fo=1, routed)           0.631     0.858    clk_IBUF
    BUFGCTRL_X0Y0        BUFG (Prop_bufg_I_O)         0.026     0.884 r  clk_IBUF_BUFG_inst/O
                         net (fo=17251, routed)       0.551     1.434    clk_IBUF_BUFG
    SLICE_X35Y79         FDRE                                         r  rst_sync_reg/C
  -------------------------------------------------------------------    -------------------
    SLICE_X35Y79         FDRE (Prop_fdre_C_Q)         0.141     1.575 f  rst_sync_reg/Q
                         net (fo=17033, routed)       0.426     2.001    u_sys/inst_sysArr/genblk1[9].processUnits[4].inst/rst_sync
    SLICE_X37Y84         FDCE                                         f  u_sys/inst_sysArr/genblk1[9].processUnits[4].inst/sum_reg[29]/CLR
  -------------------------------------------------------------------    -------------------

                         (clock sys_clk_pin rise edge)
                                                      0.000     0.000 r  
    W5                                                0.000     0.000 r  clk (IN)
                         net (fo=0)                   0.000     0.000    clk
    W5                   IBUF (Prop_ibuf_I_O)         0.414     0.414 r  clk_IBUF_inst/O
                         net (fo=1, routed)           0.685     1.099    clk_IBUF
    BUFGCTRL_X0Y0        BUFG (Prop_bufg_I_O)         0.029     1.128 r  clk_IBUF_BUFG_inst/O
                         net (fo=17251, routed)       0.823     1.951    u_sys/inst_sysArr/genblk1[9].processUnits[4].inst/clk_IBUF_BUFG
    SLICE_X37Y84         FDCE                                         r  u_sys/inst_sysArr/genblk1[9].processUnits[4].inst/sum_reg[29]/C
                         clock pessimism             -0.249     1.702    
    SLICE_X37Y84         FDCE (Remov_fdce_C_CLR)     -0.092     1.610    u_sys/inst_sysArr/genblk1[9].processUnits[4].inst/sum_reg[29]
  -------------------------------------------------------------------
                         required time                         -1.610    
                         arrival time                           2.001    
  -------------------------------------------------------------------
                         slack                                  0.391    

Slack (MET) :             0.391ns  (arrival time - required time)
  Source:                 rst_sync_reg/C
                            (rising edge-triggered cell FDRE clocked by sys_clk_pin  {rise@0.000ns fall@5.000ns period=10.000ns})
  Destination:            u_sys/inst_sysArr/genblk1[9].processUnits[4].inst/sum_reg[30]/CLR
                            (removal check against rising-edge clock sys_clk_pin  {rise@0.000ns fall@5.000ns period=10.000ns})
  Path Group:             **async_default**
  Path Type:              Removal (Min at Fast Process Corner)
  Requirement:            0.000ns  (sys_clk_pin rise@0.000ns - sys_clk_pin rise@0.000ns)
  Data Path Delay:        0.567ns  (logic 0.141ns (24.885%)  route 0.426ns (75.115%))
  Logic Levels:           0  
  Clock Path Skew:        0.268ns (DCD - SCD - CPR)
    Destination Clock Delay (DCD):    1.951ns
    Source Clock Delay      (SCD):    1.434ns
    Clock Pessimism Removal (CPR):    0.249ns

    Location             Delay type                Incr(ns)  Path(ns)    Netlist Resource(s)
  -------------------------------------------------------------------    -------------------
                         (clock sys_clk_pin rise edge)
                                                      0.000     0.000 r  
    W5                                                0.000     0.000 r  clk (IN)
                         net (fo=0)                   0.000     0.000    clk
    W5                   IBUF (Prop_ibuf_I_O)         0.226     0.226 r  clk_IBUF_inst/O
                         net (fo=1, routed)           0.631     0.858    clk_IBUF
    BUFGCTRL_X0Y0        BUFG (Prop_bufg_I_O)         0.026     0.884 r  clk_IBUF_BUFG_inst/O
                         net (fo=17251, routed)       0.551     1.434    clk_IBUF_BUFG
    SLICE_X35Y79         FDRE                                         r  rst_sync_reg/C
  -------------------------------------------------------------------    -------------------
    SLICE_X35Y79         FDRE (Prop_fdre_C_Q)         0.141     1.575 f  rst_sync_reg/Q
                         net (fo=17033, routed)       0.426     2.001    u_sys/inst_sysArr/genblk1[9].processUnits[4].inst/rst_sync
    SLICE_X37Y84         FDCE                                         f  u_sys/inst_sysArr/genblk1[9].processUnits[4].inst/sum_reg[30]/CLR
  -------------------------------------------------------------------    -------------------

                         (clock sys_clk_pin rise edge)
                                                      0.000     0.000 r  
    W5                                                0.000     0.000 r  clk (IN)
                         net (fo=0)                   0.000     0.000    clk
    W5                   IBUF (Prop_ibuf_I_O)         0.414     0.414 r  clk_IBUF_inst/O
                         net (fo=1, routed)           0.685     1.099    clk_IBUF
    BUFGCTRL_X0Y0        BUFG (Prop_bufg_I_O)         0.029     1.128 r  clk_IBUF_BUFG_inst/O
                         net (fo=17251, routed)       0.823     1.951    u_sys/inst_sysArr/genblk1[9].processUnits[4].inst/clk_IBUF_BUFG
    SLICE_X37Y84         FDCE                                         r  u_sys/inst_sysArr/genblk1[9].processUnits[4].inst/sum_reg[30]/C
                         clock pessimism             -0.249     1.702    
    SLICE_X37Y84         FDCE (Remov_fdce_C_CLR)     -0.092     1.610    u_sys/inst_sysArr/genblk1[9].processUnits[4].inst/sum_reg[30]
  -------------------------------------------------------------------
                         required time                         -1.610    
                         arrival time                           2.001    
  -------------------------------------------------------------------
                         slack                                  0.391    

Slack (MET) :             0.391ns  (arrival time - required time)
  Source:                 rst_sync_reg/C
                            (rising edge-triggered cell FDRE clocked by sys_clk_pin  {rise@0.000ns fall@5.000ns period=10.000ns})
  Destination:            u_sys/inst_sysArr/genblk1[9].processUnits[4].inst/sum_reg[31]/CLR
                            (removal check against rising-edge clock sys_clk_pin  {rise@0.000ns fall@5.000ns period=10.000ns})
  Path Group:             **async_default**
  Path Type:              Removal (Min at Fast Process Corner)
  Requirement:            0.000ns  (sys_clk_pin rise@0.000ns - sys_clk_pin rise@0.000ns)
  Data Path Delay:        0.567ns  (logic 0.141ns (24.885%)  route 0.426ns (75.115%))
  Logic Levels:           0  
  Clock Path Skew:        0.268ns (DCD - SCD - CPR)
    Destination Clock Delay (DCD):    1.951ns
    Source Clock Delay      (SCD):    1.434ns
    Clock Pessimism Removal (CPR):    0.249ns

    Location             Delay type                Incr(ns)  Path(ns)    Netlist Resource(s)
  -------------------------------------------------------------------    -------------------
                         (clock sys_clk_pin rise edge)
                                                      0.000     0.000 r  
    W5                                                0.000     0.000 r  clk (IN)
                         net (fo=0)                   0.000     0.000    clk
    W5                   IBUF (Prop_ibuf_I_O)         0.226     0.226 r  clk_IBUF_inst/O
                         net (fo=1, routed)           0.631     0.858    clk_IBUF
    BUFGCTRL_X0Y0        BUFG (Prop_bufg_I_O)         0.026     0.884 r  clk_IBUF_BUFG_inst/O
                         net (fo=17251, routed)       0.551     1.434    clk_IBUF_BUFG
    SLICE_X35Y79         FDRE                                         r  rst_sync_reg/C
  -------------------------------------------------------------------    -------------------
    SLICE_X35Y79         FDRE (Prop_fdre_C_Q)         0.141     1.575 f  rst_sync_reg/Q
                         net (fo=17033, routed)       0.426     2.001    u_sys/inst_sysArr/genblk1[9].processUnits[4].inst/rst_sync
    SLICE_X37Y84         FDCE                                         f  u_sys/inst_sysArr/genblk1[9].processUnits[4].inst/sum_reg[31]/CLR
  -------------------------------------------------------------------    -------------------

                         (clock sys_clk_pin rise edge)
                                                      0.000     0.000 r  
    W5                                                0.000     0.000 r  clk (IN)
                         net (fo=0)                   0.000     0.000    clk
    W5                   IBUF (Prop_ibuf_I_O)         0.414     0.414 r  clk_IBUF_inst/O
                         net (fo=1, routed)           0.685     1.099    clk_IBUF
    BUFGCTRL_X0Y0        BUFG (Prop_bufg_I_O)         0.029     1.128 r  clk_IBUF_BUFG_inst/O
                         net (fo=17251, routed)       0.823     1.951    u_sys/inst_sysArr/genblk1[9].processUnits[4].inst/clk_IBUF_BUFG
    SLICE_X37Y84         FDCE                                         r  u_sys/inst_sysArr/genblk1[9].processUnits[4].inst/sum_reg[31]/C
                         clock pessimism             -0.249     1.702    
    SLICE_X37Y84         FDCE (Remov_fdce_C_CLR)     -0.092     1.610    u_sys/inst_sysArr/genblk1[9].processUnits[4].inst/sum_reg[31]
  -------------------------------------------------------------------
                         required time                         -1.610    
                         arrival time                           2.001    
  -------------------------------------------------------------------
                         slack                                  0.391    

Slack (MET) :             0.395ns  (arrival time - required time)
  Source:                 rst_sync_reg/C
                            (rising edge-triggered cell FDRE clocked by sys_clk_pin  {rise@0.000ns fall@5.000ns period=10.000ns})
  Destination:            u_sys/inst_sysArr/genblk1[4].processUnits[12].inst/sum_reg[4]/CLR
                            (removal check against rising-edge clock sys_clk_pin  {rise@0.000ns fall@5.000ns period=10.000ns})
  Path Group:             **async_default**
  Path Type:              Removal (Min at Fast Process Corner)
  Requirement:            0.000ns  (sys_clk_pin rise@0.000ns - sys_clk_pin rise@0.000ns)
  Data Path Delay:        0.571ns  (logic 0.141ns (24.695%)  route 0.430ns (75.305%))
  Logic Levels:           0  
  Clock Path Skew:        0.268ns (DCD - SCD - CPR)
    Destination Clock Delay (DCD):    1.951ns
    Source Clock Delay      (SCD):    1.434ns
    Clock Pessimism Removal (CPR):    0.249ns

    Location             Delay type                Incr(ns)  Path(ns)    Netlist Resource(s)
  -------------------------------------------------------------------    -------------------
                         (clock sys_clk_pin rise edge)
                                                      0.000     0.000 r  
    W5                                                0.000     0.000 r  clk (IN)
                         net (fo=0)                   0.000     0.000    clk
    W5                   IBUF (Prop_ibuf_I_O)         0.226     0.226 r  clk_IBUF_inst/O
                         net (fo=1, routed)           0.631     0.858    clk_IBUF
    BUFGCTRL_X0Y0        BUFG (Prop_bufg_I_O)         0.026     0.884 r  clk_IBUF_BUFG_inst/O
                         net (fo=17251, routed)       0.551     1.434    clk_IBUF_BUFG
    SLICE_X35Y79         FDRE                                         r  rst_sync_reg/C
  -------------------------------------------------------------------    -------------------
    SLICE_X35Y79         FDRE (Prop_fdre_C_Q)         0.141     1.575 f  rst_sync_reg/Q
                         net (fo=17033, routed)       0.430     2.005    u_sys/inst_sysArr/genblk1[4].processUnits[12].inst/rst_sync
    SLICE_X36Y84         FDCE                                         f  u_sys/inst_sysArr/genblk1[4].processUnits[12].inst/sum_reg[4]/CLR
  -------------------------------------------------------------------    -------------------

                         (clock sys_clk_pin rise edge)
                                                      0.000     0.000 r  
    W5                                                0.000     0.000 r  clk (IN)
                         net (fo=0)                   0.000     0.000    clk
    W5                   IBUF (Prop_ibuf_I_O)         0.414     0.414 r  clk_IBUF_inst/O
                         net (fo=1, routed)           0.685     1.099    clk_IBUF
    BUFGCTRL_X0Y0        BUFG (Prop_bufg_I_O)         0.029     1.128 r  clk_IBUF_BUFG_inst/O
                         net (fo=17251, routed)       0.823     1.951    u_sys/inst_sysArr/genblk1[4].processUnits[12].inst/clk_IBUF_BUFG
    SLICE_X36Y84         FDCE                                         r  u_sys/inst_sysArr/genblk1[4].processUnits[12].inst/sum_reg[4]/C
                         clock pessimism             -0.249     1.702    
    SLICE_X36Y84         FDCE (Remov_fdce_C_CLR)     -0.092     1.610    u_sys/inst_sysArr/genblk1[4].processUnits[12].inst/sum_reg[4]
  -------------------------------------------------------------------
                         required time                         -1.610    
                         arrival time                           2.005    
  -------------------------------------------------------------------
                         slack                                  0.395    

Slack (MET) :             0.395ns  (arrival time - required time)
  Source:                 rst_sync_reg/C
                            (rising edge-triggered cell FDRE clocked by sys_clk_pin  {rise@0.000ns fall@5.000ns period=10.000ns})
  Destination:            u_sys/inst_sysArr/genblk1[4].processUnits[12].inst/sum_reg[5]/CLR
                            (removal check against rising-edge clock sys_clk_pin  {rise@0.000ns fall@5.000ns period=10.000ns})
  Path Group:             **async_default**
  Path Type:              Removal (Min at Fast Process Corner)
  Requirement:            0.000ns  (sys_clk_pin rise@0.000ns - sys_clk_pin rise@0.000ns)
  Data Path Delay:        0.571ns  (logic 0.141ns (24.695%)  route 0.430ns (75.305%))
  Logic Levels:           0  
  Clock Path Skew:        0.268ns (DCD - SCD - CPR)
    Destination Clock Delay (DCD):    1.951ns
    Source Clock Delay      (SCD):    1.434ns
    Clock Pessimism Removal (CPR):    0.249ns

    Location             Delay type                Incr(ns)  Path(ns)    Netlist Resource(s)
  -------------------------------------------------------------------    -------------------
                         (clock sys_clk_pin rise edge)
                                                      0.000     0.000 r  
    W5                                                0.000     0.000 r  clk (IN)
                         net (fo=0)                   0.000     0.000    clk
    W5                   IBUF (Prop_ibuf_I_O)         0.226     0.226 r  clk_IBUF_inst/O
                         net (fo=1, routed)           0.631     0.858    clk_IBUF
    BUFGCTRL_X0Y0        BUFG (Prop_bufg_I_O)         0.026     0.884 r  clk_IBUF_BUFG_inst/O
                         net (fo=17251, routed)       0.551     1.434    clk_IBUF_BUFG
    SLICE_X35Y79         FDRE                                         r  rst_sync_reg/C
  -------------------------------------------------------------------    -------------------
    SLICE_X35Y79         FDRE (Prop_fdre_C_Q)         0.141     1.575 f  rst_sync_reg/Q
                         net (fo=17033, routed)       0.430     2.005    u_sys/inst_sysArr/genblk1[4].processUnits[12].inst/rst_sync
    SLICE_X36Y84         FDCE                                         f  u_sys/inst_sysArr/genblk1[4].processUnits[12].inst/sum_reg[5]/CLR
  -------------------------------------------------------------------    -------------------

                         (clock sys_clk_pin rise edge)
                                                      0.000     0.000 r  
    W5                                                0.000     0.000 r  clk (IN)
                         net (fo=0)                   0.000     0.000    clk
    W5                   IBUF (Prop_ibuf_I_O)         0.414     0.414 r  clk_IBUF_inst/O
                         net (fo=1, routed)           0.685     1.099    clk_IBUF
    BUFGCTRL_X0Y0        BUFG (Prop_bufg_I_O)         0.029     1.128 r  clk_IBUF_BUFG_inst/O
                         net (fo=17251, routed)       0.823     1.951    u_sys/inst_sysArr/genblk1[4].processUnits[12].inst/clk_IBUF_BUFG
    SLICE_X36Y84         FDCE                                         r  u_sys/inst_sysArr/genblk1[4].processUnits[12].inst/sum_reg[5]/C
                         clock pessimism             -0.249     1.702    
    SLICE_X36Y84         FDCE (Remov_fdce_C_CLR)     -0.092     1.610    u_sys/inst_sysArr/genblk1[4].processUnits[12].inst/sum_reg[5]
  -------------------------------------------------------------------
                         required time                         -1.610    
                         arrival time                           2.005    
  -------------------------------------------------------------------
                         slack                                  0.395    





--------------------------------------------------------------------------------------
Path Group:  (none)
From Clock:  
  To Clock:  

Max Delay            17 Endpoints
Min Delay            17 Endpoints
--------------------------------------------------------------------------------------


Max Delay Paths
--------------------------------------------------------------------------------------
Slack:                    inf
  Source:                 sw[15]
                            (input port)
  Destination:            seg[3]
                            (output port)
  Path Group:             (none)
  Path Type:              Max at Slow Process Corner
  Data Path Delay:        14.391ns  (logic 5.718ns (39.730%)  route 8.674ns (60.270%))
  Logic Levels:           6  (IBUF=1 LUT4=1 LUT5=1 LUT6=2 OBUF=1)

    Location             Delay type                Incr(ns)  Path(ns)    Netlist Resource(s)
  -------------------------------------------------------------------    -------------------
    R2                                                0.000     0.000 r  sw[15] (IN)
                         net (fo=0)                   0.000     0.000    sw[15]
    R2                   IBUF (Prop_ibuf_I_O)         1.456     1.456 r  sw_IBUF[15]_inst/O
                         net (fo=16, routed)          3.050     4.506    u_sys/inst_kera_mem/sw_IBUF[1]
    SLICE_X29Y30         LUT5 (Prop_lut5_I1_O)        0.124     4.630 f  u_sys/inst_kera_mem/seg_OBUF[6]_inst_i_30/O
                         net (fo=1, routed)           0.433     5.063    u_sys/inst_kera_mem/seg_OBUF[6]_inst_i_30_n_0
    SLICE_X29Y30         LUT6 (Prop_lut6_I5_O)        0.124     5.187 f  u_sys/inst_kera_mem/seg_OBUF[6]_inst_i_9/O
                         net (fo=1, routed)           1.227     6.414    u_sys/inst_kera_mem/seg_OBUF[6]_inst_i_9_n_0
    SLICE_X31Y27         LUT6 (Prop_lut6_I5_O)        0.124     6.538 r  u_sys/inst_kera_mem/seg_OBUF[6]_inst_i_2/O
                         net (fo=7, routed)           1.249     7.787    u_sys/inst_kera_mem/seg_OBUF[6]_inst_i_2_n_0
    SLICE_X40Y24         LUT4 (Prop_lut4_I0_O)        0.152     7.939 r  u_sys/inst_kera_mem/seg_OBUF[3]_inst_i_1/O
                         net (fo=1, routed)           2.715    10.654    seg_OBUF[3]
    V8                   OBUF (Prop_obuf_I_O)         3.738    14.391 r  seg_OBUF[3]_inst/O
                         net (fo=0)                   0.000    14.391    seg[3]
    V8                                                                r  seg[3] (OUT)
  -------------------------------------------------------------------    -------------------

Slack:                    inf
  Source:                 sw[15]
                            (input port)
  Destination:            seg[5]
                            (output port)
  Path Group:             (none)
  Path Type:              Max at Slow Process Corner
  Data Path Delay:        14.218ns  (logic 5.693ns (40.037%)  route 8.526ns (59.963%))
  Logic Levels:           6  (IBUF=1 LUT4=1 LUT5=1 LUT6=2 OBUF=1)

    Location             Delay type                Incr(ns)  Path(ns)    Netlist Resource(s)
  -------------------------------------------------------------------    -------------------
    R2                                                0.000     0.000 r  sw[15] (IN)
                         net (fo=0)                   0.000     0.000    sw[15]
    R2                   IBUF (Prop_ibuf_I_O)         1.456     1.456 r  sw_IBUF[15]_inst/O
                         net (fo=16, routed)          3.050     4.506    u_sys/inst_kera_mem/sw_IBUF[1]
    SLICE_X29Y30         LUT5 (Prop_lut5_I1_O)        0.124     4.630 f  u_sys/inst_kera_mem/seg_OBUF[6]_inst_i_30/O
                         net (fo=1, routed)           0.433     5.063    u_sys/inst_kera_mem/seg_OBUF[6]_inst_i_30_n_0
    SLICE_X29Y30         LUT6 (Prop_lut6_I5_O)        0.124     5.187 f  u_sys/inst_kera_mem/seg_OBUF[6]_inst_i_9/O
                         net (fo=1, routed)           1.227     6.414    u_sys/inst_kera_mem/seg_OBUF[6]_inst_i_9_n_0
    SLICE_X31Y27         LUT6 (Prop_lut6_I5_O)        0.124     6.538 r  u_sys/inst_kera_mem/seg_OBUF[6]_inst_i_2/O
                         net (fo=7, routed)           1.242     7.780    u_sys/inst_kera_mem/seg_OBUF[6]_inst_i_2_n_0
    SLICE_X40Y24         LUT4 (Prop_lut4_I3_O)        0.152     7.932 r  u_sys/inst_kera_mem/seg_OBUF[5]_inst_i_1/O
                         net (fo=1, routed)           2.574    10.506    seg_OBUF[5]
    V5                   OBUF (Prop_obuf_I_O)         3.712    14.218 r  seg_OBUF[5]_inst/O
                         net (fo=0)                   0.000    14.218    seg[5]
    V5                                                                r  seg[5] (OUT)
  -------------------------------------------------------------------    -------------------

Slack:                    inf
  Source:                 sw[15]
                            (input port)
  Destination:            seg[6]
                            (output port)
  Path Group:             (none)
  Path Type:              Max at Slow Process Corner
  Data Path Delay:        14.198ns  (logic 5.484ns (38.623%)  route 8.714ns (61.377%))
  Logic Levels:           6  (IBUF=1 LUT4=1 LUT5=1 LUT6=2 OBUF=1)

    Location             Delay type                Incr(ns)  Path(ns)    Netlist Resource(s)
  -------------------------------------------------------------------    -------------------
    R2                                                0.000     0.000 r  sw[15] (IN)
                         net (fo=0)                   0.000     0.000    sw[15]
    R2                   IBUF (Prop_ibuf_I_O)         1.456     1.456 r  sw_IBUF[15]_inst/O
                         net (fo=16, routed)          3.050     4.506    u_sys/inst_kera_mem/sw_IBUF[1]
    SLICE_X29Y30         LUT5 (Prop_lut5_I1_O)        0.124     4.630 f  u_sys/inst_kera_mem/seg_OBUF[6]_inst_i_30/O
                         net (fo=1, routed)           0.433     5.063    u_sys/inst_kera_mem/seg_OBUF[6]_inst_i_30_n_0
    SLICE_X29Y30         LUT6 (Prop_lut6_I5_O)        0.124     5.187 f  u_sys/inst_kera_mem/seg_OBUF[6]_inst_i_9/O
                         net (fo=1, routed)           1.227     6.414    u_sys/inst_kera_mem/seg_OBUF[6]_inst_i_9_n_0
    SLICE_X31Y27         LUT6 (Prop_lut6_I5_O)        0.124     6.538 r  u_sys/inst_kera_mem/seg_OBUF[6]_inst_i_2/O
                         net (fo=7, routed)           1.070     7.608    u_sys/inst_kera_mem/seg_OBUF[6]_inst_i_2_n_0
    SLICE_X40Y24         LUT4 (Prop_lut4_I0_O)        0.124     7.732 r  u_sys/inst_kera_mem/seg_OBUF[6]_inst_i_1/O
                         net (fo=1, routed)           2.935    10.666    seg_OBUF[6]
    U7                   OBUF (Prop_obuf_I_O)         3.531    14.198 r  seg_OBUF[6]_inst/O
                         net (fo=0)                   0.000    14.198    seg[6]
    U7                                                                r  seg[6] (OUT)
  -------------------------------------------------------------------    -------------------

Slack:                    inf
  Source:                 sw[15]
                            (input port)
  Destination:            seg[0]
                            (output port)
  Path Group:             (none)
  Path Type:              Max at Slow Process Corner
  Data Path Delay:        14.182ns  (logic 5.463ns (38.520%)  route 8.719ns (61.480%))
  Logic Levels:           6  (IBUF=1 LUT4=1 LUT5=1 LUT6=2 OBUF=1)

    Location             Delay type                Incr(ns)  Path(ns)    Netlist Resource(s)
  -------------------------------------------------------------------    -------------------
    R2                                                0.000     0.000 r  sw[15] (IN)
                         net (fo=0)                   0.000     0.000    sw[15]
    R2                   IBUF (Prop_ibuf_I_O)         1.456     1.456 r  sw_IBUF[15]_inst/O
                         net (fo=16, routed)          3.050     4.506    u_sys/inst_kera_mem/sw_IBUF[1]
    SLICE_X29Y30         LUT5 (Prop_lut5_I1_O)        0.124     4.630 f  u_sys/inst_kera_mem/seg_OBUF[6]_inst_i_30/O
                         net (fo=1, routed)           0.433     5.063    u_sys/inst_kera_mem/seg_OBUF[6]_inst_i_30_n_0
    SLICE_X29Y30         LUT6 (Prop_lut6_I5_O)        0.124     5.187 f  u_sys/inst_kera_mem/seg_OBUF[6]_inst_i_9/O
                         net (fo=1, routed)           1.227     6.414    u_sys/inst_kera_mem/seg_OBUF[6]_inst_i_9_n_0
    SLICE_X31Y27         LUT6 (Prop_lut6_I5_O)        0.124     6.538 r  u_sys/inst_kera_mem/seg_OBUF[6]_inst_i_2/O
                         net (fo=7, routed)           1.249     7.787    u_sys/inst_kera_mem/seg_OBUF[6]_inst_i_2_n_0
    SLICE_X40Y24         LUT4 (Prop_lut4_I0_O)        0.124     7.911 r  u_sys/inst_kera_mem/seg_OBUF[0]_inst_i_1/O
                         net (fo=1, routed)           2.760    10.671    seg_OBUF[0]
    W7                   OBUF (Prop_obuf_I_O)         3.511    14.182 r  seg_OBUF[0]_inst/O
                         net (fo=0)                   0.000    14.182    seg[0]
    W7                                                                r  seg[0] (OUT)
  -------------------------------------------------------------------    -------------------

Slack:                    inf
  Source:                 sw[15]
                            (input port)
  Destination:            seg[4]
                            (output port)
  Path Group:             (none)
  Path Type:              Max at Slow Process Corner
  Data Path Delay:        14.083ns  (logic 5.704ns (40.503%)  route 8.379ns (59.497%))
  Logic Levels:           6  (IBUF=1 LUT4=1 LUT5=1 LUT6=2 OBUF=1)

    Location             Delay type                Incr(ns)  Path(ns)    Netlist Resource(s)
  -------------------------------------------------------------------    -------------------
    R2                                                0.000     0.000 r  sw[15] (IN)
                         net (fo=0)                   0.000     0.000    sw[15]
    R2                   IBUF (Prop_ibuf_I_O)         1.456     1.456 r  sw_IBUF[15]_inst/O
                         net (fo=16, routed)          3.050     4.506    u_sys/inst_kera_mem/sw_IBUF[1]
    SLICE_X29Y30         LUT5 (Prop_lut5_I1_O)        0.124     4.630 f  u_sys/inst_kera_mem/seg_OBUF[6]_inst_i_30/O
                         net (fo=1, routed)           0.433     5.063    u_sys/inst_kera_mem/seg_OBUF[6]_inst_i_30_n_0
    SLICE_X29Y30         LUT6 (Prop_lut6_I5_O)        0.124     5.187 f  u_sys/inst_kera_mem/seg_OBUF[6]_inst_i_9/O
                         net (fo=1, routed)           1.227     6.414    u_sys/inst_kera_mem/seg_OBUF[6]_inst_i_9_n_0
    SLICE_X31Y27         LUT6 (Prop_lut6_I5_O)        0.124     6.538 r  u_sys/inst_kera_mem/seg_OBUF[6]_inst_i_2/O
                         net (fo=7, routed)           1.077     7.614    u_sys/inst_kera_mem/seg_OBUF[6]_inst_i_2_n_0
    SLICE_X40Y24         LUT4 (Prop_lut4_I3_O)        0.153     7.767 r  u_sys/inst_kera_mem/seg_OBUF[4]_inst_i_1/O
                         net (fo=1, routed)           2.593    10.360    seg_OBUF[4]
    U5                   OBUF (Prop_obuf_I_O)         3.723    14.083 r  seg_OBUF[4]_inst/O
                         net (fo=0)                   0.000    14.083    seg[4]
    U5                                                                r  seg[4] (OUT)
  -------------------------------------------------------------------    -------------------

Slack:                    inf
  Source:                 sw[15]
                            (input port)
  Destination:            seg[1]
                            (output port)
  Path Group:             (none)
  Path Type:              Max at Slow Process Corner
  Data Path Delay:        13.831ns  (logic 5.481ns (39.631%)  route 8.349ns (60.369%))
  Logic Levels:           6  (IBUF=1 LUT4=1 LUT5=1 LUT6=2 OBUF=1)

    Location             Delay type                Incr(ns)  Path(ns)    Netlist Resource(s)
  -------------------------------------------------------------------    -------------------
    R2                                                0.000     0.000 r  sw[15] (IN)
                         net (fo=0)                   0.000     0.000    sw[15]
    R2                   IBUF (Prop_ibuf_I_O)         1.456     1.456 r  sw_IBUF[15]_inst/O
                         net (fo=16, routed)          3.050     4.506    u_sys/inst_kera_mem/sw_IBUF[1]
    SLICE_X29Y30         LUT5 (Prop_lut5_I1_O)        0.124     4.630 f  u_sys/inst_kera_mem/seg_OBUF[6]_inst_i_30/O
                         net (fo=1, routed)           0.433     5.063    u_sys/inst_kera_mem/seg_OBUF[6]_inst_i_30_n_0
    SLICE_X29Y30         LUT6 (Prop_lut6_I5_O)        0.124     5.187 f  u_sys/inst_kera_mem/seg_OBUF[6]_inst_i_9/O
                         net (fo=1, routed)           1.227     6.414    u_sys/inst_kera_mem/seg_OBUF[6]_inst_i_9_n_0
    SLICE_X31Y27         LUT6 (Prop_lut6_I5_O)        0.124     6.538 r  u_sys/inst_kera_mem/seg_OBUF[6]_inst_i_2/O
                         net (fo=7, routed)           1.242     7.780    u_sys/inst_kera_mem/seg_OBUF[6]_inst_i_2_n_0
    SLICE_X40Y24         LUT4 (Prop_lut4_I1_O)        0.124     7.904 r  u_sys/inst_kera_mem/seg_OBUF[1]_inst_i_1/O
                         net (fo=1, routed)           2.398    10.302    seg_OBUF[1]
    W6                   OBUF (Prop_obuf_I_O)         3.529    13.831 r  seg_OBUF[1]_inst/O
                         net (fo=0)                   0.000    13.831    seg[1]
    W6                                                                r  seg[1] (OUT)
  -------------------------------------------------------------------    -------------------

Slack:                    inf
  Source:                 sw[15]
                            (input port)
  Destination:            seg[2]
                            (output port)
  Path Group:             (none)
  Path Type:              Max at Slow Process Corner
  Data Path Delay:        13.807ns  (logic 5.487ns (39.744%)  route 8.319ns (60.256%))
  Logic Levels:           6  (IBUF=1 LUT4=1 LUT5=1 LUT6=2 OBUF=1)

    Location             Delay type                Incr(ns)  Path(ns)    Netlist Resource(s)
  -------------------------------------------------------------------    -------------------
    R2                                                0.000     0.000 r  sw[15] (IN)
                         net (fo=0)                   0.000     0.000    sw[15]
    R2                   IBUF (Prop_ibuf_I_O)         1.456     1.456 r  sw_IBUF[15]_inst/O
                         net (fo=16, routed)          3.050     4.506    u_sys/inst_kera_mem/sw_IBUF[1]
    SLICE_X29Y30         LUT5 (Prop_lut5_I1_O)        0.124     4.630 f  u_sys/inst_kera_mem/seg_OBUF[6]_inst_i_30/O
                         net (fo=1, routed)           0.433     5.063    u_sys/inst_kera_mem/seg_OBUF[6]_inst_i_30_n_0
    SLICE_X29Y30         LUT6 (Prop_lut6_I5_O)        0.124     5.187 f  u_sys/inst_kera_mem/seg_OBUF[6]_inst_i_9/O
                         net (fo=1, routed)           1.227     6.414    u_sys/inst_kera_mem/seg_OBUF[6]_inst_i_9_n_0
    SLICE_X31Y27         LUT6 (Prop_lut6_I5_O)        0.124     6.538 r  u_sys/inst_kera_mem/seg_OBUF[6]_inst_i_2/O
                         net (fo=7, routed)           1.077     7.614    u_sys/inst_kera_mem/seg_OBUF[6]_inst_i_2_n_0
    SLICE_X40Y24         LUT4 (Prop_lut4_I1_O)        0.124     7.738 r  u_sys/inst_kera_mem/seg_OBUF[2]_inst_i_1/O
                         net (fo=1, routed)           2.533    10.272    seg_OBUF[2]
    U8                   OBUF (Prop_obuf_I_O)         3.535    13.807 r  seg_OBUF[2]_inst/O
                         net (fo=0)                   0.000    13.807    seg[2]
    U8                                                                r  seg[2] (OUT)
  -------------------------------------------------------------------    -------------------

Slack:                    inf
  Source:                 sw[7]
                            (input port)
  Destination:            led[13]
                            (output port)
  Path Group:             (none)
  Path Type:              Max at Slow Process Corner
  Data Path Delay:        11.684ns  (logic 4.966ns (42.504%)  route 6.718ns (57.496%))
  Logic Levels:           2  (IBUF=1 OBUF=1)

    Location             Delay type                Incr(ns)  Path(ns)    Netlist Resource(s)
  -------------------------------------------------------------------    -------------------
    W13                                               0.000     0.000 r  sw[7] (IN)
                         net (fo=0)                   0.000     0.000    sw[7]
    W13                  IBUF (Prop_ibuf_I_O)         1.459     1.459 r  sw_IBUF[7]_inst/O
                         net (fo=9, routed)           6.718     8.177    led_OBUF[13]
    N3                   OBUF (Prop_obuf_I_O)         3.507    11.684 r  led_OBUF[13]_inst/O
                         net (fo=0)                   0.000    11.684    led[13]
    N3                                                                r  led[13] (OUT)
  -------------------------------------------------------------------    -------------------

Slack:                    inf
  Source:                 sw[6]
                            (input port)
  Destination:            led[12]
                            (output port)
  Path Group:             (none)
  Path Type:              Max at Slow Process Corner
  Data Path Delay:        11.304ns  (logic 4.968ns (43.949%)  route 6.336ns (56.051%))
  Logic Levels:           2  (IBUF=1 OBUF=1)

    Location             Delay type                Incr(ns)  Path(ns)    Netlist Resource(s)
  -------------------------------------------------------------------    -------------------
    W14                                               0.000     0.000 r  sw[6] (IN)
                         net (fo=0)                   0.000     0.000    sw[6]
    W14                  IBUF (Prop_ibuf_I_O)         1.450     1.450 r  sw_IBUF[6]_inst/O
                         net (fo=9, routed)           6.336     7.785    led_OBUF[12]
    P3                   OBUF (Prop_obuf_I_O)         3.518    11.304 r  led_OBUF[12]_inst/O
                         net (fo=0)                   0.000    11.304    led[12]
    P3                                                                r  led[12] (OUT)
  -------------------------------------------------------------------    -------------------

Slack:                    inf
  Source:                 sw[4]
                            (input port)
  Destination:            led[10]
                            (output port)
  Path Group:             (none)
  Path Type:              Max at Slow Process Corner
  Data Path Delay:        10.341ns  (logic 4.976ns (48.118%)  route 5.365ns (51.882%))
  Logic Levels:           2  (IBUF=1 OBUF=1)

    Location             Delay type                Incr(ns)  Path(ns)    Netlist Resource(s)
  -------------------------------------------------------------------    -------------------
    W15                                               0.000     0.000 r  sw[4] (IN)
                         net (fo=0)                   0.000     0.000    sw[4]
    W15                  IBUF (Prop_ibuf_I_O)         1.451     1.451 r  sw_IBUF[4]_inst/O
                         net (fo=9, routed)           5.365     6.816    led_OBUF[10]
    W3                   OBUF (Prop_obuf_I_O)         3.525    10.341 r  led_OBUF[10]_inst/O
                         net (fo=0)                   0.000    10.341    led[10]
    W3                                                                r  led[10] (OUT)
  -------------------------------------------------------------------    -------------------





Min Delay Paths
--------------------------------------------------------------------------------------
Slack:                    inf
  Source:                 sw[2]
                            (input port)
  Destination:            led[8]
                            (output port)
  Path Group:             (none)
  Path Type:              Min at Fast Process Corner
  Data Path Delay:        1.902ns  (logic 1.437ns (75.541%)  route 0.465ns (24.459%))
  Logic Levels:           2  (IBUF=1 OBUF=1)

    Location             Delay type                Incr(ns)  Path(ns)    Netlist Resource(s)
  -------------------------------------------------------------------    -------------------
    W16                                               0.000     0.000 r  sw[2] (IN)
                         net (fo=0)                   0.000     0.000    sw[2]
    W16                  IBUF (Prop_ibuf_I_O)         0.232     0.232 r  sw_IBUF[2]_inst/O
                         net (fo=2, routed)           0.465     0.697    led_OBUF[8]
    V13                  OBUF (Prop_obuf_I_O)         1.205     1.902 r  led_OBUF[8]_inst/O
                         net (fo=0)                   0.000     1.902    led[8]
    V13                                                               r  led[8] (OUT)
  -------------------------------------------------------------------    -------------------

Slack:                    inf
  Source:                 sw[0]
                            (input port)
  Destination:            led[6]
                            (output port)
  Path Group:             (none)
  Path Type:              Min at Fast Process Corner
  Data Path Delay:        1.977ns  (logic 1.428ns (72.243%)  route 0.549ns (27.757%))
  Logic Levels:           2  (IBUF=1 OBUF=1)

    Location             Delay type                Incr(ns)  Path(ns)    Netlist Resource(s)
  -------------------------------------------------------------------    -------------------
    V17                                               0.000     0.000 r  sw[0] (IN)
                         net (fo=0)                   0.000     0.000    sw[0]
    V17                  IBUF (Prop_ibuf_I_O)         0.221     0.221 r  sw_IBUF[0]_inst/O
                         net (fo=2, routed)           0.549     0.770    led_OBUF[6]
    U14                  OBUF (Prop_obuf_I_O)         1.207     1.977 r  led_OBUF[6]_inst/O
                         net (fo=0)                   0.000     1.977    led[6]
    U14                                                               r  led[6] (OUT)
  -------------------------------------------------------------------    -------------------

Slack:                    inf
  Source:                 sw[1]
                            (input port)
  Destination:            led[7]
                            (output port)
  Path Group:             (none)
  Path Type:              Min at Fast Process Corner
  Data Path Delay:        1.978ns  (logic 1.431ns (72.366%)  route 0.547ns (27.634%))
  Logic Levels:           2  (IBUF=1 OBUF=1)

    Location             Delay type                Incr(ns)  Path(ns)    Netlist Resource(s)
  -------------------------------------------------------------------    -------------------
    V16                                               0.000     0.000 r  sw[1] (IN)
                         net (fo=0)                   0.000     0.000    sw[1]
    V16                  IBUF (Prop_ibuf_I_O)         0.229     0.229 r  sw_IBUF[1]_inst/O
                         net (fo=2, routed)           0.547     0.776    led_OBUF[7]
    V14                  OBUF (Prop_obuf_I_O)         1.202     1.978 r  led_OBUF[7]_inst/O
                         net (fo=0)                   0.000     1.978    led[7]
    V14                                                               r  led[7] (OUT)
  -------------------------------------------------------------------    -------------------

Slack:                    inf
  Source:                 sw[8]
                            (input port)
  Destination:            led[14]
                            (output port)
  Path Group:             (none)
  Path Type:              Min at Fast Process Corner
  Data Path Delay:        2.134ns  (logic 1.439ns (67.422%)  route 0.695ns (32.578%))
  Logic Levels:           2  (IBUF=1 OBUF=1)

    Location             Delay type                Incr(ns)  Path(ns)    Netlist Resource(s)
  -------------------------------------------------------------------    -------------------
    V2                                                0.000     0.000 r  sw[8] (IN)
                         net (fo=0)                   0.000     0.000    sw[8]
    V2                   IBUF (Prop_ibuf_I_O)         0.223     0.223 r  sw_IBUF[8]_inst/O
                         net (fo=9, routed)           0.695     0.918    led_OBUF[14]
    P1                   OBUF (Prop_obuf_I_O)         1.216     2.134 r  led_OBUF[14]_inst/O
                         net (fo=0)                   0.000     2.134    led[14]
    P1                                                                r  led[14] (OUT)
  -------------------------------------------------------------------    -------------------

Slack:                    inf
  Source:                 sw[9]
                            (input port)
  Destination:            led[15]
                            (output port)
  Path Group:             (none)
  Path Type:              Min at Fast Process Corner
  Data Path Delay:        2.463ns  (logic 1.443ns (58.570%)  route 1.021ns (41.430%))
  Logic Levels:           2  (IBUF=1 OBUF=1)

    Location             Delay type                Incr(ns)  Path(ns)    Netlist Resource(s)
  -------------------------------------------------------------------    -------------------
    T3                                                0.000     0.000 r  sw[9] (IN)
                         net (fo=0)                   0.000     0.000    sw[9]
    T3                   IBUF (Prop_ibuf_I_O)         0.220     0.220 r  sw_IBUF[9]_inst/O
                         net (fo=9, routed)           1.021     1.241    led_OBUF[15]
    L1                   OBUF (Prop_obuf_I_O)         1.222     2.463 r  led_OBUF[15]_inst/O
                         net (fo=0)                   0.000     2.463    led[15]
    L1                                                                r  led[15] (OUT)
  -------------------------------------------------------------------    -------------------

Slack:                    inf
  Source:                 sw[5]
                            (input port)
  Destination:            led[11]
                            (output port)
  Path Group:             (none)
  Path Type:              Min at Fast Process Corner
  Data Path Delay:        3.333ns  (logic 1.439ns (43.170%)  route 1.894ns (56.830%))
  Logic Levels:           2  (IBUF=1 OBUF=1)

    Location             Delay type                Incr(ns)  Path(ns)    Netlist Resource(s)
  -------------------------------------------------------------------    -------------------
    V15                                               0.000     0.000 r  sw[5] (IN)
                         net (fo=0)                   0.000     0.000    sw[5]
    V15                  IBUF (Prop_ibuf_I_O)         0.234     0.234 r  sw_IBUF[5]_inst/O
                         net (fo=9, routed)           1.894     2.128    led_OBUF[11]
    U3                   OBUF (Prop_obuf_I_O)         1.205     3.333 r  led_OBUF[11]_inst/O
                         net (fo=0)                   0.000     3.333    led[11]
    U3                                                                r  led[11] (OUT)
  -------------------------------------------------------------------    -------------------

Slack:                    inf
  Source:                 sw[3]
                            (input port)
  Destination:            led[9]
                            (output port)
  Path Group:             (none)
  Path Type:              Min at Fast Process Corner
  Data Path Delay:        3.394ns  (logic 1.426ns (42.009%)  route 1.969ns (57.991%))
  Logic Levels:           2  (IBUF=1 OBUF=1)

    Location             Delay type                Incr(ns)  Path(ns)    Netlist Resource(s)
  -------------------------------------------------------------------    -------------------
    W17                                               0.000     0.000 r  sw[3] (IN)
                         net (fo=0)                   0.000     0.000    sw[3]
    W17                  IBUF (Prop_ibuf_I_O)         0.217     0.217 r  sw_IBUF[3]_inst/O
                         net (fo=2, routed)           1.969     2.185    led_OBUF[9]
    V3                   OBUF (Prop_obuf_I_O)         1.209     3.394 r  led_OBUF[9]_inst/O
                         net (fo=0)                   0.000     3.394    led[9]
    V3                                                                r  led[9] (OUT)
  -------------------------------------------------------------------    -------------------

Slack:                    inf
  Source:                 sw[4]
                            (input port)
  Destination:            led[10]
                            (output port)
  Path Group:             (none)
  Path Type:              Min at Fast Process Corner
  Data Path Delay:        3.565ns  (logic 1.445ns (40.544%)  route 2.119ns (59.456%))
  Logic Levels:           2  (IBUF=1 OBUF=1)

    Location             Delay type                Incr(ns)  Path(ns)    Netlist Resource(s)
  -------------------------------------------------------------------    -------------------
    W15                                               0.000     0.000 r  sw[4] (IN)
                         net (fo=0)                   0.000     0.000    sw[4]
    W15                  IBUF (Prop_ibuf_I_O)         0.219     0.219 r  sw_IBUF[4]_inst/O
                         net (fo=9, routed)           2.119     2.338    led_OBUF[10]
    W3                   OBUF (Prop_obuf_I_O)         1.226     3.565 r  led_OBUF[10]_inst/O
                         net (fo=0)                   0.000     3.565    led[10]
    W3                                                                r  led[10] (OUT)
  -------------------------------------------------------------------    -------------------

Slack:                    inf
  Source:                 sw[6]
                            (input port)
  Destination:            led[12]
                            (output port)
  Path Group:             (none)
  Path Type:              Min at Fast Process Corner
  Data Path Delay:        3.975ns  (logic 1.437ns (36.154%)  route 2.538ns (63.846%))
  Logic Levels:           2  (IBUF=1 OBUF=1)

    Location             Delay type                Incr(ns)  Path(ns)    Netlist Resource(s)
  -------------------------------------------------------------------    -------------------
    W14                                               0.000     0.000 r  sw[6] (IN)
                         net (fo=0)                   0.000     0.000    sw[6]
    W14                  IBUF (Prop_ibuf_I_O)         0.218     0.218 r  sw_IBUF[6]_inst/O
                         net (fo=9, routed)           2.538     2.756    led_OBUF[12]
    P3                   OBUF (Prop_obuf_I_O)         1.219     3.975 r  led_OBUF[12]_inst/O
                         net (fo=0)                   0.000     3.975    led[12]
    P3                                                                r  led[12] (OUT)
  -------------------------------------------------------------------    -------------------

Slack:                    inf
  Source:                 sw[15]
                            (input port)
  Destination:            seg[1]
                            (output port)
  Path Group:             (none)
  Path Type:              Min at Fast Process Corner
  Data Path Delay:        3.983ns  (logic 1.544ns (38.769%)  route 2.439ns (61.231%))
  Logic Levels:           4  (IBUF=1 LUT4=1 LUT6=1 OBUF=1)

    Location             Delay type                Incr(ns)  Path(ns)    Netlist Resource(s)
  -------------------------------------------------------------------    -------------------
    R2                                                0.000     0.000 r  sw[15] (IN)
                         net (fo=0)                   0.000     0.000    sw[15]
    R2                   IBUF (Prop_ibuf_I_O)         0.224     0.224 r  sw_IBUF[15]_inst/O
                         net (fo=16, routed)          1.247     1.472    u_sys/inst_kera_mem/sw_IBUF[1]
    SLICE_X31Y27         LUT6 (Prop_lut6_I3_O)        0.045     1.517 r  u_sys/inst_kera_mem/seg_OBUF[6]_inst_i_2/O
                         net (fo=7, routed)           0.487     2.003    u_sys/inst_kera_mem/seg_OBUF[6]_inst_i_2_n_0
    SLICE_X40Y24         LUT4 (Prop_lut4_I1_O)        0.045     2.048 r  u_sys/inst_kera_mem/seg_OBUF[1]_inst_i_1/O
                         net (fo=1, routed)           0.705     2.753    seg_OBUF[1]
    W6                   OBUF (Prop_obuf_I_O)         1.230     3.983 r  seg_OBUF[1]_inst/O
                         net (fo=0)                   0.000     3.983    seg[1]
    W6                                                                r  seg[1] (OUT)
  -------------------------------------------------------------------    -------------------





--------------------------------------------------------------------------------------
Path Group:  (none)
From Clock:  sys_clk_pin
  To Clock:  

Max Delay            17 Endpoints
Min Delay            17 Endpoints
--------------------------------------------------------------------------------------


Max Delay Paths
--------------------------------------------------------------------------------------
Slack:                    inf
  Source:                 u_sys/inst_kera_mem/omem_reg_5/CLKARDCLK
                            (rising edge-triggered cell RAMB36E1 clocked by sys_clk_pin  {rise@0.000ns fall@5.000ns period=10.000ns})
  Destination:            seg[3]
                            (output port)
  Path Group:             (none)
  Path Type:              Max at Slow Process Corner
  Data Path Delay:        16.844ns  (logic 7.343ns (43.592%)  route 9.501ns (56.408%))
  Logic Levels:           8  (LUT4=1 LUT5=1 LUT6=3 MUXF7=1 MUXF8=1 OBUF=1)
  Clock Uncertainty:      0.025ns  ((TSJ^2 + TIJ^2)^1/2 + DJ) / 2 + PE
    Total System Jitter     (TSJ):    0.050ns
    Total Input Jitter      (TIJ):    0.000ns
    Discrete Jitter          (DJ):    0.000ns
    Phase Error              (PE):    0.000ns

    Location             Delay type                Incr(ns)  Path(ns)    Netlist Resource(s)
  -------------------------------------------------------------------    -------------------
                         (clock sys_clk_pin rise edge)
                                                      0.000     0.000 r  
    W5                                                0.000     0.000 r  clk (IN)
                         net (fo=0)                   0.000     0.000    clk
    W5                   IBUF (Prop_ibuf_I_O)         1.458     1.458 r  clk_IBUF_inst/O
                         net (fo=1, routed)           1.967     3.425    clk_IBUF
    BUFGCTRL_X0Y0        BUFG (Prop_bufg_I_O)         0.096     3.521 r  clk_IBUF_BUFG_inst/O
                         net (fo=17251, routed)       1.610     5.131    u_sys/inst_kera_mem/clk_IBUF_BUFG
    RAMB36_X1Y7          RAMB36E1                                     r  u_sys/inst_kera_mem/omem_reg_5/CLKARDCLK
  -------------------------------------------------------------------    -------------------
    RAMB36_X1Y7          RAMB36E1 (Prop_ramb36e1_CLKARDCLK_DOBDO[13])
                                                      2.454     7.585 r  u_sys/inst_kera_mem/omem_reg_5/DOBDO[13]
                         net (fo=1, routed)           2.577    10.161    u_sys/res_line[405]
    SLICE_X7Y33          LUT6 (Prop_lut6_I5_O)        0.124    10.285 r  u_sys/seg_OBUF[6]_inst_i_241/O
                         net (fo=1, routed)           0.000    10.285    u_sys/seg_OBUF[6]_inst_i_241_n_0
    SLICE_X7Y33          MUXF7 (Prop_muxf7_I1_O)      0.217    10.502 r  u_sys/seg_OBUF[6]_inst_i_209/O
                         net (fo=1, routed)           0.000    10.502    u_sys/seg_OBUF[6]_inst_i_209_n_0
    SLICE_X7Y33          MUXF8 (Prop_muxf8_I1_O)      0.094    10.596 r  u_sys/seg_OBUF[6]_inst_i_129/O
                         net (fo=1, routed)           1.568    12.165    u_sys/inst_kera_mem/seg_OBUF[6]_inst_i_21_1
    SLICE_X29Y28         LUT5 (Prop_lut5_I2_O)        0.316    12.481 r  u_sys/inst_kera_mem/seg_OBUF[6]_inst_i_57/O
                         net (fo=1, routed)           0.433    12.914    u_sys/inst_kera_mem/seg_OBUF[6]_inst_i_57_n_0
    SLICE_X29Y28         LUT6 (Prop_lut6_I5_O)        0.124    13.038 r  u_sys/inst_kera_mem/seg_OBUF[6]_inst_i_21/O
                         net (fo=1, routed)           0.670    13.708    u_sys/inst_kera_mem/seg_OBUF[6]_inst_i_21_n_0
    SLICE_X30Y27         LUT6 (Prop_lut6_I5_O)        0.124    13.832 r  u_sys/inst_kera_mem/seg_OBUF[6]_inst_i_5/O
                         net (fo=7, routed)           1.538    15.370    u_sys/inst_kera_mem/seg_OBUF[6]_inst_i_5_n_0
    SLICE_X40Y24         LUT4 (Prop_lut4_I3_O)        0.152    15.522 r  u_sys/inst_kera_mem/seg_OBUF[3]_inst_i_1/O
                         net (fo=1, routed)           2.715    18.237    seg_OBUF[3]
    V8                   OBUF (Prop_obuf_I_O)         3.738    21.975 r  seg_OBUF[3]_inst/O
                         net (fo=0)                   0.000    21.975    seg[3]
    V8                                                                r  seg[3] (OUT)
  -------------------------------------------------------------------    -------------------

Slack:                    inf
  Source:                 u_sys/inst_kera_mem/omem_reg_5/CLKARDCLK
                            (rising edge-triggered cell RAMB36E1 clocked by sys_clk_pin  {rise@0.000ns fall@5.000ns period=10.000ns})
  Destination:            seg[5]
                            (output port)
  Path Group:             (none)
  Path Type:              Max at Slow Process Corner
  Data Path Delay:        16.681ns  (logic 7.317ns (43.868%)  route 9.363ns (56.132%))
  Logic Levels:           8  (LUT4=1 LUT5=1 LUT6=3 MUXF7=1 MUXF8=1 OBUF=1)
  Clock Uncertainty:      0.025ns  ((TSJ^2 + TIJ^2)^1/2 + DJ) / 2 + PE
    Total System Jitter     (TSJ):    0.050ns
    Total Input Jitter      (TIJ):    0.000ns
    Discrete Jitter          (DJ):    0.000ns
    Phase Error              (PE):    0.000ns

    Location             Delay type                Incr(ns)  Path(ns)    Netlist Resource(s)
  -------------------------------------------------------------------    -------------------
                         (clock sys_clk_pin rise edge)
                                                      0.000     0.000 r  
    W5                                                0.000     0.000 r  clk (IN)
                         net (fo=0)                   0.000     0.000    clk
    W5                   IBUF (Prop_ibuf_I_O)         1.458     1.458 r  clk_IBUF_inst/O
                         net (fo=1, routed)           1.967     3.425    clk_IBUF
    BUFGCTRL_X0Y0        BUFG (Prop_bufg_I_O)         0.096     3.521 r  clk_IBUF_BUFG_inst/O
                         net (fo=17251, routed)       1.610     5.131    u_sys/inst_kera_mem/clk_IBUF_BUFG
    RAMB36_X1Y7          RAMB36E1                                     r  u_sys/inst_kera_mem/omem_reg_5/CLKARDCLK
  -------------------------------------------------------------------    -------------------
    RAMB36_X1Y7          RAMB36E1 (Prop_ramb36e1_CLKARDCLK_DOBDO[13])
                                                      2.454     7.585 r  u_sys/inst_kera_mem/omem_reg_5/DOBDO[13]
                         net (fo=1, routed)           2.577    10.161    u_sys/res_line[405]
    SLICE_X7Y33          LUT6 (Prop_lut6_I5_O)        0.124    10.285 r  u_sys/seg_OBUF[6]_inst_i_241/O
                         net (fo=1, routed)           0.000    10.285    u_sys/seg_OBUF[6]_inst_i_241_n_0
    SLICE_X7Y33          MUXF7 (Prop_muxf7_I1_O)      0.217    10.502 r  u_sys/seg_OBUF[6]_inst_i_209/O
                         net (fo=1, routed)           0.000    10.502    u_sys/seg_OBUF[6]_inst_i_209_n_0
    SLICE_X7Y33          MUXF8 (Prop_muxf8_I1_O)      0.094    10.596 r  u_sys/seg_OBUF[6]_inst_i_129/O
                         net (fo=1, routed)           1.568    12.165    u_sys/inst_kera_mem/seg_OBUF[6]_inst_i_21_1
    SLICE_X29Y28         LUT5 (Prop_lut5_I2_O)        0.316    12.481 r  u_sys/inst_kera_mem/seg_OBUF[6]_inst_i_57/O
                         net (fo=1, routed)           0.433    12.914    u_sys/inst_kera_mem/seg_OBUF[6]_inst_i_57_n_0
    SLICE_X29Y28         LUT6 (Prop_lut6_I5_O)        0.124    13.038 r  u_sys/inst_kera_mem/seg_OBUF[6]_inst_i_21/O
                         net (fo=1, routed)           0.670    13.708    u_sys/inst_kera_mem/seg_OBUF[6]_inst_i_21_n_0
    SLICE_X30Y27         LUT6 (Prop_lut6_I5_O)        0.124    13.832 r  u_sys/inst_kera_mem/seg_OBUF[6]_inst_i_5/O
                         net (fo=7, routed)           1.541    15.373    u_sys/inst_kera_mem/seg_OBUF[6]_inst_i_5_n_0
    SLICE_X40Y24         LUT4 (Prop_lut4_I2_O)        0.152    15.525 r  u_sys/inst_kera_mem/seg_OBUF[5]_inst_i_1/O
                         net (fo=1, routed)           2.574    18.099    seg_OBUF[5]
    V5                   OBUF (Prop_obuf_I_O)         3.712    21.811 r  seg_OBUF[5]_inst/O
                         net (fo=0)                   0.000    21.811    seg[5]
    V5                                                                r  seg[5] (OUT)
  -------------------------------------------------------------------    -------------------

Slack:                    inf
  Source:                 u_sys/inst_kera_mem/omem_reg_5/CLKARDCLK
                            (rising edge-triggered cell RAMB36E1 clocked by sys_clk_pin  {rise@0.000ns fall@5.000ns period=10.000ns})
  Destination:            seg[0]
                            (output port)
  Path Group:             (none)
  Path Type:              Max at Slow Process Corner
  Data Path Delay:        16.634ns  (logic 7.088ns (42.608%)  route 9.547ns (57.392%))
  Logic Levels:           8  (LUT4=1 LUT5=1 LUT6=3 MUXF7=1 MUXF8=1 OBUF=1)
  Clock Uncertainty:      0.025ns  ((TSJ^2 + TIJ^2)^1/2 + DJ) / 2 + PE
    Total System Jitter     (TSJ):    0.050ns
    Total Input Jitter      (TIJ):    0.000ns
    Discrete Jitter          (DJ):    0.000ns
    Phase Error              (PE):    0.000ns

    Location             Delay type                Incr(ns)  Path(ns)    Netlist Resource(s)
  -------------------------------------------------------------------    -------------------
                         (clock sys_clk_pin rise edge)
                                                      0.000     0.000 r  
    W5                                                0.000     0.000 r  clk (IN)
                         net (fo=0)                   0.000     0.000    clk
    W5                   IBUF (Prop_ibuf_I_O)         1.458     1.458 r  clk_IBUF_inst/O
                         net (fo=1, routed)           1.967     3.425    clk_IBUF
    BUFGCTRL_X0Y0        BUFG (Prop_bufg_I_O)         0.096     3.521 r  clk_IBUF_BUFG_inst/O
                         net (fo=17251, routed)       1.610     5.131    u_sys/inst_kera_mem/clk_IBUF_BUFG
    RAMB36_X1Y7          RAMB36E1                                     r  u_sys/inst_kera_mem/omem_reg_5/CLKARDCLK
  -------------------------------------------------------------------    -------------------
    RAMB36_X1Y7          RAMB36E1 (Prop_ramb36e1_CLKARDCLK_DOBDO[13])
                                                      2.454     7.585 r  u_sys/inst_kera_mem/omem_reg_5/DOBDO[13]
                         net (fo=1, routed)           2.577    10.161    u_sys/res_line[405]
    SLICE_X7Y33          LUT6 (Prop_lut6_I5_O)        0.124    10.285 r  u_sys/seg_OBUF[6]_inst_i_241/O
                         net (fo=1, routed)           0.000    10.285    u_sys/seg_OBUF[6]_inst_i_241_n_0
    SLICE_X7Y33          MUXF7 (Prop_muxf7_I1_O)      0.217    10.502 r  u_sys/seg_OBUF[6]_inst_i_209/O
                         net (fo=1, routed)           0.000    10.502    u_sys/seg_OBUF[6]_inst_i_209_n_0
    SLICE_X7Y33          MUXF8 (Prop_muxf8_I1_O)      0.094    10.596 r  u_sys/seg_OBUF[6]_inst_i_129/O
                         net (fo=1, routed)           1.568    12.165    u_sys/inst_kera_mem/seg_OBUF[6]_inst_i_21_1
    SLICE_X29Y28         LUT5 (Prop_lut5_I2_O)        0.316    12.481 r  u_sys/inst_kera_mem/seg_OBUF[6]_inst_i_57/O
                         net (fo=1, routed)           0.433    12.914    u_sys/inst_kera_mem/seg_OBUF[6]_inst_i_57_n_0
    SLICE_X29Y28         LUT6 (Prop_lut6_I5_O)        0.124    13.038 r  u_sys/inst_kera_mem/seg_OBUF[6]_inst_i_21/O
                         net (fo=1, routed)           0.670    13.708    u_sys/inst_kera_mem/seg_OBUF[6]_inst_i_21_n_0
    SLICE_X30Y27         LUT6 (Prop_lut6_I5_O)        0.124    13.832 r  u_sys/inst_kera_mem/seg_OBUF[6]_inst_i_5/O
                         net (fo=7, routed)           1.538    15.370    u_sys/inst_kera_mem/seg_OBUF[6]_inst_i_5_n_0
    SLICE_X40Y24         LUT4 (Prop_lut4_I3_O)        0.124    15.494 r  u_sys/inst_kera_mem/seg_OBUF[0]_inst_i_1/O
                         net (fo=1, routed)           2.760    18.255    seg_OBUF[0]
    W7                   OBUF (Prop_obuf_I_O)         3.511    21.765 r  seg_OBUF[0]_inst/O
                         net (fo=0)                   0.000    21.765    seg[0]
    W7                                                                r  seg[0] (OUT)
  -------------------------------------------------------------------    -------------------

Slack:                    inf
  Source:                 u_sys/inst_kera_mem/omem_reg_5/CLKARDCLK
                            (rising edge-triggered cell RAMB36E1 clocked by sys_clk_pin  {rise@0.000ns fall@5.000ns period=10.000ns})
  Destination:            seg[6]
                            (output port)
  Path Group:             (none)
  Path Type:              Max at Slow Process Corner
  Data Path Delay:        16.622ns  (logic 7.103ns (42.734%)  route 9.519ns (57.266%))
  Logic Levels:           8  (LUT4=1 LUT5=1 LUT6=3 MUXF7=1 MUXF8=1 OBUF=1)
  Clock Uncertainty:      0.025ns  ((TSJ^2 + TIJ^2)^1/2 + DJ) / 2 + PE
    Total System Jitter     (TSJ):    0.050ns
    Total Input Jitter      (TIJ):    0.000ns
    Discrete Jitter          (DJ):    0.000ns
    Phase Error              (PE):    0.000ns

    Location             Delay type                Incr(ns)  Path(ns)    Netlist Resource(s)
  -------------------------------------------------------------------    -------------------
                         (clock sys_clk_pin rise edge)
                                                      0.000     0.000 r  
    W5                                                0.000     0.000 r  clk (IN)
                         net (fo=0)                   0.000     0.000    clk
    W5                   IBUF (Prop_ibuf_I_O)         1.458     1.458 r  clk_IBUF_inst/O
                         net (fo=1, routed)           1.967     3.425    clk_IBUF
    BUFGCTRL_X0Y0        BUFG (Prop_bufg_I_O)         0.096     3.521 r  clk_IBUF_BUFG_inst/O
                         net (fo=17251, routed)       1.610     5.131    u_sys/inst_kera_mem/clk_IBUF_BUFG
    RAMB36_X1Y7          RAMB36E1                                     r  u_sys/inst_kera_mem/omem_reg_5/CLKARDCLK
  -------------------------------------------------------------------    -------------------
    RAMB36_X1Y7          RAMB36E1 (Prop_ramb36e1_CLKARDCLK_DOADO[11])
                                                      2.454     7.585 f  u_sys/inst_kera_mem/omem_reg_5/DOADO[11]
                         net (fo=1, routed)           2.765    10.350    u_sys/res_line[371]
    SLICE_X9Y31          LUT6 (Prop_lut6_I0_O)        0.124    10.474 f  u_sys/seg_OBUF[6]_inst_i_216/O
                         net (fo=1, routed)           0.000    10.474    u_sys/seg_OBUF[6]_inst_i_216_n_0
    SLICE_X9Y31          MUXF7 (Prop_muxf7_I0_O)      0.212    10.686 f  u_sys/seg_OBUF[6]_inst_i_149/O
                         net (fo=1, routed)           0.000    10.686    u_sys/seg_OBUF[6]_inst_i_149_n_0
    SLICE_X9Y31          MUXF8 (Prop_muxf8_I1_O)      0.094    10.780 f  u_sys/seg_OBUF[6]_inst_i_75/O
                         net (fo=1, routed)           1.089    11.869    u_sys/inst_kera_mem/seg_OBUF[6]_inst_i_9_1
    SLICE_X29Y30         LUT5 (Prop_lut5_I2_O)        0.316    12.185 f  u_sys/inst_kera_mem/seg_OBUF[6]_inst_i_30/O
                         net (fo=1, routed)           0.433    12.618    u_sys/inst_kera_mem/seg_OBUF[6]_inst_i_30_n_0
    SLICE_X29Y30         LUT6 (Prop_lut6_I5_O)        0.124    12.742 f  u_sys/inst_kera_mem/seg_OBUF[6]_inst_i_9/O
                         net (fo=1, routed)           1.227    13.969    u_sys/inst_kera_mem/seg_OBUF[6]_inst_i_9_n_0
    SLICE_X31Y27         LUT6 (Prop_lut6_I5_O)        0.124    14.093 r  u_sys/inst_kera_mem/seg_OBUF[6]_inst_i_2/O
                         net (fo=7, routed)           1.070    15.163    u_sys/inst_kera_mem/seg_OBUF[6]_inst_i_2_n_0
    SLICE_X40Y24         LUT4 (Prop_lut4_I0_O)        0.124    15.287 r  u_sys/inst_kera_mem/seg_OBUF[6]_inst_i_1/O
                         net (fo=1, routed)           2.935    18.222    seg_OBUF[6]
    U7                   OBUF (Prop_obuf_I_O)         3.531    21.753 r  seg_OBUF[6]_inst/O
                         net (fo=0)                   0.000    21.753    seg[6]
    U7                                                                r  seg[6] (OUT)
  -------------------------------------------------------------------    -------------------

Slack:                    inf
  Source:                 u_sys/inst_kera_mem/omem_reg_5/CLKARDCLK
                            (rising edge-triggered cell RAMB36E1 clocked by sys_clk_pin  {rise@0.000ns fall@5.000ns period=10.000ns})
  Destination:            seg[4]
                            (output port)
  Path Group:             (none)
  Path Type:              Max at Slow Process Corner
  Data Path Delay:        16.508ns  (logic 7.324ns (44.366%)  route 9.184ns (55.634%))
  Logic Levels:           8  (LUT4=1 LUT5=1 LUT6=3 MUXF7=1 MUXF8=1 OBUF=1)
  Clock Uncertainty:      0.025ns  ((TSJ^2 + TIJ^2)^1/2 + DJ) / 2 + PE
    Total System Jitter     (TSJ):    0.050ns
    Total Input Jitter      (TIJ):    0.000ns
    Discrete Jitter          (DJ):    0.000ns
    Phase Error              (PE):    0.000ns

    Location             Delay type                Incr(ns)  Path(ns)    Netlist Resource(s)
  -------------------------------------------------------------------    -------------------
                         (clock sys_clk_pin rise edge)
                                                      0.000     0.000 r  
    W5                                                0.000     0.000 r  clk (IN)
                         net (fo=0)                   0.000     0.000    clk
    W5                   IBUF (Prop_ibuf_I_O)         1.458     1.458 r  clk_IBUF_inst/O
                         net (fo=1, routed)           1.967     3.425    clk_IBUF
    BUFGCTRL_X0Y0        BUFG (Prop_bufg_I_O)         0.096     3.521 r  clk_IBUF_BUFG_inst/O
                         net (fo=17251, routed)       1.610     5.131    u_sys/inst_kera_mem/clk_IBUF_BUFG
    RAMB36_X1Y7          RAMB36E1                                     r  u_sys/inst_kera_mem/omem_reg_5/CLKARDCLK
  -------------------------------------------------------------------    -------------------
    RAMB36_X1Y7          RAMB36E1 (Prop_ramb36e1_CLKARDCLK_DOADO[11])
                                                      2.454     7.585 f  u_sys/inst_kera_mem/omem_reg_5/DOADO[11]
                         net (fo=1, routed)           2.765    10.350    u_sys/res_line[371]
    SLICE_X9Y31          LUT6 (Prop_lut6_I0_O)        0.124    10.474 f  u_sys/seg_OBUF[6]_inst_i_216/O
                         net (fo=1, routed)           0.000    10.474    u_sys/seg_OBUF[6]_inst_i_216_n_0
    SLICE_X9Y31          MUXF7 (Prop_muxf7_I0_O)      0.212    10.686 f  u_sys/seg_OBUF[6]_inst_i_149/O
                         net (fo=1, routed)           0.000    10.686    u_sys/seg_OBUF[6]_inst_i_149_n_0
    SLICE_X9Y31          MUXF8 (Prop_muxf8_I1_O)      0.094    10.780 f  u_sys/seg_OBUF[6]_inst_i_75/O
                         net (fo=1, routed)           1.089    11.869    u_sys/inst_kera_mem/seg_OBUF[6]_inst_i_9_1
    SLICE_X29Y30         LUT5 (Prop_lut5_I2_O)        0.316    12.185 f  u_sys/inst_kera_mem/seg_OBUF[6]_inst_i_30/O
                         net (fo=1, routed)           0.433    12.618    u_sys/inst_kera_mem/seg_OBUF[6]_inst_i_30_n_0
    SLICE_X29Y30         LUT6 (Prop_lut6_I5_O)        0.124    12.742 f  u_sys/inst_kera_mem/seg_OBUF[6]_inst_i_9/O
                         net (fo=1, routed)           1.227    13.969    u_sys/inst_kera_mem/seg_OBUF[6]_inst_i_9_n_0
    SLICE_X31Y27         LUT6 (Prop_lut6_I5_O)        0.124    14.093 r  u_sys/inst_kera_mem/seg_OBUF[6]_inst_i_2/O
                         net (fo=7, routed)           1.077    15.170    u_sys/inst_kera_mem/seg_OBUF[6]_inst_i_2_n_0
    SLICE_X40Y24         LUT4 (Prop_lut4_I3_O)        0.153    15.323 r  u_sys/inst_kera_mem/seg_OBUF[4]_inst_i_1/O
                         net (fo=1, routed)           2.593    17.916    seg_OBUF[4]
    U5                   OBUF (Prop_obuf_I_O)         3.723    21.639 r  seg_OBUF[4]_inst/O
                         net (fo=0)                   0.000    21.639    seg[4]
    U5                                                                r  seg[4] (OUT)
  -------------------------------------------------------------------    -------------------

Slack:                    inf
  Source:                 u_sys/inst_kera_mem/omem_reg_5/CLKARDCLK
                            (rising edge-triggered cell RAMB36E1 clocked by sys_clk_pin  {rise@0.000ns fall@5.000ns period=10.000ns})
  Destination:            seg[1]
                            (output port)
  Path Group:             (none)
  Path Type:              Max at Slow Process Corner
  Data Path Delay:        16.293ns  (logic 7.106ns (43.614%)  route 9.187ns (56.386%))
  Logic Levels:           8  (LUT4=1 LUT5=1 LUT6=3 MUXF7=1 MUXF8=1 OBUF=1)
  Clock Uncertainty:      0.025ns  ((TSJ^2 + TIJ^2)^1/2 + DJ) / 2 + PE
    Total System Jitter     (TSJ):    0.050ns
    Total Input Jitter      (TIJ):    0.000ns
    Discrete Jitter          (DJ):    0.000ns
    Phase Error              (PE):    0.000ns

    Location             Delay type                Incr(ns)  Path(ns)    Netlist Resource(s)
  -------------------------------------------------------------------    -------------------
                         (clock sys_clk_pin rise edge)
                                                      0.000     0.000 r  
    W5                                                0.000     0.000 r  clk (IN)
                         net (fo=0)                   0.000     0.000    clk
    W5                   IBUF (Prop_ibuf_I_O)         1.458     1.458 r  clk_IBUF_inst/O
                         net (fo=1, routed)           1.967     3.425    clk_IBUF
    BUFGCTRL_X0Y0        BUFG (Prop_bufg_I_O)         0.096     3.521 r  clk_IBUF_BUFG_inst/O
                         net (fo=17251, routed)       1.610     5.131    u_sys/inst_kera_mem/clk_IBUF_BUFG
    RAMB36_X1Y7          RAMB36E1                                     r  u_sys/inst_kera_mem/omem_reg_5/CLKARDCLK
  -------------------------------------------------------------------    -------------------
    RAMB36_X1Y7          RAMB36E1 (Prop_ramb36e1_CLKARDCLK_DOBDO[13])
                                                      2.454     7.585 r  u_sys/inst_kera_mem/omem_reg_5/DOBDO[13]
                         net (fo=1, routed)           2.577    10.161    u_sys/res_line[405]
    SLICE_X7Y33          LUT6 (Prop_lut6_I5_O)        0.124    10.285 r  u_sys/seg_OBUF[6]_inst_i_241/O
                         net (fo=1, routed)           0.000    10.285    u_sys/seg_OBUF[6]_inst_i_241_n_0
    SLICE_X7Y33          MUXF7 (Prop_muxf7_I1_O)      0.217    10.502 r  u_sys/seg_OBUF[6]_inst_i_209/O
                         net (fo=1, routed)           0.000    10.502    u_sys/seg_OBUF[6]_inst_i_209_n_0
    SLICE_X7Y33          MUXF8 (Prop_muxf8_I1_O)      0.094    10.596 r  u_sys/seg_OBUF[6]_inst_i_129/O
                         net (fo=1, routed)           1.568    12.165    u_sys/inst_kera_mem/seg_OBUF[6]_inst_i_21_1
    SLICE_X29Y28         LUT5 (Prop_lut5_I2_O)        0.316    12.481 r  u_sys/inst_kera_mem/seg_OBUF[6]_inst_i_57/O
                         net (fo=1, routed)           0.433    12.914    u_sys/inst_kera_mem/seg_OBUF[6]_inst_i_57_n_0
    SLICE_X29Y28         LUT6 (Prop_lut6_I5_O)        0.124    13.038 r  u_sys/inst_kera_mem/seg_OBUF[6]_inst_i_21/O
                         net (fo=1, routed)           0.670    13.708    u_sys/inst_kera_mem/seg_OBUF[6]_inst_i_21_n_0
    SLICE_X30Y27         LUT6 (Prop_lut6_I5_O)        0.124    13.832 r  u_sys/inst_kera_mem/seg_OBUF[6]_inst_i_5/O
                         net (fo=7, routed)           1.541    15.373    u_sys/inst_kera_mem/seg_OBUF[6]_inst_i_5_n_0
    SLICE_X40Y24         LUT4 (Prop_lut4_I2_O)        0.124    15.497 r  u_sys/inst_kera_mem/seg_OBUF[1]_inst_i_1/O
                         net (fo=1, routed)           2.398    17.895    seg_OBUF[1]
    W6                   OBUF (Prop_obuf_I_O)         3.529    21.424 r  seg_OBUF[1]_inst/O
                         net (fo=0)                   0.000    21.424    seg[1]
    W6                                                                r  seg[1] (OUT)
  -------------------------------------------------------------------    -------------------

Slack:                    inf
  Source:                 u_sys/inst_kera_mem/omem_reg_5/CLKARDCLK
                            (rising edge-triggered cell RAMB36E1 clocked by sys_clk_pin  {rise@0.000ns fall@5.000ns period=10.000ns})
  Destination:            seg[2]
                            (output port)
  Path Group:             (none)
  Path Type:              Max at Slow Process Corner
  Data Path Delay:        16.231ns  (logic 7.107ns (43.787%)  route 9.124ns (56.213%))
  Logic Levels:           8  (LUT4=1 LUT5=1 LUT6=3 MUXF7=1 MUXF8=1 OBUF=1)
  Clock Uncertainty:      0.025ns  ((TSJ^2 + TIJ^2)^1/2 + DJ) / 2 + PE
    Total System Jitter     (TSJ):    0.050ns
    Total Input Jitter      (TIJ):    0.000ns
    Discrete Jitter          (DJ):    0.000ns
    Phase Error              (PE):    0.000ns

    Location             Delay type                Incr(ns)  Path(ns)    Netlist Resource(s)
  -------------------------------------------------------------------    -------------------
                         (clock sys_clk_pin rise edge)
                                                      0.000     0.000 r  
    W5                                                0.000     0.000 r  clk (IN)
                         net (fo=0)                   0.000     0.000    clk
    W5                   IBUF (Prop_ibuf_I_O)         1.458     1.458 r  clk_IBUF_inst/O
                         net (fo=1, routed)           1.967     3.425    clk_IBUF
    BUFGCTRL_X0Y0        BUFG (Prop_bufg_I_O)         0.096     3.521 r  clk_IBUF_BUFG_inst/O
                         net (fo=17251, routed)       1.610     5.131    u_sys/inst_kera_mem/clk_IBUF_BUFG
    RAMB36_X1Y7          RAMB36E1                                     r  u_sys/inst_kera_mem/omem_reg_5/CLKARDCLK
  -------------------------------------------------------------------    -------------------
    RAMB36_X1Y7          RAMB36E1 (Prop_ramb36e1_CLKARDCLK_DOADO[11])
                                                      2.454     7.585 f  u_sys/inst_kera_mem/omem_reg_5/DOADO[11]
                         net (fo=1, routed)           2.765    10.350    u_sys/res_line[371]
    SLICE_X9Y31          LUT6 (Prop_lut6_I0_O)        0.124    10.474 f  u_sys/seg_OBUF[6]_inst_i_216/O
                         net (fo=1, routed)           0.000    10.474    u_sys/seg_OBUF[6]_inst_i_216_n_0
    SLICE_X9Y31          MUXF7 (Prop_muxf7_I0_O)      0.212    10.686 f  u_sys/seg_OBUF[6]_inst_i_149/O
                         net (fo=1, routed)           0.000    10.686    u_sys/seg_OBUF[6]_inst_i_149_n_0
    SLICE_X9Y31          MUXF8 (Prop_muxf8_I1_O)      0.094    10.780 f  u_sys/seg_OBUF[6]_inst_i_75/O
                         net (fo=1, routed)           1.089    11.869    u_sys/inst_kera_mem/seg_OBUF[6]_inst_i_9_1
    SLICE_X29Y30         LUT5 (Prop_lut5_I2_O)        0.316    12.185 f  u_sys/inst_kera_mem/seg_OBUF[6]_inst_i_30/O
                         net (fo=1, routed)           0.433    12.618    u_sys/inst_kera_mem/seg_OBUF[6]_inst_i_30_n_0
    SLICE_X29Y30         LUT6 (Prop_lut6_I5_O)        0.124    12.742 f  u_sys/inst_kera_mem/seg_OBUF[6]_inst_i_9/O
                         net (fo=1, routed)           1.227    13.969    u_sys/inst_kera_mem/seg_OBUF[6]_inst_i_9_n_0
    SLICE_X31Y27         LUT6 (Prop_lut6_I5_O)        0.124    14.093 r  u_sys/inst_kera_mem/seg_OBUF[6]_inst_i_2/O
                         net (fo=7, routed)           1.077    15.170    u_sys/inst_kera_mem/seg_OBUF[6]_inst_i_2_n_0
    SLICE_X40Y24         LUT4 (Prop_lut4_I1_O)        0.124    15.294 r  u_sys/inst_kera_mem/seg_OBUF[2]_inst_i_1/O
                         net (fo=1, routed)           2.533    17.827    seg_OBUF[2]
    U8                   OBUF (Prop_obuf_I_O)         3.535    21.362 r  seg_OBUF[2]_inst/O
                         net (fo=0)                   0.000    21.362    seg[2]
    U8                                                                r  seg[2] (OUT)
  -------------------------------------------------------------------    -------------------

Slack:                    inf
  Source:                 u_sys/inst_fifo/wp_reg[0]/C
                            (rising edge-triggered cell FDCE clocked by sys_clk_pin  {rise@0.000ns fall@5.000ns period=10.000ns})
  Destination:            led[0]
                            (output port)
  Path Group:             (none)
  Path Type:              Max at Slow Process Corner
  Data Path Delay:        12.702ns  (logic 4.333ns (34.110%)  route 8.370ns (65.890%))
  Logic Levels:           4  (LUT3=1 LUT6=2 OBUF=1)
  Clock Uncertainty:      0.025ns  ((TSJ^2 + TIJ^2)^1/2 + DJ) / 2 + PE
    Total System Jitter     (TSJ):    0.050ns
    Total Input Jitter      (TIJ):    0.000ns
    Discrete Jitter          (DJ):    0.000ns
    Phase Error              (PE):    0.000ns

    Location             Delay type                Incr(ns)  Path(ns)    Netlist Resource(s)
  -------------------------------------------------------------------    -------------------
                         (clock sys_clk_pin rise edge)
                                                      0.000     0.000 r  
    W5                                                0.000     0.000 r  clk (IN)
                         net (fo=0)                   0.000     0.000    clk
    W5                   IBUF (Prop_ibuf_I_O)         1.458     1.458 r  clk_IBUF_inst/O
                         net (fo=1, routed)           1.967     3.425    clk_IBUF
    BUFGCTRL_X0Y0        BUFG (Prop_bufg_I_O)         0.096     3.521 r  clk_IBUF_BUFG_inst/O
                         net (fo=17251, routed)       1.548     5.069    u_sys/inst_fifo/clk_IBUF_BUFG
    SLICE_X31Y85         FDCE                                         r  u_sys/inst_fifo/wp_reg[0]/C
  -------------------------------------------------------------------    -------------------
    SLICE_X31Y85         FDCE (Prop_fdce_C_Q)         0.456     5.525 r  u_sys/inst_fifo/wp_reg[0]/Q
                         net (fo=22, routed)          2.072     7.596    u_sys/inst_fifo/wp_reg_n_0_[0]
    SLICE_X32Y61         LUT6 (Prop_lut6_I1_O)        0.124     7.720 r  u_sys/inst_fifo/dout[511]_i_3/O
                         net (fo=3, routed)           0.610     8.331    u_sys/inst_fifo/dout[511]_i_3_n_0
    SLICE_X32Y57         LUT6 (Prop_lut6_I3_O)        0.124     8.455 f  u_sys/inst_fifo/led_OBUF[0]_inst_i_2/O
                         net (fo=3, routed)           1.932    10.386    u_sys/inst_fifo/valid_read_reg_0
    SLICE_X42Y17         LUT3 (Prop_lut3_I2_O)        0.124    10.510 r  u_sys/inst_fifo/led_OBUF[0]_inst_i_1/O
                         net (fo=23, routed)          3.756    14.267    led_OBUF[0]
    U16                  OBUF (Prop_obuf_I_O)         3.505    17.771 r  led_OBUF[0]_inst/O
                         net (fo=0)                   0.000    17.771    led[0]
    U16                                                               r  led[0] (OUT)
  -------------------------------------------------------------------    -------------------

Slack:                    inf
  Source:                 u_sys/FSM_sequential_counter_state_reg[1]/C
                            (rising edge-triggered cell FDCE clocked by sys_clk_pin  {rise@0.000ns fall@5.000ns period=10.000ns})
  Destination:            led[4]
                            (output port)
  Path Group:             (none)
  Path Type:              Max at Slow Process Corner
  Data Path Delay:        10.590ns  (logic 4.151ns (39.192%)  route 6.440ns (60.808%))
  Logic Levels:           2  (LUT2=1 OBUF=1)
  Clock Uncertainty:      0.025ns  ((TSJ^2 + TIJ^2)^1/2 + DJ) / 2 + PE
    Total System Jitter     (TSJ):    0.050ns
    Total Input Jitter      (TIJ):    0.000ns
    Discrete Jitter          (DJ):    0.000ns
    Phase Error              (PE):    0.000ns

    Location             Delay type                Incr(ns)  Path(ns)    Netlist Resource(s)
  -------------------------------------------------------------------    -------------------
                         (clock sys_clk_pin rise edge)
                                                      0.000     0.000 r  
    W5                                                0.000     0.000 r  clk (IN)
                         net (fo=0)                   0.000     0.000    clk
    W5                   IBUF (Prop_ibuf_I_O)         1.458     1.458 r  clk_IBUF_inst/O
                         net (fo=1, routed)           1.967     3.425    clk_IBUF
    BUFGCTRL_X0Y0        BUFG (Prop_bufg_I_O)         0.096     3.521 r  clk_IBUF_BUFG_inst/O
                         net (fo=17251, routed)       1.558     5.079    u_sys/clk_IBUF_BUFG
    SLICE_X42Y16         FDCE                                         r  u_sys/FSM_sequential_counter_state_reg[1]/C
  -------------------------------------------------------------------    -------------------
    SLICE_X42Y16         FDCE (Prop_fdce_C_Q)         0.518     5.597 f  u_sys/FSM_sequential_counter_state_reg[1]/Q
                         net (fo=42, routed)          4.772    10.369    u_sys/led_OBUF[2]
    SLICE_X0Y17          LUT2 (Prop_lut2_I1_O)        0.124    10.493 r  u_sys/led_OBUF[4]_inst_i_1/O
                         net (fo=1, routed)           1.668    12.161    led_OBUF[4]
    W18                  OBUF (Prop_obuf_I_O)         3.509    15.670 r  led_OBUF[4]_inst/O
                         net (fo=0)                   0.000    15.670    led[4]
    W18                                                               r  led[4] (OUT)
  -------------------------------------------------------------------    -------------------

Slack:                    inf
  Source:                 u_sys/FSM_sequential_counter_state_reg[1]/C
                            (rising edge-triggered cell FDCE clocked by sys_clk_pin  {rise@0.000ns fall@5.000ns period=10.000ns})
  Destination:            led[5]
                            (output port)
  Path Group:             (none)
  Path Type:              Max at Slow Process Corner
  Data Path Delay:        9.910ns  (logic 4.032ns (40.693%)  route 5.877ns (59.307%))
  Logic Levels:           1  (OBUF=1)
  Clock Uncertainty:      0.025ns  ((TSJ^2 + TIJ^2)^1/2 + DJ) / 2 + PE
    Total System Jitter     (TSJ):    0.050ns
    Total Input Jitter      (TIJ):    0.000ns
    Discrete Jitter          (DJ):    0.000ns
    Phase Error              (PE):    0.000ns

    Location             Delay type                Incr(ns)  Path(ns)    Netlist Resource(s)
  -------------------------------------------------------------------    -------------------
                         (clock sys_clk_pin rise edge)
                                                      0.000     0.000 r  
    W5                                                0.000     0.000 r  clk (IN)
                         net (fo=0)                   0.000     0.000    clk
    W5                   IBUF (Prop_ibuf_I_O)         1.458     1.458 r  clk_IBUF_inst/O
                         net (fo=1, routed)           1.967     3.425    clk_IBUF
    BUFGCTRL_X0Y0        BUFG (Prop_bufg_I_O)         0.096     3.521 r  clk_IBUF_BUFG_inst/O
                         net (fo=17251, routed)       1.558     5.079    u_sys/clk_IBUF_BUFG
    SLICE_X42Y16         FDCE                                         r  u_sys/FSM_sequential_counter_state_reg[1]/C
  -------------------------------------------------------------------    -------------------
    SLICE_X42Y16         FDCE (Prop_fdce_C_Q)         0.518     5.597 r  u_sys/FSM_sequential_counter_state_reg[1]/Q
                         net (fo=42, routed)          5.877    11.474    led_OBUF[5]
    U15                  OBUF (Prop_obuf_I_O)         3.514    14.989 r  led_OBUF[5]_inst/O
                         net (fo=0)                   0.000    14.989    led[5]
    U15                                                               r  led[5] (OUT)
  -------------------------------------------------------------------    -------------------





Min Delay Paths
--------------------------------------------------------------------------------------
Slack:                    inf
  Source:                 u_ctrl/halt_reason_reg[0]/C
                            (rising edge-triggered cell FDRE clocked by sys_clk_pin  {rise@0.000ns fall@5.000ns period=10.000ns})
  Destination:            led[2]
                            (output port)
  Path Group:             (none)
  Path Type:              Min at Fast Process Corner
  Data Path Delay:        2.486ns  (logic 1.343ns (54.023%)  route 1.143ns (45.977%))
  Logic Levels:           1  (OBUF=1)
  Clock Uncertainty:      0.025ns  ((TSJ^2 + TIJ^2)^1/2 + DJ) / 2 + PE
    Total System Jitter     (TSJ):    0.050ns
    Total Input Jitter      (TIJ):    0.000ns
    Discrete Jitter          (DJ):    0.000ns
    Phase Error              (PE):    0.000ns

    Location             Delay type                Incr(ns)  Path(ns)    Netlist Resource(s)
  -------------------------------------------------------------------    -------------------
                         (clock sys_clk_pin rise edge)
                                                      0.000     0.000 r  
    W5                                                0.000     0.000 r  clk (IN)
                         net (fo=0)                   0.000     0.000    clk
    W5                   IBUF (Prop_ibuf_I_O)         0.226     0.226 r  clk_IBUF_inst/O
                         net (fo=1, routed)           0.631     0.858    clk_IBUF
    BUFGCTRL_X0Y0        BUFG (Prop_bufg_I_O)         0.026     0.884 r  clk_IBUF_BUFG_inst/O
                         net (fo=17251, routed)       0.565     1.448    u_ctrl/clk_IBUF_BUFG
    SLICE_X48Y7          FDRE                                         r  u_ctrl/halt_reason_reg[0]/C
  -------------------------------------------------------------------    -------------------
    SLICE_X48Y7          FDRE (Prop_fdre_C_Q)         0.141     1.589 r  u_ctrl/halt_reason_reg[0]/Q
                         net (fo=1, routed)           1.143     2.732    led_OBUF[2]
    U19                  OBUF (Prop_obuf_I_O)         1.202     3.934 r  led_OBUF[2]_inst/O
                         net (fo=0)                   0.000     3.934    led[2]
    U19                                                               r  led[2] (OUT)
  -------------------------------------------------------------------    -------------------

Slack:                    inf
  Source:                 u_ctrl/halt_reason_reg[1]/C
                            (rising edge-triggered cell FDRE clocked by sys_clk_pin  {rise@0.000ns fall@5.000ns period=10.000ns})
  Destination:            led[3]
                            (output port)
  Path Group:             (none)
  Path Type:              Min at Fast Process Corner
  Data Path Delay:        2.525ns  (logic 1.351ns (53.501%)  route 1.174ns (46.499%))
  Logic Levels:           1  (OBUF=1)
  Clock Uncertainty:      0.025ns  ((TSJ^2 + TIJ^2)^1/2 + DJ) / 2 + PE
    Total System Jitter     (TSJ):    0.050ns
    Total Input Jitter      (TIJ):    0.000ns
    Discrete Jitter          (DJ):    0.000ns
    Phase Error              (PE):    0.000ns

    Location             Delay type                Incr(ns)  Path(ns)    Netlist Resource(s)
  -------------------------------------------------------------------    -------------------
                         (clock sys_clk_pin rise edge)
                                                      0.000     0.000 r  
    W5                                                0.000     0.000 r  clk (IN)
                         net (fo=0)                   0.000     0.000    clk
    W5                   IBUF (Prop_ibuf_I_O)         0.226     0.226 r  clk_IBUF_inst/O
                         net (fo=1, routed)           0.631     0.858    clk_IBUF
    BUFGCTRL_X0Y0        BUFG (Prop_bufg_I_O)         0.026     0.884 r  clk_IBUF_BUFG_inst/O
                         net (fo=17251, routed)       0.565     1.448    u_ctrl/clk_IBUF_BUFG
    SLICE_X48Y7          FDRE                                         r  u_ctrl/halt_reason_reg[1]/C
  -------------------------------------------------------------------    -------------------
    SLICE_X48Y7          FDRE (Prop_fdre_C_Q)         0.141     1.589 r  u_ctrl/halt_reason_reg[1]/Q
                         net (fo=1, routed)           1.174     2.763    led_OBUF[3]
    V19                  OBUF (Prop_obuf_I_O)         1.210     3.974 r  led_OBUF[3]_inst/O
                         net (fo=0)                   0.000     3.974    led[3]
    V19                                                               r  led[3] (OUT)
  -------------------------------------------------------------------    -------------------

Slack:                    inf
  Source:                 refresh_counter_reg[18]/C
                            (rising edge-triggered cell FDRE clocked by sys_clk_pin  {rise@0.000ns fall@5.000ns period=10.000ns})
  Destination:            an[0]
                            (output port)
  Path Group:             (none)
  Path Type:              Min at Fast Process Corner
  Data Path Delay:        2.734ns  (logic 1.455ns (53.217%)  route 1.279ns (46.783%))
  Logic Levels:           2  (LUT2=1 OBUF=1)
  Clock Uncertainty:      0.025ns  ((TSJ^2 + TIJ^2)^1/2 + DJ) / 2 + PE
    Total System Jitter     (TSJ):    0.050ns
    Total Input Jitter      (TIJ):    0.000ns
    Discrete Jitter          (DJ):    0.000ns
    Phase Error              (PE):    0.000ns

    Location             Delay type                Incr(ns)  Path(ns)    Netlist Resource(s)
  -------------------------------------------------------------------    -------------------
                         (clock sys_clk_pin rise edge)
                                                      0.000     0.000 r  
    W5                                                0.000     0.000 r  clk (IN)
                         net (fo=0)                   0.000     0.000    clk
    W5                   IBUF (Prop_ibuf_I_O)         0.226     0.226 r  clk_IBUF_inst/O
                         net (fo=1, routed)           0.631     0.858    clk_IBUF
    BUFGCTRL_X0Y0        BUFG (Prop_bufg_I_O)         0.026     0.884 r  clk_IBUF_BUFG_inst/O
                         net (fo=17251, routed)       0.554     1.437    clk_IBUF_BUFG
    SLICE_X35Y30         FDRE                                         r  refresh_counter_reg[18]/C
  -------------------------------------------------------------------    -------------------
    SLICE_X35Y30         FDRE (Prop_fdre_C_Q)         0.141     1.578 r  refresh_counter_reg[18]/Q
                         net (fo=18, routed)          0.381     1.959    u_sys/inst_kera_mem/digit_sel[0]
    SLICE_X31Y27         LUT2 (Prop_lut2_I1_O)        0.045     2.004 r  u_sys/inst_kera_mem/an_OBUF[0]_inst_i_1/O
                         net (fo=2, routed)           0.898     2.902    an_OBUF[0]
    U2                   OBUF (Prop_obuf_I_O)         1.269     4.171 r  an_OBUF[0]_inst/O
                         net (fo=0)                   0.000     4.171    an[0]
    U2                                                                r  an[0] (OUT)
  -------------------------------------------------------------------    -------------------

Slack:                    inf
  Source:                 refresh_counter_reg[18]/C
                            (rising edge-triggered cell FDRE clocked by sys_clk_pin  {rise@0.000ns fall@5.000ns period=10.000ns})
  Destination:            an[2]
                            (output port)
  Path Group:             (none)
  Path Type:              Min at Fast Process Corner
  Data Path Delay:        2.762ns  (logic 1.410ns (51.047%)  route 1.352ns (48.953%))
  Logic Levels:           2  (LUT2=1 OBUF=1)
  Clock Uncertainty:      0.025ns  ((TSJ^2 + TIJ^2)^1/2 + DJ) / 2 + PE
    Total System Jitter     (TSJ):    0.050ns
    Total Input Jitter      (TIJ):    0.000ns
    Discrete Jitter          (DJ):    0.000ns
    Phase Error              (PE):    0.000ns

    Location             Delay type                Incr(ns)  Path(ns)    Netlist Resource(s)
  -------------------------------------------------------------------    -------------------
                         (clock sys_clk_pin rise edge)
                                                      0.000     0.000 r  
    W5                                                0.000     0.000 r  clk (IN)
                         net (fo=0)                   0.000     0.000    clk
    W5                   IBUF (Prop_ibuf_I_O)         0.226     0.226 r  clk_IBUF_inst/O
                         net (fo=1, routed)           0.631     0.858    clk_IBUF
    BUFGCTRL_X0Y0        BUFG (Prop_bufg_I_O)         0.026     0.884 r  clk_IBUF_BUFG_inst/O
                         net (fo=17251, routed)       0.554     1.437    clk_IBUF_BUFG
    SLICE_X35Y30         FDRE                                         r  refresh_counter_reg[18]/C
  -------------------------------------------------------------------    -------------------
    SLICE_X35Y30         FDRE (Prop_fdre_C_Q)         0.141     1.578 r  refresh_counter_reg[18]/Q
                         net (fo=18, routed)          0.465     2.043    u_sys/inst_kera_mem/digit_sel[0]
    SLICE_X31Y27         LUT2 (Prop_lut2_I0_O)        0.045     2.088 r  u_sys/inst_kera_mem/an_OBUF[2]_inst_i_1/O
                         net (fo=3, routed)           0.887     2.975    an_OBUF[2]
    V4                   OBUF (Prop_obuf_I_O)         1.224     4.199 r  an_OBUF[2]_inst/O
                         net (fo=0)                   0.000     4.199    an[2]
    V4                                                                r  an[2] (OUT)
  -------------------------------------------------------------------    -------------------

Slack:                    inf
  Source:                 refresh_counter_reg[18]/C
                            (rising edge-triggered cell FDRE clocked by sys_clk_pin  {rise@0.000ns fall@5.000ns period=10.000ns})
  Destination:            an[3]
                            (output port)
  Path Group:             (none)
  Path Type:              Min at Fast Process Corner
  Data Path Delay:        2.798ns  (logic 1.397ns (49.945%)  route 1.400ns (50.055%))
  Logic Levels:           2  (LUT2=1 OBUF=1)
  Clock Uncertainty:      0.025ns  ((TSJ^2 + TIJ^2)^1/2 + DJ) / 2 + PE
    Total System Jitter     (TSJ):    0.050ns
    Total Input Jitter      (TIJ):    0.000ns
    Discrete Jitter          (DJ):    0.000ns
    Phase Error              (PE):    0.000ns

    Location             Delay type                Incr(ns)  Path(ns)    Netlist Resource(s)
  -------------------------------------------------------------------    -------------------
                         (clock sys_clk_pin rise edge)
                                                      0.000     0.000 r  
    W5                                                0.000     0.000 r  clk (IN)
                         net (fo=0)                   0.000     0.000    clk
    W5                   IBUF (Prop_ibuf_I_O)         0.226     0.226 r  clk_IBUF_inst/O
                         net (fo=1, routed)           0.631     0.858    clk_IBUF
    BUFGCTRL_X0Y0        BUFG (Prop_bufg_I_O)         0.026     0.884 r  clk_IBUF_BUFG_inst/O
                         net (fo=17251, routed)       0.554     1.437    clk_IBUF_BUFG
    SLICE_X35Y30         FDRE                                         r  refresh_counter_reg[18]/C
  -------------------------------------------------------------------    -------------------
    SLICE_X35Y30         FDRE (Prop_fdre_C_Q)         0.141     1.578 f  refresh_counter_reg[18]/Q
                         net (fo=18, routed)          0.457     2.035    digit_sel[0]
    SLICE_X30Y27         LUT2 (Prop_lut2_I1_O)        0.045     2.080 r  an_OBUF[3]_inst_i_1/O
                         net (fo=1, routed)           0.944     3.024    an_OBUF[3]
    W4                   OBUF (Prop_obuf_I_O)         1.211     4.235 r  an_OBUF[3]_inst/O
                         net (fo=0)                   0.000     4.235    an[3]
    W4                                                                r  an[3] (OUT)
  -------------------------------------------------------------------    -------------------

Slack:                    inf
  Source:                 refresh_counter_reg[18]/C
                            (rising edge-triggered cell FDRE clocked by sys_clk_pin  {rise@0.000ns fall@5.000ns period=10.000ns})
  Destination:            an[1]
                            (output port)
  Path Group:             (none)
  Path Type:              Min at Fast Process Corner
  Data Path Delay:        2.866ns  (logic 1.386ns (48.377%)  route 1.479ns (51.623%))
  Logic Levels:           2  (LUT2=1 OBUF=1)
  Clock Uncertainty:      0.025ns  ((TSJ^2 + TIJ^2)^1/2 + DJ) / 2 + PE
    Total System Jitter     (TSJ):    0.050ns
    Total Input Jitter      (TIJ):    0.000ns
    Discrete Jitter          (DJ):    0.000ns
    Phase Error              (PE):    0.000ns

    Location             Delay type                Incr(ns)  Path(ns)    Netlist Resource(s)
  -------------------------------------------------------------------    -------------------
                         (clock sys_clk_pin rise edge)
                                                      0.000     0.000 r  
    W5                                                0.000     0.000 r  clk (IN)
                         net (fo=0)                   0.000     0.000    clk
    W5                   IBUF (Prop_ibuf_I_O)         0.226     0.226 r  clk_IBUF_inst/O
                         net (fo=1, routed)           0.631     0.858    clk_IBUF
    BUFGCTRL_X0Y0        BUFG (Prop_bufg_I_O)         0.026     0.884 r  clk_IBUF_BUFG_inst/O
                         net (fo=17251, routed)       0.554     1.437    clk_IBUF_BUFG
    SLICE_X35Y30         FDRE                                         r  refresh_counter_reg[18]/C
  -------------------------------------------------------------------    -------------------
    SLICE_X35Y30         FDRE (Prop_fdre_C_Q)         0.141     1.578 f  refresh_counter_reg[18]/Q
                         net (fo=18, routed)          0.466     2.044    u_sys/inst_kera_mem/digit_sel[0]
    SLICE_X31Y27         LUT2 (Prop_lut2_I1_O)        0.045     2.089 r  u_sys/inst_kera_mem/an_OBUF[1]_inst_i_1/O
                         net (fo=2, routed)           1.013     3.102    an_OBUF[1]
    U4                   OBUF (Prop_obuf_I_O)         1.200     4.303 r  an_OBUF[1]_inst/O
                         net (fo=0)                   0.000     4.303    an[1]
    U4                                                                r  an[1] (OUT)
  -------------------------------------------------------------------    -------------------

Slack:                    inf
  Source:                 u_ctrl/done_reg/C
                            (rising edge-triggered cell FDRE clocked by sys_clk_pin  {rise@0.000ns fall@5.000ns period=10.000ns})
  Destination:            led[1]
                            (output port)
  Path Group:             (none)
  Path Type:              Min at Fast Process Corner
  Data Path Delay:        2.923ns  (logic 1.413ns (48.323%)  route 1.511ns (51.677%))
  Logic Levels:           1  (OBUF=1)
  Clock Uncertainty:      0.025ns  ((TSJ^2 + TIJ^2)^1/2 + DJ) / 2 + PE
    Total System Jitter     (TSJ):    0.050ns
    Total Input Jitter      (TIJ):    0.000ns
    Discrete Jitter          (DJ):    0.000ns
    Phase Error              (PE):    0.000ns

    Location             Delay type                Incr(ns)  Path(ns)    Netlist Resource(s)
  -------------------------------------------------------------------    -------------------
                         (clock sys_clk_pin rise edge)
                                                      0.000     0.000 r  
    W5                                                0.000     0.000 r  clk (IN)
                         net (fo=0)                   0.000     0.000    clk
    W5                   IBUF (Prop_ibuf_I_O)         0.226     0.226 r  clk_IBUF_inst/O
                         net (fo=1, routed)           0.631     0.858    clk_IBUF
    BUFGCTRL_X0Y0        BUFG (Prop_bufg_I_O)         0.026     0.884 r  clk_IBUF_BUFG_inst/O
                         net (fo=17251, routed)       0.565     1.448    u_ctrl/clk_IBUF_BUFG
    SLICE_X48Y7          FDRE                                         r  u_ctrl/done_reg/C
  -------------------------------------------------------------------    -------------------
    SLICE_X48Y7          FDRE (Prop_fdre_C_Q)         0.128     1.576 r  u_ctrl/done_reg/Q
                         net (fo=1, routed)           1.511     3.087    led_OBUF[1]
    E19                  OBUF (Prop_obuf_I_O)         1.285     4.371 r  led_OBUF[1]_inst/O
                         net (fo=0)                   0.000     4.371    led[1]
    E19                                                               r  led[1] (OUT)
  -------------------------------------------------------------------    -------------------

Slack:                    inf
  Source:                 u_sys/FSM_sequential_counter_state_reg[1]/C
                            (rising edge-triggered cell FDCE clocked by sys_clk_pin  {rise@0.000ns fall@5.000ns period=10.000ns})
  Destination:            led[0]
                            (output port)
  Path Group:             (none)
  Path Type:              Min at Fast Process Corner
  Data Path Delay:        3.059ns  (logic 1.415ns (46.251%)  route 1.644ns (53.749%))
  Logic Levels:           2  (LUT3=1 OBUF=1)
  Clock Uncertainty:      0.025ns  ((TSJ^2 + TIJ^2)^1/2 + DJ) / 2 + PE
    Total System Jitter     (TSJ):    0.050ns
    Total Input Jitter      (TIJ):    0.000ns
    Discrete Jitter          (DJ):    0.000ns
    Phase Error              (PE):    0.000ns

    Location             Delay type                Incr(ns)  Path(ns)    Netlist Resource(s)
  -------------------------------------------------------------------    -------------------
                         (clock sys_clk_pin rise edge)
                                                      0.000     0.000 r  
    W5                                                0.000     0.000 r  clk (IN)
                         net (fo=0)                   0.000     0.000    clk
    W5                   IBUF (Prop_ibuf_I_O)         0.226     0.226 r  clk_IBUF_inst/O
                         net (fo=1, routed)           0.631     0.858    clk_IBUF
    BUFGCTRL_X0Y0        BUFG (Prop_bufg_I_O)         0.026     0.884 r  clk_IBUF_BUFG_inst/O
                         net (fo=17251, routed)       0.558     1.441    u_sys/clk_IBUF_BUFG
    SLICE_X42Y16         FDCE                                         r  u_sys/FSM_sequential_counter_state_reg[1]/C
  -------------------------------------------------------------------    -------------------
    SLICE_X42Y16         FDCE (Prop_fdce_C_Q)         0.164     1.605 f  u_sys/FSM_sequential_counter_state_reg[1]/Q
                         net (fo=42, routed)          0.235     1.840    u_sys/inst_fifo/Q[1]
    SLICE_X42Y17         LUT3 (Prop_lut3_I0_O)        0.045     1.885 r  u_sys/inst_fifo/led_OBUF[0]_inst_i_1/O
                         net (fo=23, routed)          1.409     3.294    led_OBUF[0]
    U16                  OBUF (Prop_obuf_I_O)         1.206     4.500 r  led_OBUF[0]_inst/O
                         net (fo=0)                   0.000     4.500    led[0]
    U16                                                               r  led[0] (OUT)
  -------------------------------------------------------------------    -------------------

Slack:                    inf
  Source:                 refresh_counter_reg[18]/C
                            (rising edge-triggered cell FDRE clocked by sys_clk_pin  {rise@0.000ns fall@5.000ns period=10.000ns})
  Destination:            seg[1]
                            (output port)
  Path Group:             (none)
  Path Type:              Min at Fast Process Corner
  Data Path Delay:        3.114ns  (logic 1.506ns (48.366%)  route 1.608ns (51.634%))
  Logic Levels:           4  (LUT4=1 LUT5=1 LUT6=1 OBUF=1)
  Clock Uncertainty:      0.025ns  ((TSJ^2 + TIJ^2)^1/2 + DJ) / 2 + PE
    Total System Jitter     (TSJ):    0.050ns
    Total Input Jitter      (TIJ):    0.000ns
    Discrete Jitter          (DJ):    0.000ns
    Phase Error              (PE):    0.000ns

    Location             Delay type                Incr(ns)  Path(ns)    Netlist Resource(s)
  -------------------------------------------------------------------    -------------------
                         (clock sys_clk_pin rise edge)
                                                      0.000     0.000 r  
    W5                                                0.000     0.000 r  clk (IN)
                         net (fo=0)                   0.000     0.000    clk
    W5                   IBUF (Prop_ibuf_I_O)         0.226     0.226 r  clk_IBUF_inst/O
                         net (fo=1, routed)           0.631     0.858    clk_IBUF
    BUFGCTRL_X0Y0        BUFG (Prop_bufg_I_O)         0.026     0.884 r  clk_IBUF_BUFG_inst/O
                         net (fo=17251, routed)       0.554     1.437    clk_IBUF_BUFG
    SLICE_X35Y30         FDRE                                         r  refresh_counter_reg[18]/C
  -------------------------------------------------------------------    -------------------
    SLICE_X35Y30         FDRE (Prop_fdre_C_Q)         0.141     1.578 f  refresh_counter_reg[18]/Q
                         net (fo=18, routed)          0.381     1.959    u_sys/inst_kera_mem/digit_sel[0]
    SLICE_X31Y27         LUT5 (Prop_lut5_I3_O)        0.045     2.004 f  u_sys/inst_kera_mem/seg_OBUF[6]_inst_i_10/O
                         net (fo=1, routed)           0.110     2.114    u_sys/inst_kera_mem/seg_OBUF[6]_inst_i_10_n_0
    SLICE_X30Y26         LUT6 (Prop_lut6_I0_O)        0.045     2.159 r  u_sys/inst_kera_mem/seg_OBUF[6]_inst_i_3/O
                         net (fo=7, routed)           0.412     2.571    u_sys/inst_kera_mem/seg_OBUF[6]_inst_i_3_n_0
    SLICE_X40Y24         LUT4 (Prop_lut4_I0_O)        0.045     2.616 r  u_sys/inst_kera_mem/seg_OBUF[1]_inst_i_1/O
                         net (fo=1, routed)           0.705     3.321    seg_OBUF[1]
    W6                   OBUF (Prop_obuf_I_O)         1.230     4.551 r  seg_OBUF[1]_inst/O
                         net (fo=0)                   0.000     4.551    seg[1]
    W6                                                                r  seg[1] (OUT)
  -------------------------------------------------------------------    -------------------

Slack:                    inf
  Source:                 refresh_counter_reg[18]/C
                            (rising edge-triggered cell FDRE clocked by sys_clk_pin  {rise@0.000ns fall@5.000ns period=10.000ns})
  Destination:            seg[2]
                            (output port)
  Path Group:             (none)
  Path Type:              Min at Fast Process Corner
  Data Path Delay:        3.190ns  (logic 1.512ns (47.393%)  route 1.678ns (52.607%))
  Logic Levels:           4  (LUT4=1 LUT6=2 OBUF=1)
  Clock Uncertainty:      0.025ns  ((TSJ^2 + TIJ^2)^1/2 + DJ) / 2 + PE
    Total System Jitter     (TSJ):    0.050ns
    Total Input Jitter      (TIJ):    0.000ns
    Discrete Jitter          (DJ):    0.000ns
    Phase Error              (PE):    0.000ns

    Location             Delay type                Incr(ns)  Path(ns)    Netlist Resource(s)
  -------------------------------------------------------------------    -------------------
                         (clock sys_clk_pin rise edge)
                                                      0.000     0.000 r  
    W5                                                0.000     0.000 r  clk (IN)
                         net (fo=0)                   0.000     0.000    clk
    W5                   IBUF (Prop_ibuf_I_O)         0.226     0.226 r  clk_IBUF_inst/O
                         net (fo=1, routed)           0.631     0.858    clk_IBUF
    BUFGCTRL_X0Y0        BUFG (Prop_bufg_I_O)         0.026     0.884 r  clk_IBUF_BUFG_inst/O
                         net (fo=17251, routed)       0.554     1.437    clk_IBUF_BUFG
    SLICE_X35Y30         FDRE                                         r  refresh_counter_reg[18]/C
  -------------------------------------------------------------------    -------------------
    SLICE_X35Y30         FDRE (Prop_fdre_C_Q)         0.141     1.578 r  refresh_counter_reg[18]/Q
                         net (fo=18, routed)          0.334     1.912    u_sys/inst_kera_mem/digit_sel[0]
    SLICE_X29Y28         LUT6 (Prop_lut6_I1_O)        0.045     1.957 r  u_sys/inst_kera_mem/seg_OBUF[6]_inst_i_21/O
                         net (fo=1, routed)           0.193     2.150    u_sys/inst_kera_mem/seg_OBUF[6]_inst_i_21_n_0
    SLICE_X30Y27         LUT6 (Prop_lut6_I5_O)        0.045     2.195 r  u_sys/inst_kera_mem/seg_OBUF[6]_inst_i_5/O
                         net (fo=7, routed)           0.377     2.572    u_sys/inst_kera_mem/seg_OBUF[6]_inst_i_5_n_0
    SLICE_X40Y24         LUT4 (Prop_lut4_I2_O)        0.045     2.617 r  u_sys/inst_kera_mem/seg_OBUF[2]_inst_i_1/O
                         net (fo=1, routed)           0.774     3.391    seg_OBUF[2]
    U8                   OBUF (Prop_obuf_I_O)         1.236     4.627 r  seg_OBUF[2]_inst/O
                         net (fo=0)                   0.000     4.627    seg[2]
    U8                                                                r  seg[2] (OUT)
  -------------------------------------------------------------------    -------------------





--------------------------------------------------------------------------------------
Path Group:  (none)
From Clock:  
  To Clock:  sys_clk_pin

Max Delay            62 Endpoints
Min Delay            62 Endpoints
--------------------------------------------------------------------------------------


Max Delay Paths
--------------------------------------------------------------------------------------
Slack:                    inf
  Source:                 sw[8]
                            (input port)
  Destination:            u_sys/inst_kera_mem/omem_reg_3/ADDRARDADDR[10]
                            (rising edge-triggered cell RAMB36E1 clocked by sys_clk_pin  {rise@0.000ns fall@5.000ns period=10.000ns})
  Path Group:             (none)
  Path Type:              Setup (Max at Slow Process Corner)
  Data Path Delay:        6.077ns  (logic 1.454ns (23.935%)  route 4.622ns (76.065%))
  Logic Levels:           1  (IBUF=1)
  Clock Path Skew:        4.819ns (DCD - SCD + CPR)
    Destination Clock Delay (DCD):    4.819ns
    Source Clock Delay      (SCD):    0.000ns
    Clock Pessimism Removal (CPR):    0.000ns
  Clock Uncertainty:      0.025ns  ((TSJ^2 + TIJ^2)^1/2 + DJ) / 2 + PE
    Total System Jitter     (TSJ):    0.050ns
    Total Input Jitter      (TIJ):    0.000ns
    Discrete Jitter          (DJ):    0.000ns
    Phase Error              (PE):    0.000ns

    Location             Delay type                Incr(ns)  Path(ns)    Netlist Resource(s)
  -------------------------------------------------------------------    -------------------
    V2                                                0.000     0.000 r  sw[8] (IN)
                         net (fo=0)                   0.000     0.000    sw[8]
    V2                   IBUF (Prop_ibuf_I_O)         1.454     1.454 r  sw_IBUF[8]_inst/O
                         net (fo=9, routed)           4.622     6.077    u_sys/inst_kera_mem/omem_reg_7_0[8]
    RAMB36_X0Y4          RAMB36E1                                     r  u_sys/inst_kera_mem/omem_reg_3/ADDRARDADDR[10]
  -------------------------------------------------------------------    -------------------

                         (clock sys_clk_pin rise edge)
                                                      0.000     0.000 r  
    W5                                                0.000     0.000 r  clk (IN)
                         net (fo=0)                   0.000     0.000    clk
    W5                   IBUF (Prop_ibuf_I_O)         1.388     1.388 r  clk_IBUF_inst/O
                         net (fo=1, routed)           1.862     3.250    clk_IBUF
    BUFGCTRL_X0Y0        BUFG (Prop_bufg_I_O)         0.091     3.341 r  clk_IBUF_BUFG_inst/O
                         net (fo=17251, routed)       1.478     4.819    u_sys/inst_kera_mem/clk_IBUF_BUFG
    RAMB36_X0Y4          RAMB36E1                                     r  u_sys/inst_kera_mem/omem_reg_3/CLKARDCLK

Slack:                    inf
  Source:                 sw[8]
                            (input port)
  Destination:            u_sys/inst_kera_mem/omem_reg_0/ADDRARDADDR[10]
                            (rising edge-triggered cell RAMB36E1 clocked by sys_clk_pin  {rise@0.000ns fall@5.000ns period=10.000ns})
  Path Group:             (none)
  Path Type:              Setup (Max at Slow Process Corner)
  Data Path Delay:        5.739ns  (logic 1.454ns (25.345%)  route 4.284ns (74.655%))
  Logic Levels:           1  (IBUF=1)
  Clock Path Skew:        4.822ns (DCD - SCD + CPR)
    Destination Clock Delay (DCD):    4.822ns
    Source Clock Delay      (SCD):    0.000ns
    Clock Pessimism Removal (CPR):    0.000ns
  Clock Uncertainty:      0.025ns  ((TSJ^2 + TIJ^2)^1/2 + DJ) / 2 + PE
    Total System Jitter     (TSJ):    0.050ns
    Total Input Jitter      (TIJ):    0.000ns
    Discrete Jitter          (DJ):    0.000ns
    Phase Error              (PE):    0.000ns

    Location             Delay type                Incr(ns)  Path(ns)    Netlist Resource(s)
  -------------------------------------------------------------------    -------------------
    V2                                                0.000     0.000 r  sw[8] (IN)
                         net (fo=0)                   0.000     0.000    sw[8]
    V2                   IBUF (Prop_ibuf_I_O)         1.454     1.454 r  sw_IBUF[8]_inst/O
                         net (fo=9, routed)           4.284     5.739    u_sys/inst_kera_mem/omem_reg_7_0[8]
    RAMB36_X0Y5          RAMB36E1                                     r  u_sys/inst_kera_mem/omem_reg_0/ADDRARDADDR[10]
  -------------------------------------------------------------------    -------------------

                         (clock sys_clk_pin rise edge)
                                                      0.000     0.000 r  
    W5                                                0.000     0.000 r  clk (IN)
                         net (fo=0)                   0.000     0.000    clk
    W5                   IBUF (Prop_ibuf_I_O)         1.388     1.388 r  clk_IBUF_inst/O
                         net (fo=1, routed)           1.862     3.250    clk_IBUF
    BUFGCTRL_X0Y0        BUFG (Prop_bufg_I_O)         0.091     3.341 r  clk_IBUF_BUFG_inst/O
                         net (fo=17251, routed)       1.481     4.822    u_sys/inst_kera_mem/clk_IBUF_BUFG
    RAMB36_X0Y5          RAMB36E1                                     r  u_sys/inst_kera_mem/omem_reg_0/CLKARDCLK

Slack:                    inf
  Source:                 sw[7]
                            (input port)
  Destination:            u_sys/inst_kera_mem/omem_reg_5/ADDRARDADDR[9]
                            (rising edge-triggered cell RAMB36E1 clocked by sys_clk_pin  {rise@0.000ns fall@5.000ns period=10.000ns})
  Path Group:             (none)
  Path Type:              Setup (Max at Slow Process Corner)
  Data Path Delay:        5.541ns  (logic 1.459ns (26.331%)  route 4.082ns (73.669%))
  Logic Levels:           1  (IBUF=1)
  Clock Path Skew:        4.832ns (DCD - SCD + CPR)
    Destination Clock Delay (DCD):    4.832ns
    Source Clock Delay      (SCD):    0.000ns
    Clock Pessimism Removal (CPR):    0.000ns
  Clock Uncertainty:      0.025ns  ((TSJ^2 + TIJ^2)^1/2 + DJ) / 2 + PE
    Total System Jitter     (TSJ):    0.050ns
    Total Input Jitter      (TIJ):    0.000ns
    Discrete Jitter          (DJ):    0.000ns
    Phase Error              (PE):    0.000ns

    Location             Delay type                Incr(ns)  Path(ns)    Netlist Resource(s)
  -------------------------------------------------------------------    -------------------
    W13                                               0.000     0.000 r  sw[7] (IN)
                         net (fo=0)                   0.000     0.000    sw[7]
    W13                  IBUF (Prop_ibuf_I_O)         1.459     1.459 r  sw_IBUF[7]_inst/O
                         net (fo=9, routed)           4.082     5.541    u_sys/inst_kera_mem/omem_reg_7_0[7]
    RAMB36_X1Y7          RAMB36E1                                     r  u_sys/inst_kera_mem/omem_reg_5/ADDRARDADDR[9]
  -------------------------------------------------------------------    -------------------

                         (clock sys_clk_pin rise edge)
                                                      0.000     0.000 r  
    W5                                                0.000     0.000 r  clk (IN)
                         net (fo=0)                   0.000     0.000    clk
    W5                   IBUF (Prop_ibuf_I_O)         1.388     1.388 r  clk_IBUF_inst/O
                         net (fo=1, routed)           1.862     3.250    clk_IBUF
    BUFGCTRL_X0Y0        BUFG (Prop_bufg_I_O)         0.091     3.341 r  clk_IBUF_BUFG_inst/O
                         net (fo=17251, routed)       1.491     4.832    u_sys/inst_kera_mem/clk_IBUF_BUFG
    RAMB36_X1Y7          RAMB36E1                                     r  u_sys/inst_kera_mem/omem_reg_5/CLKARDCLK

Slack:                    inf
  Source:                 sw[8]
                            (input port)
  Destination:            u_sys/inst_kera_mem/omem_reg_6/ADDRARDADDR[10]
                            (rising edge-triggered cell RAMB36E1 clocked by sys_clk_pin  {rise@0.000ns fall@5.000ns period=10.000ns})
  Path Group:             (none)
  Path Type:              Setup (Max at Slow Process Corner)
  Data Path Delay:        5.401ns  (logic 1.454ns (26.931%)  route 3.946ns (73.069%))
  Logic Levels:           1  (IBUF=1)
  Clock Path Skew:        4.827ns (DCD - SCD + CPR)
    Destination Clock Delay (DCD):    4.827ns
    Source Clock Delay      (SCD):    0.000ns
    Clock Pessimism Removal (CPR):    0.000ns
  Clock Uncertainty:      0.025ns  ((TSJ^2 + TIJ^2)^1/2 + DJ) / 2 + PE
    Total System Jitter     (TSJ):    0.050ns
    Total Input Jitter      (TIJ):    0.000ns
    Discrete Jitter          (DJ):    0.000ns
    Phase Error              (PE):    0.000ns

    Location             Delay type                Incr(ns)  Path(ns)    Netlist Resource(s)
  -------------------------------------------------------------------    -------------------
    V2                                                0.000     0.000 r  sw[8] (IN)
                         net (fo=0)                   0.000     0.000    sw[8]
    V2                   IBUF (Prop_ibuf_I_O)         1.454     1.454 r  sw_IBUF[8]_inst/O
                         net (fo=9, routed)           3.946     5.401    u_sys/inst_kera_mem/omem_reg_7_0[8]
    RAMB36_X0Y6          RAMB36E1                                     r  u_sys/inst_kera_mem/omem_reg_6/ADDRARDADDR[10]
  -------------------------------------------------------------------    -------------------

                         (clock sys_clk_pin rise edge)
                                                      0.000     0.000 r  
    W5                                                0.000     0.000 r  clk (IN)
                         net (fo=0)                   0.000     0.000    clk
    W5                   IBUF (Prop_ibuf_I_O)         1.388     1.388 r  clk_IBUF_inst/O
                         net (fo=1, routed)           1.862     3.250    clk_IBUF
    BUFGCTRL_X0Y0        BUFG (Prop_bufg_I_O)         0.091     3.341 r  clk_IBUF_BUFG_inst/O
                         net (fo=17251, routed)       1.486     4.827    u_sys/inst_kera_mem/clk_IBUF_BUFG
    RAMB36_X0Y6          RAMB36E1                                     r  u_sys/inst_kera_mem/omem_reg_6/CLKARDCLK

Slack:                    inf
  Source:                 sw[9]
                            (input port)
  Destination:            u_sys/inst_kera_mem/omem_reg_3/ADDRARDADDR[11]
                            (rising edge-triggered cell RAMB36E1 clocked by sys_clk_pin  {rise@0.000ns fall@5.000ns period=10.000ns})
  Path Group:             (none)
  Path Type:              Setup (Max at Slow Process Corner)
  Data Path Delay:        5.352ns  (logic 1.452ns (27.135%)  route 3.900ns (72.865%))
  Logic Levels:           1  (IBUF=1)
  Clock Path Skew:        4.819ns (DCD - SCD + CPR)
    Destination Clock Delay (DCD):    4.819ns
    Source Clock Delay      (SCD):    0.000ns
    Clock Pessimism Removal (CPR):    0.000ns
  Clock Uncertainty:      0.025ns  ((TSJ^2 + TIJ^2)^1/2 + DJ) / 2 + PE
    Total System Jitter     (TSJ):    0.050ns
    Total Input Jitter      (TIJ):    0.000ns
    Discrete Jitter          (DJ):    0.000ns
    Phase Error              (PE):    0.000ns

    Location             Delay type                Incr(ns)  Path(ns)    Netlist Resource(s)
  -------------------------------------------------------------------    -------------------
    T3                                                0.000     0.000 r  sw[9] (IN)
                         net (fo=0)                   0.000     0.000    sw[9]
    T3                   IBUF (Prop_ibuf_I_O)         1.452     1.452 r  sw_IBUF[9]_inst/O
                         net (fo=9, routed)           3.900     5.352    u_sys/inst_kera_mem/omem_reg_7_0[9]
    RAMB36_X0Y4          RAMB36E1                                     r  u_sys/inst_kera_mem/omem_reg_3/ADDRARDADDR[11]
  -------------------------------------------------------------------    -------------------

                         (clock sys_clk_pin rise edge)
                                                      0.000     0.000 r  
    W5                                                0.000     0.000 r  clk (IN)
                         net (fo=0)                   0.000     0.000    clk
    W5                   IBUF (Prop_ibuf_I_O)         1.388     1.388 r  clk_IBUF_inst/O
                         net (fo=1, routed)           1.862     3.250    clk_IBUF
    BUFGCTRL_X0Y0        BUFG (Prop_bufg_I_O)         0.091     3.341 r  clk_IBUF_BUFG_inst/O
                         net (fo=17251, routed)       1.478     4.819    u_sys/inst_kera_mem/clk_IBUF_BUFG
    RAMB36_X0Y4          RAMB36E1                                     r  u_sys/inst_kera_mem/omem_reg_3/CLKARDCLK

Slack:                    inf
  Source:                 sw[4]
                            (input port)
  Destination:            u_sys/inst_kera_mem/omem_reg_5/ADDRARDADDR[6]
                            (rising edge-triggered cell RAMB36E1 clocked by sys_clk_pin  {rise@0.000ns fall@5.000ns period=10.000ns})
  Path Group:             (none)
  Path Type:              Setup (Max at Slow Process Corner)
  Data Path Delay:        5.287ns  (logic 1.451ns (27.442%)  route 3.836ns (72.558%))
  Logic Levels:           1  (IBUF=1)
  Clock Path Skew:        4.832ns (DCD - SCD + CPR)
    Destination Clock Delay (DCD):    4.832ns
    Source Clock Delay      (SCD):    0.000ns
    Clock Pessimism Removal (CPR):    0.000ns
  Clock Uncertainty:      0.025ns  ((TSJ^2 + TIJ^2)^1/2 + DJ) / 2 + PE
    Total System Jitter     (TSJ):    0.050ns
    Total Input Jitter      (TIJ):    0.000ns
    Discrete Jitter          (DJ):    0.000ns
    Phase Error              (PE):    0.000ns

    Location             Delay type                Incr(ns)  Path(ns)    Netlist Resource(s)
  -------------------------------------------------------------------    -------------------
    W15                                               0.000     0.000 r  sw[4] (IN)
                         net (fo=0)                   0.000     0.000    sw[4]
    W15                  IBUF (Prop_ibuf_I_O)         1.451     1.451 r  sw_IBUF[4]_inst/O
                         net (fo=9, routed)           3.836     5.287    u_sys/inst_kera_mem/omem_reg_7_0[4]
    RAMB36_X1Y7          RAMB36E1                                     r  u_sys/inst_kera_mem/omem_reg_5/ADDRARDADDR[6]
  -------------------------------------------------------------------    -------------------

                         (clock sys_clk_pin rise edge)
                                                      0.000     0.000 r  
    W5                                                0.000     0.000 r  clk (IN)
                         net (fo=0)                   0.000     0.000    clk
    W5                   IBUF (Prop_ibuf_I_O)         1.388     1.388 r  clk_IBUF_inst/O
                         net (fo=1, routed)           1.862     3.250    clk_IBUF
    BUFGCTRL_X0Y0        BUFG (Prop_bufg_I_O)         0.091     3.341 r  clk_IBUF_BUFG_inst/O
                         net (fo=17251, routed)       1.491     4.832    u_sys/inst_kera_mem/clk_IBUF_BUFG
    RAMB36_X1Y7          RAMB36E1                                     r  u_sys/inst_kera_mem/omem_reg_5/CLKARDCLK

Slack:                    inf
  Source:                 sw[10]
                            (input port)
  Destination:            u_sys/inst_kera_mem/omem_reg_3/ADDRARDADDR[12]
                            (rising edge-triggered cell RAMB36E1 clocked by sys_clk_pin  {rise@0.000ns fall@5.000ns period=10.000ns})
  Path Group:             (none)
  Path Type:              Setup (Max at Slow Process Corner)
  Data Path Delay:        5.280ns  (logic 1.458ns (27.613%)  route 3.822ns (72.387%))
  Logic Levels:           1  (IBUF=1)
  Clock Path Skew:        4.819ns (DCD - SCD + CPR)
    Destination Clock Delay (DCD):    4.819ns
    Source Clock Delay      (SCD):    0.000ns
    Clock Pessimism Removal (CPR):    0.000ns
  Clock Uncertainty:      0.025ns  ((TSJ^2 + TIJ^2)^1/2 + DJ) / 2 + PE
    Total System Jitter     (TSJ):    0.050ns
    Total Input Jitter      (TIJ):    0.000ns
    Discrete Jitter          (DJ):    0.000ns
    Phase Error              (PE):    0.000ns

    Location             Delay type                Incr(ns)  Path(ns)    Netlist Resource(s)
  -------------------------------------------------------------------    -------------------
    T2                                                0.000     0.000 r  sw[10] (IN)
                         net (fo=0)                   0.000     0.000    sw[10]
    T2                   IBUF (Prop_ibuf_I_O)         1.458     1.458 r  sw_IBUF[10]_inst/O
                         net (fo=8, routed)           3.822     5.280    u_sys/inst_kera_mem/sw_IBUF[0]
    RAMB36_X0Y4          RAMB36E1                                     r  u_sys/inst_kera_mem/omem_reg_3/ADDRARDADDR[12]
  -------------------------------------------------------------------    -------------------

                         (clock sys_clk_pin rise edge)
                                                      0.000     0.000 r  
    W5                                                0.000     0.000 r  clk (IN)
                         net (fo=0)                   0.000     0.000    clk
    W5                   IBUF (Prop_ibuf_I_O)         1.388     1.388 r  clk_IBUF_inst/O
                         net (fo=1, routed)           1.862     3.250    clk_IBUF
    BUFGCTRL_X0Y0        BUFG (Prop_bufg_I_O)         0.091     3.341 r  clk_IBUF_BUFG_inst/O
                         net (fo=17251, routed)       1.478     4.819    u_sys/inst_kera_mem/clk_IBUF_BUFG
    RAMB36_X0Y4          RAMB36E1                                     r  u_sys/inst_kera_mem/omem_reg_3/CLKARDCLK

Slack:                    inf
  Source:                 sw[7]
                            (input port)
  Destination:            u_sys/inst_kera_mem/omem_reg_1/ADDRARDADDR[9]
                            (rising edge-triggered cell RAMB36E1 clocked by sys_clk_pin  {rise@0.000ns fall@5.000ns period=10.000ns})
  Path Group:             (none)
  Path Type:              Setup (Max at Slow Process Corner)
  Data Path Delay:        5.203ns  (logic 1.459ns (28.042%)  route 3.744ns (71.958%))
  Logic Levels:           1  (IBUF=1)
  Clock Path Skew:        4.828ns (DCD - SCD + CPR)
    Destination Clock Delay (DCD):    4.828ns
    Source Clock Delay      (SCD):    0.000ns
    Clock Pessimism Removal (CPR):    0.000ns
  Clock Uncertainty:      0.025ns  ((TSJ^2 + TIJ^2)^1/2 + DJ) / 2 + PE
    Total System Jitter     (TSJ):    0.050ns
    Total Input Jitter      (TIJ):    0.000ns
    Discrete Jitter          (DJ):    0.000ns
    Phase Error              (PE):    0.000ns

    Location             Delay type                Incr(ns)  Path(ns)    Netlist Resource(s)
  -------------------------------------------------------------------    -------------------
    W13                                               0.000     0.000 r  sw[7] (IN)
                         net (fo=0)                   0.000     0.000    sw[7]
    W13                  IBUF (Prop_ibuf_I_O)         1.459     1.459 r  sw_IBUF[7]_inst/O
                         net (fo=9, routed)           3.744     5.203    u_sys/inst_kera_mem/omem_reg_7_0[7]
    RAMB36_X1Y6          RAMB36E1                                     r  u_sys/inst_kera_mem/omem_reg_1/ADDRARDADDR[9]
  -------------------------------------------------------------------    -------------------

                         (clock sys_clk_pin rise edge)
                                                      0.000     0.000 r  
    W5                                                0.000     0.000 r  clk (IN)
                         net (fo=0)                   0.000     0.000    clk
    W5                   IBUF (Prop_ibuf_I_O)         1.388     1.388 r  clk_IBUF_inst/O
                         net (fo=1, routed)           1.862     3.250    clk_IBUF
    BUFGCTRL_X0Y0        BUFG (Prop_bufg_I_O)         0.091     3.341 r  clk_IBUF_BUFG_inst/O
                         net (fo=17251, routed)       1.487     4.828    u_sys/inst_kera_mem/clk_IBUF_BUFG
    RAMB36_X1Y6          RAMB36E1                                     r  u_sys/inst_kera_mem/omem_reg_1/CLKARDCLK

Slack:                    inf
  Source:                 sw[6]
                            (input port)
  Destination:            u_sys/inst_kera_mem/omem_reg_5/ADDRARDADDR[8]
                            (rising edge-triggered cell RAMB36E1 clocked by sys_clk_pin  {rise@0.000ns fall@5.000ns period=10.000ns})
  Path Group:             (none)
  Path Type:              Setup (Max at Slow Process Corner)
  Data Path Delay:        5.201ns  (logic 1.450ns (27.873%)  route 3.752ns (72.127%))
  Logic Levels:           1  (IBUF=1)
  Clock Path Skew:        4.832ns (DCD - SCD + CPR)
    Destination Clock Delay (DCD):    4.832ns
    Source Clock Delay      (SCD):    0.000ns
    Clock Pessimism Removal (CPR):    0.000ns
  Clock Uncertainty:      0.025ns  ((TSJ^2 + TIJ^2)^1/2 + DJ) / 2 + PE
    Total System Jitter     (TSJ):    0.050ns
    Total Input Jitter      (TIJ):    0.000ns
    Discrete Jitter          (DJ):    0.000ns
    Phase Error              (PE):    0.000ns

    Location             Delay type                Incr(ns)  Path(ns)    Netlist Resource(s)
  -------------------------------------------------------------------    -------------------
    W14                                               0.000     0.000 r  sw[6] (IN)
                         net (fo=0)                   0.000     0.000    sw[6]
    W14                  IBUF (Prop_ibuf_I_O)         1.450     1.450 r  sw_IBUF[6]_inst/O
                         net (fo=9, routed)           3.752     5.201    u_sys/inst_kera_mem/omem_reg_7_0[6]
    RAMB36_X1Y7          RAMB36E1                                     r  u_sys/inst_kera_mem/omem_reg_5/ADDRARDADDR[8]
  -------------------------------------------------------------------    -------------------

                         (clock sys_clk_pin rise edge)
                                                      0.000     0.000 r  
    W5                                                0.000     0.000 r  clk (IN)
                         net (fo=0)                   0.000     0.000    clk
    W5                   IBUF (Prop_ibuf_I_O)         1.388     1.388 r  clk_IBUF_inst/O
                         net (fo=1, routed)           1.862     3.250    clk_IBUF
    BUFGCTRL_X0Y0        BUFG (Prop_bufg_I_O)         0.091     3.341 r  clk_IBUF_BUFG_inst/O
                         net (fo=17251, routed)       1.491     4.832    u_sys/inst_kera_mem/clk_IBUF_BUFG
    RAMB36_X1Y7          RAMB36E1                                     r  u_sys/inst_kera_mem/omem_reg_5/CLKARDCLK

Slack:                    inf
  Source:                 sw[8]
                            (input port)
  Destination:            u_sys/inst_kera_mem/omem_reg_2/ADDRARDADDR[10]
                            (rising edge-triggered cell RAMB36E1 clocked by sys_clk_pin  {rise@0.000ns fall@5.000ns period=10.000ns})
  Path Group:             (none)
  Path Type:              Setup (Max at Slow Process Corner)
  Data Path Delay:        5.063ns  (logic 1.454ns (28.729%)  route 3.608ns (71.271%))
  Logic Levels:           1  (IBUF=1)
  Clock Path Skew:        4.831ns (DCD - SCD + CPR)
    Destination Clock Delay (DCD):    4.831ns
    Source Clock Delay      (SCD):    0.000ns
    Clock Pessimism Removal (CPR):    0.000ns
  Clock Uncertainty:      0.025ns  ((TSJ^2 + TIJ^2)^1/2 + DJ) / 2 + PE
    Total System Jitter     (TSJ):    0.050ns
    Total Input Jitter      (TIJ):    0.000ns
    Discrete Jitter          (DJ):    0.000ns
    Phase Error              (PE):    0.000ns

    Location             Delay type                Incr(ns)  Path(ns)    Netlist Resource(s)
  -------------------------------------------------------------------    -------------------
    V2                                                0.000     0.000 r  sw[8] (IN)
                         net (fo=0)                   0.000     0.000    sw[8]
    V2                   IBUF (Prop_ibuf_I_O)         1.454     1.454 r  sw_IBUF[8]_inst/O
                         net (fo=9, routed)           3.608     5.063    u_sys/inst_kera_mem/omem_reg_7_0[8]
    RAMB36_X0Y7          RAMB36E1                                     r  u_sys/inst_kera_mem/omem_reg_2/ADDRARDADDR[10]
  -------------------------------------------------------------------    -------------------

                         (clock sys_clk_pin rise edge)
                                                      0.000     0.000 r  
    W5                                                0.000     0.000 r  clk (IN)
                         net (fo=0)                   0.000     0.000    clk
    W5                   IBUF (Prop_ibuf_I_O)         1.388     1.388 r  clk_IBUF_inst/O
                         net (fo=1, routed)           1.862     3.250    clk_IBUF
    BUFGCTRL_X0Y0        BUFG (Prop_bufg_I_O)         0.091     3.341 r  clk_IBUF_BUFG_inst/O
                         net (fo=17251, routed)       1.490     4.831    u_sys/inst_kera_mem/clk_IBUF_BUFG
    RAMB36_X0Y7          RAMB36E1                                     r  u_sys/inst_kera_mem/omem_reg_2/CLKARDCLK





Min Delay Paths
--------------------------------------------------------------------------------------
Slack:                    inf
  Source:                 btnC
                            (input port)
  Destination:            btnC_q_reg/D
                            (rising edge-triggered cell FDRE clocked by sys_clk_pin  {rise@0.000ns fall@5.000ns period=10.000ns})
  Path Group:             (none)
  Path Type:              Hold (Min at Fast Process Corner)
  Data Path Delay:        0.563ns  (logic 0.210ns (37.241%)  route 0.353ns (62.759%))
  Logic Levels:           1  (IBUF=1)
  Clock Path Skew:        1.985ns (DCD - SCD - CPR)
    Destination Clock Delay (DCD):    1.985ns
    Source Clock Delay      (SCD):    0.000ns
    Clock Pessimism Removal (CPR):    -0.000ns

    Location             Delay type                Incr(ns)  Path(ns)    Netlist Resource(s)
  -------------------------------------------------------------------    -------------------
    U18                                               0.000     0.000 r  btnC (IN)
                         net (fo=0)                   0.000     0.000    btnC
    U18                  IBUF (Prop_ibuf_I_O)         0.210     0.210 r  btnC_IBUF_inst/O
                         net (fo=1, routed)           0.353     0.563    btnC_IBUF
    SLICE_X5Y15          FDRE                                         r  btnC_q_reg/D
  -------------------------------------------------------------------    -------------------

                         (clock sys_clk_pin rise edge)
                                                      0.000     0.000 r  
    W5                                                0.000     0.000 r  clk (IN)
                         net (fo=0)                   0.000     0.000    clk
    W5                   IBUF (Prop_ibuf_I_O)         0.414     0.414 r  clk_IBUF_inst/O
                         net (fo=1, routed)           0.685     1.099    clk_IBUF
    BUFGCTRL_X0Y0        BUFG (Prop_bufg_I_O)         0.029     1.128 r  clk_IBUF_BUFG_inst/O
                         net (fo=17251, routed)       0.858     1.985    clk_IBUF_BUFG
    SLICE_X5Y15          FDRE                                         r  btnC_q_reg/C

Slack:                    inf
  Source:                 sw[1]
                            (input port)
  Destination:            u_sys/inst_kera_mem/res_word_reg[1]/D
                            (rising edge-triggered cell FDRE clocked by sys_clk_pin  {rise@0.000ns fall@5.000ns period=10.000ns})
  Path Group:             (none)
  Path Type:              Hold (Min at Fast Process Corner)
  Data Path Delay:        0.661ns  (logic 0.229ns (34.717%)  route 0.431ns (65.283%))
  Logic Levels:           1  (IBUF=1)
  Clock Path Skew:        1.985ns (DCD - SCD - CPR)
    Destination Clock Delay (DCD):    1.985ns
    Source Clock Delay      (SCD):    0.000ns
    Clock Pessimism Removal (CPR):    -0.000ns

    Location             Delay type                Incr(ns)  Path(ns)    Netlist Resource(s)
  -------------------------------------------------------------------    -------------------
    V16                                               0.000     0.000 r  sw[1] (IN)
                         net (fo=0)                   0.000     0.000    sw[1]
    V16                  IBUF (Prop_ibuf_I_O)         0.229     0.229 r  sw_IBUF[1]_inst/O
                         net (fo=2, routed)           0.431     0.661    u_sys/inst_kera_mem/omem_reg_7_0[1]
    SLICE_X7Y15          FDRE                                         r  u_sys/inst_kera_mem/res_word_reg[1]/D
  -------------------------------------------------------------------    -------------------

                         (clock sys_clk_pin rise edge)
                                                      0.000     0.000 r  
    W5                                                0.000     0.000 r  clk (IN)
                         net (fo=0)                   0.000     0.000    clk
    W5                   IBUF (Prop_ibuf_I_O)         0.414     0.414 r  clk_IBUF_inst/O
                         net (fo=1, routed)           0.685     1.099    clk_IBUF
    BUFGCTRL_X0Y0        BUFG (Prop_bufg_I_O)         0.029     1.128 r  clk_IBUF_BUFG_inst/O
                         net (fo=17251, routed)       0.858     1.985    u_sys/inst_kera_mem/clk_IBUF_BUFG
    SLICE_X7Y15          FDRE                                         r  u_sys/inst_kera_mem/res_word_reg[1]/C

Slack:                    inf
  Source:                 sw[0]
                            (input port)
  Destination:            u_sys/inst_kera_mem/res_word_reg[0]/D
                            (rising edge-triggered cell FDRE clocked by sys_clk_pin  {rise@0.000ns fall@5.000ns period=10.000ns})
  Path Group:             (none)
  Path Type:              Hold (Min at Fast Process Corner)
  Data Path Delay:        0.737ns  (logic 0.221ns (29.993%)  route 0.516ns (70.007%))
  Logic Levels:           1  (IBUF=1)
  Clock Path Skew:        1.961ns (DCD - SCD - CPR)
    Destination Clock Delay (DCD):    1.961ns
    Source Clock Delay      (SCD):    0.000ns
    Clock Pessimism Removal (CPR):    -0.000ns

    Location             Delay type                Incr(ns)  Path(ns)    Netlist Resource(s)
  -------------------------------------------------------------------    -------------------
    V17                                               0.000     0.000 r  sw[0] (IN)
                         net (fo=0)                   0.000     0.000    sw[0]
    V17                  IBUF (Prop_ibuf_I_O)         0.221     0.221 r  sw_IBUF[0]_inst/O
                         net (fo=2, routed)           0.516     0.737    u_sys/inst_kera_mem/omem_reg_7_0[0]
    SLICE_X8Y11          FDRE                                         r  u_sys/inst_kera_mem/res_word_reg[0]/D
  -------------------------------------------------------------------    -------------------

                         (clock sys_clk_pin rise edge)
                                                      0.000     0.000 r  
    W5                                                0.000     0.000 r  clk (IN)
                         net (fo=0)                   0.000     0.000    clk
    W5                   IBUF (Prop_ibuf_I_O)         0.414     0.414 r  clk_IBUF_inst/O
                         net (fo=1, routed)           0.685     1.099    clk_IBUF
    BUFGCTRL_X0Y0        BUFG (Prop_bufg_I_O)         0.029     1.128 r  clk_IBUF_BUFG_inst/O
                         net (fo=17251, routed)       0.834     1.961    u_sys/inst_kera_mem/clk_IBUF_BUFG
    SLICE_X8Y11          FDRE                                         r  u_sys/inst_kera_mem/res_word_reg[0]/C

Slack:                    inf
  Source:                 sw[2]
                            (input port)
  Destination:            u_sys/inst_kera_mem/res_word_reg[2]/D
                            (rising edge-triggered cell FDRE clocked by sys_clk_pin  {rise@0.000ns fall@5.000ns period=10.000ns})
  Path Group:             (none)
  Path Type:              Hold (Min at Fast Process Corner)
  Data Path Delay:        0.748ns  (logic 0.232ns (31.008%)  route 0.516ns (68.992%))
  Logic Levels:           1  (IBUF=1)
  Clock Path Skew:        1.961ns (DCD - SCD - CPR)
    Destination Clock Delay (DCD):    1.961ns
    Source Clock Delay      (SCD):    0.000ns
    Clock Pessimism Removal (CPR):    -0.000ns

    Location             Delay type                Incr(ns)  Path(ns)    Netlist Resource(s)
  -------------------------------------------------------------------    -------------------
    W16                                               0.000     0.000 r  sw[2] (IN)
                         net (fo=0)                   0.000     0.000    sw[2]
    W16                  IBUF (Prop_ibuf_I_O)         0.232     0.232 r  sw_IBUF[2]_inst/O
                         net (fo=2, routed)           0.516     0.748    u_sys/inst_kera_mem/omem_reg_7_0[2]
    SLICE_X8Y10          FDRE                                         r  u_sys/inst_kera_mem/res_word_reg[2]/D
  -------------------------------------------------------------------    -------------------

                         (clock sys_clk_pin rise edge)
                                                      0.000     0.000 r  
    W5                                                0.000     0.000 r  clk (IN)
                         net (fo=0)                   0.000     0.000    clk
    W5                   IBUF (Prop_ibuf_I_O)         0.414     0.414 r  clk_IBUF_inst/O
                         net (fo=1, routed)           0.685     1.099    clk_IBUF
    BUFGCTRL_X0Y0        BUFG (Prop_bufg_I_O)         0.029     1.128 r  clk_IBUF_BUFG_inst/O
                         net (fo=17251, routed)       0.834     1.961    u_sys/inst_kera_mem/clk_IBUF_BUFG
    SLICE_X8Y10          FDRE                                         r  u_sys/inst_kera_mem/res_word_reg[2]/C

Slack:                    inf
  Source:                 sw[4]
                            (input port)
  Destination:            u_sys/inst_kera_mem/omem_reg_3/ADDRARDADDR[6]
                            (rising edge-triggered cell RAMB36E1 clocked by sys_clk_pin  {rise@0.000ns fall@5.000ns period=10.000ns})
  Path Group:             (none)
  Path Type:              Hold (Min at Fast Process Corner)
  Data Path Delay:        0.971ns  (logic 0.219ns (22.540%)  route 0.752ns (77.460%))
  Logic Levels:           1  (IBUF=1)
  Clock Path Skew:        1.991ns (DCD - SCD - CPR)
    Destination Clock Delay (DCD):    1.991ns
    Source Clock Delay      (SCD):    0.000ns
    Clock Pessimism Removal (CPR):    -0.000ns

    Location             Delay type                Incr(ns)  Path(ns)    Netlist Resource(s)
  -------------------------------------------------------------------    -------------------
    W15                                               0.000     0.000 r  sw[4] (IN)
                         net (fo=0)                   0.000     0.000    sw[4]
    W15                  IBUF (Prop_ibuf_I_O)         0.219     0.219 r  sw_IBUF[4]_inst/O
                         net (fo=9, routed)           0.752     0.971    u_sys/inst_kera_mem/omem_reg_7_0[4]
    RAMB36_X0Y4          RAMB36E1                                     r  u_sys/inst_kera_mem/omem_reg_3/ADDRARDADDR[6]
  -------------------------------------------------------------------    -------------------

                         (clock sys_clk_pin rise edge)
                                                      0.000     0.000 r  
    W5                                                0.000     0.000 r  clk (IN)
                         net (fo=0)                   0.000     0.000    clk
    W5                   IBUF (Prop_ibuf_I_O)         0.414     0.414 r  clk_IBUF_inst/O
                         net (fo=1, routed)           0.685     1.099    clk_IBUF
    BUFGCTRL_X0Y0        BUFG (Prop_bufg_I_O)         0.029     1.128 r  clk_IBUF_BUFG_inst/O
                         net (fo=17251, routed)       0.863     1.991    u_sys/inst_kera_mem/clk_IBUF_BUFG
    RAMB36_X0Y4          RAMB36E1                                     r  u_sys/inst_kera_mem/omem_reg_3/CLKARDCLK

Slack:                    inf
  Source:                 sw[6]
                            (input port)
  Destination:            u_sys/inst_kera_mem/omem_reg_3/ADDRARDADDR[8]
                            (rising edge-triggered cell RAMB36E1 clocked by sys_clk_pin  {rise@0.000ns fall@5.000ns period=10.000ns})
  Path Group:             (none)
  Path Type:              Hold (Min at Fast Process Corner)
  Data Path Delay:        0.981ns  (logic 0.218ns (22.219%)  route 0.763ns (77.781%))
  Logic Levels:           1  (IBUF=1)
  Clock Path Skew:        1.991ns (DCD - SCD - CPR)
    Destination Clock Delay (DCD):    1.991ns
    Source Clock Delay      (SCD):    0.000ns
    Clock Pessimism Removal (CPR):    -0.000ns

    Location             Delay type                Incr(ns)  Path(ns)    Netlist Resource(s)
  -------------------------------------------------------------------    -------------------
    W14                                               0.000     0.000 r  sw[6] (IN)
                         net (fo=0)                   0.000     0.000    sw[6]
    W14                  IBUF (Prop_ibuf_I_O)         0.218     0.218 r  sw_IBUF[6]_inst/O
                         net (fo=9, routed)           0.763     0.981    u_sys/inst_kera_mem/omem_reg_7_0[6]
    RAMB36_X0Y4          RAMB36E1                                     r  u_sys/inst_kera_mem/omem_reg_3/ADDRARDADDR[8]
  -------------------------------------------------------------------    -------------------

                         (clock sys_clk_pin rise edge)
                                                      0.000     0.000 r  
    W5                                                0.000     0.000 r  clk (IN)
                         net (fo=0)                   0.000     0.000    clk
    W5                   IBUF (Prop_ibuf_I_O)         0.414     0.414 r  clk_IBUF_inst/O
                         net (fo=1, routed)           0.685     1.099    clk_IBUF
    BUFGCTRL_X0Y0        BUFG (Prop_bufg_I_O)         0.029     1.128 r  clk_IBUF_BUFG_inst/O
                         net (fo=17251, routed)       0.863     1.991    u_sys/inst_kera_mem/clk_IBUF_BUFG
    RAMB36_X0Y4          RAMB36E1                                     r  u_sys/inst_kera_mem/omem_reg_3/CLKARDCLK

Slack:                    inf
  Source:                 sw[5]
                            (input port)
  Destination:            u_sys/inst_kera_mem/omem_reg_3/ADDRARDADDR[7]
                            (rising edge-triggered cell RAMB36E1 clocked by sys_clk_pin  {rise@0.000ns fall@5.000ns period=10.000ns})
  Path Group:             (none)
  Path Type:              Hold (Min at Fast Process Corner)
  Data Path Delay:        0.981ns  (logic 0.234ns (23.855%)  route 0.747ns (76.145%))
  Logic Levels:           1  (IBUF=1)
  Clock Path Skew:        1.991ns (DCD - SCD - CPR)
    Destination Clock Delay (DCD):    1.991ns
    Source Clock Delay      (SCD):    0.000ns
    Clock Pessimism Removal (CPR):    -0.000ns

    Location             Delay type                Incr(ns)  Path(ns)    Netlist Resource(s)
  -------------------------------------------------------------------    -------------------
    V15                                               0.000     0.000 r  sw[5] (IN)
                         net (fo=0)                   0.000     0.000    sw[5]
    V15                  IBUF (Prop_ibuf_I_O)         0.234     0.234 r  sw_IBUF[5]_inst/O
                         net (fo=9, routed)           0.747     0.981    u_sys/inst_kera_mem/omem_reg_7_0[5]
    RAMB36_X0Y4          RAMB36E1                                     r  u_sys/inst_kera_mem/omem_reg_3/ADDRARDADDR[7]
  -------------------------------------------------------------------    -------------------

                         (clock sys_clk_pin rise edge)
                                                      0.000     0.000 r  
    W5                                                0.000     0.000 r  clk (IN)
                         net (fo=0)                   0.000     0.000    clk
    W5                   IBUF (Prop_ibuf_I_O)         0.414     0.414 r  clk_IBUF_inst/O
                         net (fo=1, routed)           0.685     1.099    clk_IBUF
    BUFGCTRL_X0Y0        BUFG (Prop_bufg_I_O)         0.029     1.128 r  clk_IBUF_BUFG_inst/O
                         net (fo=17251, routed)       0.863     1.991    u_sys/inst_kera_mem/clk_IBUF_BUFG
    RAMB36_X0Y4          RAMB36E1                                     r  u_sys/inst_kera_mem/omem_reg_3/CLKARDCLK

Slack:                    inf
  Source:                 sw[10]
                            (input port)
  Destination:            u_sys/inst_kera_mem/omem_reg_5/ADDRARDADDR[12]
                            (rising edge-triggered cell RAMB36E1 clocked by sys_clk_pin  {rise@0.000ns fall@5.000ns period=10.000ns})
  Path Group:             (none)
  Path Type:              Hold (Min at Fast Process Corner)
  Data Path Delay:        0.986ns  (logic 0.226ns (22.924%)  route 0.760ns (77.076%))
  Logic Levels:           1  (IBUF=1)
  Clock Path Skew:        2.004ns (DCD - SCD - CPR)
    Destination Clock Delay (DCD):    2.004ns
    Source Clock Delay      (SCD):    0.000ns
    Clock Pessimism Removal (CPR):    -0.000ns

    Location             Delay type                Incr(ns)  Path(ns)    Netlist Resource(s)
  -------------------------------------------------------------------    -------------------
    T2                                                0.000     0.000 r  sw[10] (IN)
                         net (fo=0)                   0.000     0.000    sw[10]
    T2                   IBUF (Prop_ibuf_I_O)         0.226     0.226 r  sw_IBUF[10]_inst/O
                         net (fo=8, routed)           0.760     0.986    u_sys/inst_kera_mem/sw_IBUF[0]
    RAMB36_X1Y7          RAMB36E1                                     r  u_sys/inst_kera_mem/omem_reg_5/ADDRARDADDR[12]
  -------------------------------------------------------------------    -------------------

                         (clock sys_clk_pin rise edge)
                                                      0.000     0.000 r  
    W5                                                0.000     0.000 r  clk (IN)
                         net (fo=0)                   0.000     0.000    clk
    W5                   IBUF (Prop_ibuf_I_O)         0.414     0.414 r  clk_IBUF_inst/O
                         net (fo=1, routed)           0.685     1.099    clk_IBUF
    BUFGCTRL_X0Y0        BUFG (Prop_bufg_I_O)         0.029     1.128 r  clk_IBUF_BUFG_inst/O
                         net (fo=17251, routed)       0.876     2.004    u_sys/inst_kera_mem/clk_IBUF_BUFG
    RAMB36_X1Y7          RAMB36E1                                     r  u_sys/inst_kera_mem/omem_reg_5/CLKARDCLK

Slack:                    inf
  Source:                 sw[9]
                            (input port)
  Destination:            u_sys/inst_kera_mem/omem_reg_5/ADDRARDADDR[11]
                            (rising edge-triggered cell RAMB36E1 clocked by sys_clk_pin  {rise@0.000ns fall@5.000ns period=10.000ns})
  Path Group:             (none)
  Path Type:              Hold (Min at Fast Process Corner)
  Data Path Delay:        1.003ns  (logic 0.220ns (21.972%)  route 0.782ns (78.028%))
  Logic Levels:           1  (IBUF=1)
  Clock Path Skew:        2.004ns (DCD - SCD - CPR)
    Destination Clock Delay (DCD):    2.004ns
    Source Clock Delay      (SCD):    0.000ns
    Clock Pessimism Removal (CPR):    -0.000ns

    Location             Delay type                Incr(ns)  Path(ns)    Netlist Resource(s)
  -------------------------------------------------------------------    -------------------
    T3                                                0.000     0.000 r  sw[9] (IN)
                         net (fo=0)                   0.000     0.000    sw[9]
    T3                   IBUF (Prop_ibuf_I_O)         0.220     0.220 r  sw_IBUF[9]_inst/O
                         net (fo=9, routed)           0.782     1.003    u_sys/inst_kera_mem/omem_reg_7_0[9]
    RAMB36_X1Y7          RAMB36E1                                     r  u_sys/inst_kera_mem/omem_reg_5/ADDRARDADDR[11]
  -------------------------------------------------------------------    -------------------

                         (clock sys_clk_pin rise edge)
                                                      0.000     0.000 r  
    W5                                                0.000     0.000 r  clk (IN)
                         net (fo=0)                   0.000     0.000    clk
    W5                   IBUF (Prop_ibuf_I_O)         0.414     0.414 r  clk_IBUF_inst/O
                         net (fo=1, routed)           0.685     1.099    clk_IBUF
    BUFGCTRL_X0Y0        BUFG (Prop_bufg_I_O)         0.029     1.128 r  clk_IBUF_BUFG_inst/O
                         net (fo=17251, routed)       0.876     2.004    u_sys/inst_kera_mem/clk_IBUF_BUFG
    RAMB36_X1Y7          RAMB36E1                                     r  u_sys/inst_kera_mem/omem_reg_5/CLKARDCLK

Slack:                    inf
  Source:                 sw[7]
                            (input port)
  Destination:            u_sys/inst_kera_mem/omem_reg_3/ADDRARDADDR[9]
                            (rising edge-triggered cell RAMB36E1 clocked by sys_clk_pin  {rise@0.000ns fall@5.000ns period=10.000ns})
  Path Group:             (none)
  Path Type:              Hold (Min at Fast Process Corner)
  Data Path Delay:        1.019ns  (logic 0.227ns (22.277%)  route 0.792ns (77.723%))
  Logic Levels:           1  (IBUF=1)
  Clock Path Skew:        1.991ns (DCD - SCD - CPR)
    Destination Clock Delay (DCD):    1.991ns
    Source Clock Delay      (SCD):    0.000ns
    Clock Pessimism Removal (CPR):    -0.000ns

    Location             Delay type                Incr(ns)  Path(ns)    Netlist Resource(s)
  -------------------------------------------------------------------    -------------------
    W13                                               0.000     0.000 r  sw[7] (IN)
                         net (fo=0)                   0.000     0.000    sw[7]
    W13                  IBUF (Prop_ibuf_I_O)         0.227     0.227 r  sw_IBUF[7]_inst/O
                         net (fo=9, routed)           0.792     1.019    u_sys/inst_kera_mem/omem_reg_7_0[7]
    RAMB36_X0Y4          RAMB36E1                                     r  u_sys/inst_kera_mem/omem_reg_3/ADDRARDADDR[9]
  -------------------------------------------------------------------    -------------------

                         (clock sys_clk_pin rise edge)
                                                      0.000     0.000 r  
    W5                                                0.000     0.000 r  clk (IN)
                         net (fo=0)                   0.000     0.000    clk
    W5                   IBUF (Prop_ibuf_I_O)         0.414     0.414 r  clk_IBUF_inst/O
                         net (fo=1, routed)           0.685     1.099    clk_IBUF
    BUFGCTRL_X0Y0        BUFG (Prop_bufg_I_O)         0.029     1.128 r  clk_IBUF_BUFG_inst/O
                         net (fo=17251, routed)       0.863     1.991    u_sys/inst_kera_mem/clk_IBUF_BUFG
    RAMB36_X0Y4          RAMB36E1                                     r  u_sys/inst_kera_mem/omem_reg_3/CLKARDCLK





